step,time_sec,steer_norm,steer_rad,cte_m,cte_ft,speed_mph,x,y,yaw
0,0.0,-0.002551009121100146,-0.0031165678432480484,-0.0008835552150521361,-0.0028988032917516503,19.722482208854483,-401.6217346191406,12.804125785827637,179.741943359375
1,0.2,-0.000701924176374852,-0.0008575407662771567,0.0005086979395087458,0.0016689565478578735,20.091395187929145,-403.4151916503906,12.814266204833984,179.65066528320312
2,0.4,0.00039653793716228997,0.00048445039783116963,0.0007040787046266378,0.002309969577287258,19.333508231581938,-405.1803283691406,12.825420379638672,179.6037139892578
3,0.6,0.0011799046217385995,0.001441489476378047,5.3148268671062435e-05,0.00017437096578676848,18.187136628978315,-406.85552978515625,12.83684253692627,179.57659912109375
4,0.8,0.0007498263480526898,0.0009160628494159712,-0.00019237926138055295,-0.0006311655759077733,17.41764329884512,-408.43658447265625,12.84725570678711,179.5960235595703
5,1.0,2.246332950730325e-05,2.744344965907238e-05,0.0002820831737653257,0.0009254697598162313,18.065600013588792,-410.0115051269531,12.856907844543457,179.626953125
6,1.2,-0.000655403215278748,-0.0008007061081060465,0.0010256320759314697,0.003364934739999003,19.76748626906891,-411.7052917480469,12.86705493927002,179.63619995117188
7,1.4,-0.000254598365668573,-0.0003110428233372956,0.0013842679051847646,0.004541561514046383,20.84054059652232,-413.53472900390625,12.878459930419922,179.61697387695312
8,1.6,0.0001992046792828334,0.00024336835667983757,0.00130161592019587,0.004270393575615418,20.64594662961644,-415.3974914550781,12.890521049499512,179.6017608642578
9,1.8,0.00023343104517970943,0.000285182707896051,0.001195441202846228,0.003922051315946019,19.792857507954718,-417.2046813964844,12.902247428894043,179.60275268554688
10,2.0,6.58725108742448e-05,8.047644653506487e-05,0.001284906487204254,0.004215572599479205,19.041932257460605,-418.9351806640625,12.913286209106445,179.60958862304688
11,2.2,-0.0008550567525317813,-0.0010446228345680772,0.001596043940712313,0.005236364802446585,18.594621967141034,-420.6150817871094,12.923776626586914,179.6174774169922
12,2.4,-0.010364005091938869,-0.012661705020821716,0.0007785551637004085,0.0025543149232748483,18.730742524763855,-422.275146484375,12.934609413146973,179.60009765625
13,2.6,-0.021329213275327195,-0.026057899858467234,-0.022111984778546298,-0.07254588414084584,19.81035743249683,-423.9965515136719,12.953197479248047,179.32699584960938
14,2.8,-0.025791858688292073,-0.031509913759486426,-0.010207890588987883,-0.03349045575997501,20.743054783539932,-425.8175964355469,12.991909980773926,178.65267944335938
15,3.0,-0.03536422188094709,-0.04320446987195306,-0.009739717044355944,-0.03195445326780476,20.81088152154187,-427.6814880371094,13.058856964111328,177.7262725830078
16,3.2,-0.03786345154512367,-0.046257778752677586,-0.006734430400132324,-0.022094588633970135,20.238258589569817,-429.5149230957031,13.161125183105469,176.50244140625
17,3.4,-0.03556343126632372,-0.04344784397806769,-0.009827950580191255,-0.032243933381514676,19.605654542214307,-431.287109375,13.301741600036621,175.14060974121094
18,3.6,-0.03321551172705789,-0.040579390676946624,-0.02046888300500839,-0.06715513011815173,19.341675715973278,-433.0143127441406,13.479662895202637,173.83518981933594
19,3.8,-0.032722165837601895,-0.03997667000379824,-0.0016297367199162305,-0.0053469054201699655,19.58605642093533,-434.7381896972656,13.695636749267578,172.6201629638672
20,4.0,-0.03267261557003619,-0.03991613444191321,-0.006120092978788905,-0.02007904584852979,20.065990127021816,-436.49322509765625,13.952980995178223,171.4272003173828
21,4.2,-0.03330283932256297,-0.04068607880037518,-0.01105621695875548,-0.03627367884696333,20.349185497137736,-438.27850341796875,14.252522468566895,170.21847534179688
22,4.4,-0.03372991336957693,-0.041207835163612136,-0.016537729338312025,-0.05425764392230763,20.27851822604438,-440.0652160644531,14.591093063354492,168.98260498046875
23,4.6,-0.03368132355463565,-0.041148472986698374,-0.024165291397547195,-0.07928245462872874,20.008303643871525,-441.826904296875,14.964519500732422,167.73440551757812
24,4.8,-0.034332040477470224,-0.04194345385132538,-0.002029683812636879,-0.0066590678398515775,19.782040273342346,-443.55682373046875,15.370845794677734,166.49618530273438
25,5.0,-0.03344960281851671,-0.040865379763381865,-0.0045509516034629716,-0.014930944058705455,19.751054183577562,-445.2662353515625,15.812217712402344,165.25210571289062
26,5.2,-0.032967885246480526,-0.04027686540562526,-0.010224594438128287,-0.03354525841638881,19.899195391736903,-446.9720458984375,16.292247772216797,164.0242156982422
27,5.4,-0.03308278050877544,-0.04041723294757095,-0.017756035852915422,-0.05825471266767903,20.076503580041454,-448.68255615234375,16.812957763671875,162.8092803955078
28,5.6,-0.03335902080374451,-0.04075471571593467,-0.026535336269379484,-0.08705819264603099,20.143591632141618,-450.3924255371094,17.37318229675293,161.58839416503906
29,5.8,-0.034289751999820525,-0.04189179001818074,-0.003320439154119559,-0.010893829594401614,20.080788347069582,-452.0895080566406,17.96955680847168,160.3570556640625
30,6.0,-0.033920216746871006,-0.04144032879965231,-0.004765878626103032,-0.01563608523166387,19.96779087020743,-453.7649230957031,18.599702835083008,159.10256958007812
31,6.2,-0.03332143224385955,-0.04070879377232321,-0.009406683037682911,-0.030861821977351604,19.89952843487584,-455.41815185546875,19.263208389282227,157.85336303710938
32,6.4,-0.03310811560843451,-0.040448184838824446,-0.016822975756542596,-0.055193491781095214,19.915946488865174,-457.0548400878906,19.961429595947266,156.62564086914062
33,6.6,-0.03316370794672193,-0.04051610199851018,-0.026420205050802392,-0.08668046553887453,19.986072190554218,-458.6802673339844,20.69622039794922,155.4084014892578
34,6.8,-0.03393597024021511,-0.0414595748424708,-0.0036266322969895626,-0.011898400305255236,20.045740093589785,-460.2953796386719,21.46807289123535,154.188720703125
35,7.0,-0.03388216142588239,-0.04139383661400052,-0.005267094627418145,-0.017280494737418547,20.053693901850707,-461.896240234375,22.275897979736328,152.94606018066406
36,7.2,-0.03350508932858036,-0.04093316763272663,-0.009614437830106327,-0.031543432210526044,20.017762412713722,-463.4776611328125,23.11758041381836,151.69679260253906
37,7.4,-0.03327297584318136,-0.04064959458761467,-0.016540711912141404,-0.054267429269830005,19.97540030269982,-465.0371398925781,23.991403579711914,150.4591522216797
38,7.6,-0.033224700835425634,-0.0405906170106395,-0.025848967773791975,-0.08480632743096767,19.959264683358032,-466.5752258300781,24.89713478088379,149.23330688476562
39,7.8,-0.03391719955277947,-0.041436642693630676,-0.0032991406111450017,-0.010823952482668967,19.975187308546705,-468.0936584472656,25.835609436035156,148.0119171142578
40,8.0,-0.03375505014949477,-0.04123854476763776,-0.005217983844607255,-0.017119370116741264,20.00381992061172,-469.5934753417969,26.80784797668457,146.77256774902344
41,8.2,-0.03342197017239911,-0.040831620959619994,-0.00983229477222207,-0.03225818598049705,20.0215495426789,-471.0735778808594,27.813589096069336,145.52902221679688
42,8.4,-0.033280533362667286,-0.040658827609170625,-0.01676319062798376,-0.05499734633991424,20.018219471290603,-472.5322265625,28.851318359375,144.2943878173828
43,8.6,-0.033290316125312955,-0.04067077921029484,-0.025824225445325366,-0.08472515181004127,20.00153569025123,-473.9674987792969,29.919445037841797,143.06716918945312
44,8.8,-0.03401987955513196,-0.04156208685250471,-0.00317507481462026,-0.010416912454798734,19.987016773909094,-475.3782653808594,31.01711654663086,141.8421630859375
45,9.0,-0.0337489512877641,-0.041231093788261404,-0.005114052509037903,-0.016778388033751913,19.98461010555339,-476.764404296875,32.14460754394531,140.59913635253906
46,9.2,-0.033362672819586874,-0.04075917738368928,-0.009795162743629127,-0.03213636173580818,19.99363005661022,-478.1260070800781,33.30216598510742,139.35565185546875
47,9.4,-0.03324006300493908,-0.04060938497313407,-0.016815936594882425,-0.055170397417954056,20.00479558918708,-479.4632263183594,34.48942184448242,138.1238250732422
48,9.6,-0.03326892614963799,-0.04064464707701273,-0.02596480461792111,-0.08518636958266029,20.00939739684004,-480.7752380371094,35.70550537109375,136.89871215820312
49,9.8,-0.03403140942210158,-0.0415761728909815,-0.003207415346744902,-0.010523016566214544,20.00568624943474,-482.0609130859375,36.94934844970703,135.6742706298828
50,10.0,-0.033783271653262184,-0.04127302297879041,-0.005078532560321147,-0.016661852765204033,19.9981733511043,-483.3189697265625,38.22032928466797,134.43020629882812
51,10.2,-0.03339195211509267,-0.04079494789900871,-0.00968278622456907,-0.03176767235701519,19.99368532011958,-484.54876708984375,39.5179443359375,133.18515014648438
52,10.4,-0.033218978119227506,-0.04058362556826024,-0.01682531805464868,-0.055201176486413574,19.99482508069073,-485.7500915527344,40.841651916503906,131.95242309570312
53,10.6,-0.03324990661179638,-0.04062141090763164,-0.0260236530063942,-0.08537944172949834,19.9993808792447,-486.92315673828125,42.19098663330078,130.7279815673828
54,10.8,-0.034006864071118276,-0.0415461858356852,-0.003269457172730028,-0.010726565870579585,20.003154636568286,-488.06732177734375,43.56536865234375,129.5045623779297
55,11.0,-0.03377643664358413,-0.04126467264746673,-0.005157001754000551,-0.016919297634595168,20.00334911589553,-489.18157958984375,44.964324951171875,128.2614288330078
56,11.2,-0.03338887605327754,-0.04079118987428917,-0.009762959573100825,-0.032030708285812115,20.001039853506644,-490.26513671875,46.38706588745117,127.01651000976562
57,11.4,-0.033245270106373674,-0.04061574648895672,-0.016789535185651433,-0.055083778618492646,19.998581962693304,-491.3176574707031,47.83262634277344,125.78353118896484
58,11.6,-0.03326362785995211,-0.0406381741565035,-0.026012749128944745,-0.08534366785220708,19.997738974535274,-492.33892822265625,49.30027389526367,124.55841064453125
59,11.8,-0.034015214780002294,-0.0415563878967288,-0.003255470419974593,-0.010680677572669444,19.998714190843295,-493.3285827636719,50.7894172668457,123.33453369140625
60,12.0,-0.03377518092779357,-0.04126313853948541,-0.005122568793161669,-0.016806328599356532,20.000113334943478,-494.2858581542969,52.29972457885742,122.09127807617188
61,12.2,-0.03339881329432847,-0.040803330201681094,-0.009720547722875467,-0.031891561791118746,20.001155649105016,-495.2101745605469,53.83056640625,120.84636688232422
62,12.4,-0.033243294724385454,-0.04061333316478171,-0.016765028717401653,-0.055003376817200036,20.001192553517118,-496.101318359375,55.381004333496094,119.61308288574219
63,12.6,-0.033237562360519966,-0.040606329935847243,-0.02603891767012212,-0.08542952264884346,20.000384060499446,-496.95892333984375,56.950130462646484,118.38773345947266
64,12.8,-0.03400280792454761,-0.041541230441419816,-0.00325180461043012,-0.010668650638083555,19.99950447546043,-497.7829284667969,58.53715515136719,117.16437530517578
65,13.0,-0.03376818557556875,-0.041254592317672346,-0.005183571830483902,-0.017006469804324804,19.998935096536165,-498.572265625,60.14156723022461,115.92166137695312
66,13.2,-0.03339452114986764,-0.0407980864887933,-0.009756540004160128,-0.032009646707248714,19.9993735929231,-499.32666015625,61.76272964477539,114.67720031738281
67,13.4,-0.033271192669589465,-0.04064741608443745,-0.016684467651857243,-0.054739068850919316,20.000285148115896,-500.0460510253906,63.39984130859375,113.4442138671875
68,13.6,-0.03325671129786453,-0.0406297241926011,-0.02601287871054908,-0.08534409298871784,20.000816720313598,-500.7300720214844,65.05204772949219,112.21830749511719
69,13.8,-0.03399879323568577,-0.0415363256960373,-0.003258740768740609,-0.01069140706371494,20.000640548227825,-501.3786926269531,66.718505859375,110.99423217773438
70,14.0,-0.03376972360813081,-0.041256471332053415,-0.005141087619566581,-0.01686708590577882,19.999795039274026,-501.9910888671875,68.3985595703125,109.75141906738281
71,14.2,-0.03339655313146556,-0.04080056896071148,-0.009741713068849682,-0.03196100190480479,19.999419418526042,-502.5668640136719,70.0914535522461,108.5069351196289
72,14.4,-0.033234974049165436,-0.04060316779586542,-0.016845724622831237,-0.055268127171569634,19.99967302948058,-503.10595703125,71.7963638305664,107.27392578125
73,14.6,-0.03326504817560185,-0.040639909356132785,-0.026015856956111943,-0.08535386413589031,20.000172881619726,-503.6085510253906,73.51245880126953,106.04894256591797
74,14.8,-0.03400689047258037,-0.04154621809035144,-0.0032894538010143637,-0.010792171608519965,20.00045456854714,-504.07427978515625,75.23893737792969,104.82501983642578
75,15.0,-0.0337638036911438,-0.04124923896947038,-0.005174227773383486,-0.016975813448027476,20.000088034988558,-504.5025634765625,76.9750747680664,103.58187866210938
76,15.2,-0.03339449473189258,-0.04079805421395316,-0.009759388682506438,-0.03201899276511442,19.999862968858874,-504.89306640625,78.72007751464844,102.33738708496094
77,15.4,-0.033244169008362606,-0.040614401277516594,-0.016810306030455476,-0.05515192443695954,19.999915530058214,-505.2458801269531,80.47307586669922,101.10440063476562
78,15.6,-0.0332660091173087,-0.04064108333861603,-0.025987572022425964,-0.085261065794056,20.00007391448109,-505.56109619140625,82.23323822021484,99.87915802001953
79,15.8,-0.03401285708820005,-0.041553507504654,-0.00326012810719159,-0.010695958699198456,20.000166438959003,-505.8385925292969,83.999755859375,98.65505981445312
80,16.0,-0.033773902700238716,-0.04126157692888164,-0.00516868942616238,-0.016957643016930583,19.99988967620557,-506.0777893066406,85.77183532714844,97.41180419921875
81,16.2,-0.03337589764650208,-0.04077533415473159,-0.009819767373237606,-0.032217085588812866,19.99987935018559,-506.2784118652344,87.5487060546875,96.16703796386719
82,16.4,-0.033238569055369566,-0.040607559814945,-0.016847733560474868,-0.05527471817454836,20.000109176686497,-506.4407653808594,89.3294906616211,94.93445587158203
83,16.6,-0.0325297192701286,-0.03974155803231611,-0.026025818090105055,-0.08538654502274026,20.000256403365974,-506.56500244140625,91.1133804321289,93.70954132080078
84,16.8,-0.03292048751564271,-0.0402189595978607,-0.0027569846215660387,-0.009045225425818723,20.000488231627262,-506.65155029296875,92.89949035644531,92.50444793701172
85,17.0,-0.01770716531366975,-0.021632843863710335,-0.004428084453398989,-0.014527836598089539,20.000228159709078,-506.7004699707031,94.68701171875,91.29661560058594
86,17.2,-0.0019317930330494321,-0.0023600715484764913,-0.002210105582090901,-0.0072510027979471115,20.003799185030193,-506.72161865234375,96.47531127929688,90.47676849365234
87,17.4,0.0038601949859883703,0.004716000214381992,-0.003240675552767076,-0.010632137980540335,20.00563689973551,-506.73175048828125,98.26388549804688,90.22200012207031
88,17.6,0.002538636231322987,0.0031014518838072937,-0.0043322813098614354,-0.014213521812645792,20.00409473620061,-506.7418212890625,100.05245208740234,90.29033660888672
89,17.8,-1.184663475688411e-05,-1.4473033682485319e-05,-0.0028283236622019875,-0.00927927740389877,20.00107814475498,-506.7544860839844,101.84076690673828,90.39451599121094
90,18.0,-0.0011176402221638832,-0.0013654210594176161,-0.0003463465030864761,-0.0011363074611862342,19.99894944468343,-506.76812744140625,103.62884521484375,90.42265319824219
91,18.2,-0.0009959418041113157,-0.0012167421020827945,0.0016480255088035856,0.005406908010303156,19.998957009618135,-506.7812805175781,105.41681671142578,90.39491271972656
92,18.4,-0.0013440314822281173,-0.001642003261838091,0.0026345276192850245,0.00864346359445508,20.00049121814165,-506.7934265136719,107.20491790771484,90.35731506347656
93,18.6,0.0001961224560928645,0.00023960280460865257,0.0022467655671493452,0.007371278343326257,20.00192168154878,-506.80419921875,108.99317932128906,90.31111145019531
94,18.8,0.0008840299456901236,0.001080019384649624,0.001218004013288987,0.00399607628695904,20.002190209974035,-506.8143310546875,110.78146362304688,90.30150604248047
95,19.0,0.0004087244583359568,0.0004993386707490384,0.0009216976849127968,0.0030239426325693003,20.001264662785847,-506.8251953125,112.56974029541016,90.3256607055664
96,19.2,-9.82940401295032e-05,-0.00012008582882621407,0.0011448453381146112,0.003756054379099941,20.000031504227362,-506.8365783691406,114.35791015625,90.345458984375
97,19.4,-0.00023569492398540796,-0.0002879484886329729,0.0015513319320032766,0.00508967185579363,19.999405867400416,-506.84814453125,116.14603424072266,90.34759521484375
98,19.6,-0.00010821544328459648,-0.00013220680706079152,0.0016832757230992447,0.005522558323372926,19.99966329802389,-506.85943603515625,117.93415832519531,90.3405990600586
99,19.8,-1.2513628974818396e-05,-1.5287900518535633e-05,0.0018062631433764412,0.005926060371315163,20.0003695319302,-506.8707275390625,119.72228240966797,90.33515167236328
100,20.0,8.288839197206058e-06,1.0126474847226641e-05,0.0019775037877635313,0.006487873527046104,20.00085584036733,-506.88201904296875,121.51040649414062,90.33346557617188
101,20.2,-0.0004445143170493866,-0.0005430631411392356,0.0020785372290419313,0.00681934808252993,20.000794359071957,-506.8932800292969,123.298583984375,90.33346557617188
102,20.4,0.00013777501627347354,0.00016831973738130264,0.001722149209980259,0.005650096014071633,20.000321381781426,-506.9040832519531,125.08670806884766,90.32172393798828
103,20.6,0.0004301399557868995,0.0005255019839848551,0.0011826729373428033,0.003880160679751763,19.99989155268947,-506.9147033691406,126.87483215332031,90.32063293457031
104,20.8,0.0001393060048224498,0.0001701901460915869,0.0011925789081501715,0.003912660585015409,19.999775230924627,-506.9258728027344,128.66294860839844,90.33289337158203
105,21.0,-3.8327321373810804e-05,-4.682448852238466e-05,0.001232899510596371,0.004044946030344998,19.999951395655685,-506.93707275390625,130.45108032226562,90.34095001220703
106,21.2,-4.9968794837041664e-05,-6.10468766524138e-05,0.0013036590802415586,0.004277096856819715,20.000210503714957,-506.94830322265625,132.2392120361328,90.341552734375
107,21.4,-3.0368844477766877e-05,-3.7101617298487794e-05,0.0014355347980040268,0.004709759986683532,20.000338999188127,-506.9595947265625,134.02732849121094,90.33984375
108,21.6,-9.014199746914756e-06,-1.1012647830805756e-05,0.0015369196270896082,0.00504238738934067,20.000272757546625,-506.9708557128906,135.81546020507812,90.33841705322266
109,21.8,4.327500576399588e-06,5.286907454187377e-06,0.0016077412040687287,0.005274741651956848,20.000090722497198,-506.9820861816406,137.60357666015625,90.33773040771484
110,22.0,-1.7504642668909332e-06,-2.138542194860653e-06,0.0017091462063103411,0.00560743523951122,19.9999501435912,-506.99334716796875,139.39170837402344,90.33773040771484
111,22.2,-0.00036238314168825616,-0.00044272348420054257,0.0018105179878275361,0.005940019835184093,19.999932564099513,-507.0046081542969,141.17982482910156,90.33751678466797
112,22.4,1.1035572265189023e-05,1.348215863638143e-05,0.0016982074021407835,0.005571546773239568,20.00001314479061,-507.0156555175781,142.96795654296875,90.32795715332031
113,22.6,0.0003389203468319579,0.0004140589877246029,0.0011892077598348004,0.0039016003867764063,20.00012709605832,-507.02630615234375,144.75608825683594,90.3243637084961
114,22.8,0.00014392137291137385,0.00017582874128582545,0.0011990285899110208,0.003933820958923673,20.000175211654856,-507.0374755859375,146.54420471191406,90.33299255371094
115,23.0,-2.9425176086714878e-05,-3.5948737625139566e-05,0.0012697896478946504,0.0041659766683986845,20.000120683621173,-507.0487060546875,148.33233642578125,90.34016418457031
116,23.2,-3.591483016068263e-05,-4.387714800730597e-05,0.0013074655329538942,0.004289585219136454,20.000019709722135,-507.0599060058594,150.12045288085938,90.34095001220703
117,23.4,-2.6304929059288392e-05,-3.213673183173263e-05,0.001472513037782079,0.004831079674876956,19.999974408153935,-507.0711975097656,151.90858459472656,90.33971405029297
118,23.6,-1.0248300080730859e-05,-1.2520348208628891e-05,0.0015739987321661446,0.005164038000439974,19.999993644841783,-507.08245849609375,153.6967010498047,90.33853912353516
119,23.8,2.7954377458569504e-06,3.4151862941134363e-06,0.0016447194438467812,0.005396061340150273,20.000046129763447,-507.09368896484375,155.48483276367188,90.33785247802734
120,24.0,-0.00037307867082460826,-0.00045579021214642393,0.001746176366122328,0.005728925269028779,20.00008679456286,-507.1049499511719,157.27294921875,90.33769226074219
121,24.2,2.14411900374768e-05,2.619470186878541e-05,0.0016338829781501144,0.005360508630034021,20.000078744578957,-507.1159973144531,159.0610809326172,90.32787322998047
122,24.4,0.00034701182539275045,0.0004239443470823232,0.0011553368391494507,0.003790475315355084,20.00005516943996,-507.1266784667969,160.84921264648438,90.32444763183594
123,24.6,0.00012837891946622883,0.00015684052591189178,0.0011956906765852883,0.003922869799368078,20.0000334817213,-507.13787841796875,162.6373291015625,90.3333969116211
124,24.8,-2.065336076855044e-05,-2.5232210850938074e-05,0.0012361136312153832,0.004055491045836678,20.000005050658487,-507.1490783691406,164.42544555664062,90.3402328491211
125,25.0,-3.97544998735707e-05,-4.856807249554132e-05,0.0013069624926910941,0.004287934824520649,20.000001269643533,-507.1603088378906,166.2135772705078,90.34114837646484
126,25.2,-2.9600192559825213e-05,-3.616255525033846e-05,0.001438851258021948,0.004720640761368728,20.000027928851665,-507.1716003417969,168.00169372558594,90.33988189697266
127,25.4,-3.5105784106443733e-06,-4.288873644284231e-06,0.0015095865048919653,0.004952711788709756,20.00004906533511,-507.1828308105469,169.78982543945312,90.33858489990234
128,25.6,-5.025529466458461e-07,-6.139689349172301e-07,0.0016110434271675135,0.005285575717588265,20.000061753097974,-507.194091796875,171.57794189453125,90.33805847167969
129,25.8,-1.0402252027538422e-05,-1.270843130204369e-05,0.0017124496187598762,0.005618273207212152,20.000052917391393,-507.2053527832031,173.36607360839844,90.337890625
130,26.0,-0.00035576106552259057,-0.0004346332937489489,0.0017833044164634135,0.005850736461709825,20.000030337798133,-507.2165832519531,175.15419006347656,90.33751678466797
131,26.2,1.2212231895776383e-05,1.4919683707070006e-05,0.0016821261968475538,0.005518786911665329,20.000007144871002,-507.2276306152344,176.94232177734375,90.3280029296875
132,26.4,0.0003213986737891972,0.0003926527597682622,0.0012273134187237135,0.004026618956685509,20.000029308025564,-507.2383117675781,178.73043823242188,90.32451629638672
133,26.6,0.00012877963278231137,0.0001573300773701498,0.0012675663574504357,0.004158682408177687,20.000058681581024,-507.24951171875,180.51856994628906,90.33270263671875
134,26.8,-1.9532894073219084e-05,-2.3863336689251757e-05,0.0013384108022587802,0.004391111696482697,20.000049930474187,-507.2607421875,182.30670166015625,90.33928680419922
135,27.0,0.00017670050703251047,0.00021587500944161804,0.0014092557796924108,0.004623542732246049,20.00002703031522,-507.27197265625,184.09481811523438,90.3402328491211
136,27.2,0.0019705419384539154,0.0024074110862091483,0.001825816218737483,0.0059902108830826835,20.000023836200484,-507.28338623046875,185.88294982910156,90.34461212158203
137,27.4,0.004089078445293136,0.004995627136614624,0.004966766316220509,0.016295165600908896,20.000049457868727,-507.2962646484375,187.6710662841797,90.39776611328125
138,27.6,0.005396457702828766,0.006592852375545903,0.006621371613510981,0.021723660844471367,20.000017282100888,-507.3127746582031,189.45919799804688,90.52487182617188
139,27.8,0.0058901765430046694,0.007196028682588805,0.007037811919728932,0.023089934858723467,19.99994395855384,-507.33453369140625,191.2472686767578,90.7091064453125
140,28.0,0.005670822919100036,0.006928044360264515,0.00293956978384023,0.009644258129614381,19.999894658855705,-507.36273193359375,193.03509521484375,90.92107391357422
141,28.2,0.005703290056259185,0.006967709461731847,0.0028724519585968406,0.009424055283842858,19.99992505752017,-507.3975524902344,194.8229217529297,91.13333892822266
142,28.4,0.005388068037475308,0.006582602721383584,0.0029388440092194597,0.009641876979207572,19.999982703054638,-507.43896484375,196.6105499267578,91.34452819824219
143,28.6,0.0028617075356025127,0.0034961480962455898,0.0030801916522661,0.010105615980420712,20.000038966418128,-507.48675537109375,198.39808654785156,91.5477523803711
144,28.8,0.00042192885691887865,0.0005154704844977941,0.0022681420280227893,0.007441411091218288,20.000084902048837,-507.5390625,200.1855010986328,91.68190002441406
145,29.0,-0.0004957699583080519,-0.0006056821580649471,0.0023063053933090535,0.0075666189865840755,20.00006063055605,-507.59320068359375,201.97268676757812,91.72602081298828
146,29.2,-0.00038170803910391127,-0.0004663327113732484,0.0025836212259547223,0.00847644786296129,20.00004532984901,-507.6476135253906,203.75991821289062,91.71935272216797
147,29.4,5.37941829734462e-06,6.572035333865922e-06,0.002375444878391088,0.007793454574820617,20.00006239041411,-507.7015075683594,205.54739379882812,91.70452880859375
148,29.6,0.00018536554508180995,0.00022646108642644723,0.0019783449960163874,0.006490633396730405,20.00008696896755,-507.7552490234375,207.33489990234375,91.7003173828125
149,29.8,0.00018377355862925847,0.00022451615657736508,0.001628511390213607,0.0053428853094684104,20.000088602270043,-507.8090515136719,209.12237548828125,91.7048568725586
150,30.0,-0.00027750636553075666,-0.00033902952676892543,0.0018428720188891495,0.006046168234452277,20.0000637241527,-507.8633728027344,210.90972900390625,91.71146392822266
151,30.2,1.9535792269243786e-05,2.3866877415335135e-05,0.0016480749200820134,0.005407070120801873,20.000026108525233,-507.91729736328125,212.6971893310547,91.70613861083984
152,30.4,-0.0004937900953456889,-0.0006032633594838282,0.0012824024997091597,0.0042073574171458,20.00002725260739,-507.9710693359375,214.4846649169922,91.7037582397461
153,30.6,-0.0031499074267920734,-0.0038482419033118763,0.0009525833612884357,0.0031252735950495513,20.0000284486007,-508.0246887207031,216.27215576171875,91.69080352783203
154,30.8,-0.005275531033555351,-0.006445116263694572,-0.0003842090215081949,-0.0012605283261249462,19.99990361227314,-508.0758972167969,218.0596466064453,91.60340118408203
155,31.0,-0.005948705826480473,-0.007267533908211194,-0.0006107352127985794,-0.002003724515558091,19.99978290982794,-508.12237548828125,219.84713745117188,91.4327621459961
156,31.2,-0.005745651139072647,-0.007019461996605052,-0.0010287598881509614,-0.0033751965914412003,19.99983537593558,-508.1624450683594,221.63490295410156,91.22093200683594
157,31.4,-0.005442107377932969,-0.006648622583620708,-0.0019048405090631212,-0.00624947693575465,20.00003092209152,-508.1959533691406,223.4226837158203,91.00605010986328
158,31.6,-0.005623974562989746,-0.006870809723604573,0.0010826064681659382,0.0035518586050175367,20.0001971858125,-508.2230224609375,225.2107391357422,90.80064392089844
159,31.8,-0.005252902145284486,-0.006417470550894057,0.0006163944396212588,0.0020222915332870108,20.000171836504034,-508.2436218261719,226.99884033203125,90.5937271118164
160,32.0,-0.005161089905783608,-0.006305303537895834,8.88651641854578e-05,0.00029155238526621736,20.000074493774015,-508.25799560546875,228.78697204589844,90.3947525024414
161,32.2,-0.0049115283647106715,-0.006000414203167027,-0.00029406886382090075,-0.000964792891178164,19.999961909018616,-508.2663269042969,230.57508850097656,90.20194244384766
162,32.4,-0.002847296038706186,-0.0034785415704873474,-0.00042789606786477373,-0.0014038585352934643,19.999939508369568,-508.2687683105469,232.36322021484375,90.0168228149414
163,32.6,-0.0007403764743609639,-0.0009045179387267895,0.0010612682854762017,0.0034818514417217414,20.000124775693035,-508.26690673828125,234.15133666992188,89.88812255859375
164,32.8,0.00024677790232300597,0.0003014885632680164,0.0013600903675341266,0.004462238881420664,20.00027306538166,-508.2630310058594,235.93946838378906,89.83590698242188
165,33.0,-0.0009671683434626648,-0.0011815895652083376,0.0012011651277965673,0.00394083059788009,20.00023259465101,-508.2586975097656,237.7275848388672,89.83262634277344
166,33.2,-0.005767742982561523,-0.0070464516017954126,-0.002111830751687032,-0.006928578803364882,20.000026339722734,-508.2536315917969,239.51571655273438,89.80923461914062
167,33.4,-0.008079822618607265,-0.009871119293152496,-0.002136792182489612,-0.007010473263999219,19.999546421953863,-508.24432373046875,241.30384826660156,89.64885711669922
168,33.6,-0.014897847424016593,-0.018200700197921072,-0.003007621765105427,-0.00986752579182849,19.999374081010018,-508.2271728515625,243.09194946289062,89.37786102294922
169,33.8,-0.017226429144710762,-0.02104552848609314,-0.001549689656238062,-0.005084283811772084,19.998611258987204,-508.19647216796875,244.8797607421875,88.90316772460938
170,34.0,-0.01598806295394734,-0.019532616510837465,-0.0018623947044971612,-0.006110219042302466,19.998624342633345,-508.14752197265625,246.66712951660156,88.29632568359375
171,34.2,-0.014570130636333292,-0.017800328598408383,-0.004226881750441076,-0.013867722722117098,19.99972623198355,-508.0801086425781,248.45396423339844,87.69332885742188
172,34.4,-0.014067557596999765,-0.017186335116254614,-0.007687716044846839,-0.0252221663085753,20.00082534312975,-507.9951171875,250.2401885986328,87.13800811767578
173,34.6,-0.0141763316388528,-0.017319224363186465,-0.011359384402538454,-0.037268322723224265,20.001011243268124,-507.89349365234375,252.02557373046875,86.61090850830078
174,34.8,-0.01454875874435279,-0.017774218557975802,-0.001602654136421175,-0.005258051796936047,20.000327620270998,-507.77557373046875,253.80992126464844,86.08704376220703
175,35.0,-0.01489962064802066,-0.01820286654568684,-0.0018786632119845853,-0.006163593412407507,19.99946954120133,-507.6410827636719,255.59304809570312,85.55279541015625
176,35.2,-0.01482328292962495,-0.018109604755122802,-0.0027732282673303722,-0.009098518228588178,19.999108833556406,-507.4895935058594,257.3747253417969,85.00559997558594
177,35.4,-0.014670844931185808,-0.017923371252429703,-0.004255297442100642,-0.013960950059941468,19.999458123808946,-507.3210754394531,259.1549072265625,84.45655059814453
178,35.6,-0.014592745082005329,-0.01782795666668591,-0.0063549744528376,-0.020849654383847713,20.00010617191634,-507.1356201171875,260.93341064453125,83.9119873046875
179,35.8,-0.014600370808698812,-0.01783727301698734,-0.008871709155683999,-0.029106658266334292,20.000524508007647,-506.933349609375,262.71014404296875,83.37104797363281
180,36.0,-0.01462025038543628,-0.017861559895887502,-0.011870955122899762,-0.03894670440541446,20.000448888381637,-506.71429443359375,264.48492431640625,82.83079528808594
181,36.2,-0.014993205650110253,-0.018317199342739697,-0.0011391054235106862,-0.0037372226376708,20.000049432833457,-506.47857666015625,266.2575378417969,82.29000854492188
182,36.4,-0.014808217031477914,-0.01809119874735657,-0.0017357069668174213,-0.005694576845013268,19.99963399519678,-506.2258605957031,268.0276794433594,81.7393569946289
183,36.6,-0.014572316532647688,-0.01780299910793568,-0.003067534759439959,-0.010064090740160994,19.999636013149054,-505.9561462402344,269.7953186035156,81.1896743774414
184,36.8,-0.014563511647287825,-0.017792242179491536,-0.004756585959762907,-0.015605597480228536,19.999929593617484,-505.6697692871094,271.5604553222656,80.64776611328125
185,37.0,-0.014605556847187381,-0.017843608800208823,-0.006902320450621807,-0.02264540902721805,20.00020384808167,-505.36676025390625,273.32275390625,80.10859680175781
186,37.2,-0.014620570316639204,-0.017861950755838116,-0.009501796590142775,-0.03117387432480402,20.00026696194894,-505.0470275878906,275.0821533203125,79.56855773925781
187,37.4,-0.014650024972736233,-0.017897935509191856,-0.012485615088120433,-0.04096330540570904,20.000141862777866,-504.7108154296875,276.8384704589844,79.0277328491211
188,37.6,-0.015033677702988545,-0.018366644049741105,-0.0011400049072709528,-0.003740173699970833,19.999950311039125,-504.3580017089844,278.59149169921875,78.48594665527344
189,37.8,-0.014802786741985088,-0.018084564562683182,-0.0018769489498237646,-0.0061579691925398,19.999795343823997,-503.98834228515625,280.341064453125,77.93395233154297
190,38.0,-0.014558230126130755,-0.017785789745093945,-0.00330091955838787,-0.01082978892394126,19.999883161667775,-503.6019287109375,282.0870056152344,77.38394165039062
191,38.2,-0.014525588907793829,-0.01774591196865172,-0.0051833309731193974,-0.017005679589849044,20.000075917797705,-503.198974609375,283.8292236328125,76.84245300292969
192,38.4,-0.014595783256974101,-0.01783166840504526,-0.007486340787160026,-0.0245614863081461,20.000198450570785,-502.7796630859375,285.56756591796875,76.30445098876953
193,38.6,-0.014641459477254336,-0.017887471043361622,-0.010172120538436552,-0.033373099947324174,20.000148445821925,-502.3439636230469,287.3018798828125,75.76513671875
194,38.8,-0.014955505833876543,-0.018271141477246972,-0.00113020097995703,-0.0037080085830822223,20.000031118754478,-501.8919677734375,289.031982421875,75.22393798828125
195,39.0,-0.014800292831505002,-0.01808151775224966,-0.0013860861990330209,-0.004547527045235496,19.999875501068566,-501.4234313964844,290.7577209472656,74.67408752441406
196,39.2,-0.014615448687950712,-0.017855693662069384,-0.002338475544442248,-0.007672164105227904,19.999906937316993,-500.9383850097656,292.4788513183594,74.12500762939453
197,39.4,-0.014564215465115207,-0.01779310203373125,-0.003839581224673927,-0.012597051665159207,20.000038355822106,-500.43701171875,294.1952819824219,73.58212280273438
198,39.6,-0.014608620842332108,-0.017847352083077136,-0.005671915753692788,-0.018608648081345446,20.000146201419668,-499.91949462890625,295.906982421875,73.04253387451172
199,39.8,-0.014638333505391338,-0.017883652043536598,-0.007977731170270563,-0.026173659532670476,20.0001258339621,-499.38580322265625,297.61370849609375,72.50244903564453
200,40.0,-0.01465573942674738,-0.017904916857657275,-0.01073628019586545,-0.0352240175178032,20.00004941463539,-498.8360290527344,299.3152770996094,71.9611587524414
201,40.2,-0.014965431822143861,-0.018283268057113156,-0.0011249354022160873,-0.003690733065006628,19.99998042668839,-498.2701721191406,301.0116271972656,71.41910552978516
202,40.4,-0.01477687265279641,-0.018052905319921375,-0.0015314639777062877,-0.005024488276617897,19.99990334319425,-497.6881408691406,302.7024230957031,70.86881256103516
203,40.6,-0.01459411121062984,-0.017829625666026475,-0.0026054133248569894,-0.008547944252723805,19.999974558892923,-497.0899353027344,304.3875732421875,70.32022094726562
204,40.8,-0.01456582148880418,-0.01779506411287207,-0.004201772205100889,-0.0137853423213832,20.000107670589134,-496.4757995605469,306.06695556640625,69.77810668945312
205,41.0,-0.014611533418020082,-0.017850910376795134,-0.006142327164092229,-0.020151992653040348,20.000156872875028,-495.8458557128906,307.74053955078125,69.23869323730469
206,41.2,-0.014649241311449273,-0.017896978110197578,-0.008539345127906633,-0.028016225069441198,20.000086202624008,-495.2001037597656,309.4081115722656,68.69852447509766
207,41.4,-0.014667000726922518,-0.01791867478808124,-0.011346936319310774,-0.03722748255384756,20.000004828261282,-494.5386962890625,311.06951904296875,68.15692901611328
208,41.6,-0.014993661656176943,-0.01831775644535137,-0.001085534927102727,-0.003561466410235711,19.99995344551292,-493.8615417480469,312.7245178222656,67.61445617675781
209,41.8,-0.014782191601297043,-0.018059403479304598,-0.0016171927670025898,-0.0053057507176927764,19.999910448235532,-493.1685791015625,314.3729553222656,67.06331634521484
210,42.0,-0.014583584720402727,-0.017816765452916012,-0.0028506959857004383,-0.009352677417725426,20.00000643715935,-492.4598388671875,316.01470947265625,66.5143051147461
211,42.2,-0.014521093239252932,-0.017740419610395308,-0.0046111355644743515,-0.01512839800535003,20.00012571573458,-491.73553466796875,317.6496276855469,65.9723892211914
212,42.4,-0.014601817757091858,-0.017839040753839124,-0.006631995453353634,-0.021758515963180736,20.000166035296925,-490.9959411621094,319.2777099609375,65.43424224853516
213,42.6,-0.014651807099452796,-0.01790011273340148,-0.00917727416610048,-0.0301091681751091,20.000080134214002,-490.2409973144531,320.89874267578125,64.89473724365234
214,42.8,-0.014664938725670743,-0.017916155641151947,-0.01207582063437207,-0.03961883537007326,19.999971490578034,-489.4707946777344,322.5125427246094,64.3531723022461
215,43.0,-0.015052499660329883,-0.018389638835025018,-0.001074403268985502,-0.003524945221018395,19.99993974290541,-488.6853942871094,324.11907958984375,63.810726165771484
216,43.2,-0.01479258776028651,-0.01807210446674203,-0.0017304370305913641,-0.005677287027445371,19.999915720218272,-487.8845520019531,325.7179260253906,63.258060455322266
217,43.4,-0.014549918042105602,-0.017775634872040414,-0.003118967730073738,-0.010232834087535121,20.000031373300523,-487.0683898925781,327.3089904785156,62.708126068115234
218,43.6,-0.014508398830916858,-0.017724910851731127,-0.005013928466167612,-0.01644989706894135,20.00015463794078,-486.2371520996094,328.89227294921875,62.16688919067383
219,43.8,-0.014591481429752062,-0.017826412862728094,-0.007151782030220183,-0.023463852556027585,20.000164343328603,-485.39117431640625,330.4676818847656,61.62938690185547
220,44.0,-0.014640792367294653,-0.017886656035123877,-0.00976663273617856,-0.03204275934616407,20.000076519011184,-484.5303039550781,332.0350341796875,61.0903205871582
221,44.2,-0.014682178998545865,-0.017937218082523482,-0.012726177388595605,-0.041752551823600006,19.999958498866572,-483.6547546386719,333.59429931640625,60.54913330078125
222,44.4,-0.01504232441814555,-0.01837720774164842,-0.0012192068045234206,-0.004000022452552619,19.999909703779924,-482.7644348144531,335.14501953125,60.006351470947266
223,44.6,-0.014774578926817208,-0.018050103074892583,-0.0020048519203465787,-0.006577598374349869,19.999894507337654,-481.8592224121094,336.6872253417969,59.4537467956543
224,44.8,-0.014543895819667108,-0.017768277522887305,-0.003464966620384022,-0.011368001086820715,20.000030006071643,-480.9393310546875,338.2205810546875,58.904354095458984
225,45.0,-0.014534603539764473,-0.017756925144530256,-0.005395696381098547,-0.017702416514963355,20.000159962116378,-480.00494384765625,339.7452392578125,58.36347198486328
226,45.2,-0.014585758374355494,-0.017819421005950107,-0.007734241525398977,-0.02537480896618998,20.000188255238363,-479.0562438964844,341.2610168457031,57.82536315917969
227,45.4,-0.014657419388739237,-0.017906969267222725,-0.01033332566975248,-0.03390198819035073,20.00009202541072,-478.0933837890625,342.7677917480469,57.28619384765625
228,45.6,-0.014959855339642659,-0.018276455268441436,-0.001163155304313157,-0.003816126448602778,19.999971516991856,-477.11627197265625,344.265380859375,56.74465560913086
229,45.8,-0.01482501401404429,-0.01811171962095791,-0.00141661442471952,-0.00464768526919679,19.999874469714342,-476.1249084472656,345.7536926269531,56.19453430175781
230,46.0,-0.014606822662541711,-0.01784515524682721,-0.0024236362754964658,-0.007951562838099824,19.999942631640007,-475.1192932128906,347.2322998046875,55.644744873046875
231,46.2,-0.014519763763208423,-0.01773879538951173,-0.00401992164198459,-0.013188719719888721,20.00008840616027,-474.0996398925781,348.7012939453125,55.101810455322266
232,46.4,-0.01460076114520543,-0.017837749891097474,-0.005853440053987635,-0.019204200266724793,20.000170344786394,-473.0662536621094,350.1607360839844,54.563453674316406
233,46.6,-0.014671168554680992,-0.01792376662325377,-0.00817675302101295,-0.026826618381460127,20.000115346813857,-472.0191345214844,351.6103820800781,54.02399826049805
234,46.8,-0.014696620088661311,-0.017954860762317525,-0.01084612339725638,-0.035584395486654624,20.000005085202428,-470.95843505859375,353.0500793457031,53.48200607299805
235,47.0,-0.015058311406531051,-0.018396739045358986,-0.000904262195905059,-0.0029667395828131536,19.999950131755824,-469.88409423828125,354.47967529296875,52.93854904174805
236,47.2,-0.014758929748463585,-0.018030984473697963,-0.0014330839706575005,-0.004701719214291954,19.999908911361885,-468.7960510253906,355.89874267578125,52.38542175292969
237,47.4,-0.014493088859151912,-0.01770620665922589,-0.0027326654041232856,-0.00896543796446384,20.00001569996236,-467.69439697265625,357.3072814941406,51.8363037109375
238,47.6,-0.014525156064913154,-0.0177453831645044,-0.0043828863734175615,-0.014379548929363273,20.00014029233829,-466.57958984375,358.7053527832031,51.29693603515625
239,47.8,-0.014615361567030286,-0.0178555872264409,-0.006415574353949571,-0.02104847296341191,20.000146130978433,-465.4516296386719,360.09295654296875,50.75963592529297
240,48.0,-0.014657544127969012,-0.01790712166113974,-0.008775350029155693,-0.028790519389655163,20.000067385854642,-464.31060791015625,361.46990966796875,50.21982192993164
241,48.2,-0.014672965656867711,-0.017925962142995282,-0.011588927392113035,-0.03802141654514013,19.99998595273263,-463.1567077636719,362.8359375,49.677974700927734
242,48.4,-0.015025517191566385,-0.018356674352936652,-0.001083928551115776,-0.003556196147642682,19.9999432767722,-461.9898986816406,364.1910400390625,49.13524627685547
243,48.6,-0.014798561505715829,-0.01807940259153303,-0.001658170062701747,-0.005440190668514399,19.99991673978044,-460.8101806640625,365.5348205566406,48.58317565917969
244,48.8,-0.014535475905970936,-0.017757990914324694,-0.0029840746684581115,-0.00979027153526411,20.00001969194652,-459.6175537109375,366.8671875,48.03337860107422
245,49.0,-0.014541781030457274,-0.01776569388490965,-0.004640634475792348,-0.015225179213558565,20.000151628745495,-458.4124450683594,368.1883239746094,47.49251174926758
246,49.2,-0.014606745396741224,-0.017845060851198753,-0.006823073465583196,-0.022385412348823974,20.000148797378408,-457.19488525390625,369.49798583984375,46.95433807373047
247,49.4,-0.01465230787622639,-0.01790072453238578,-0.009378670206526218,-0.030769916360379478,20.000058722705635,-455.9650573730469,370.7961120605469,46.414615631103516
248,49.6,-0.014663179151530996,-0.01791400596942542,-0.012306978718567785,-0.04037722805902593,19.999962772976676,-454.7230224609375,372.08258056640625,45.873043060302734
249,49.8,-0.01502574475125121,-0.018356952362603603,-0.0011540699363924989,-0.003786318810113966,19.999949692831827,-453.4689025878906,373.3572082519531,45.330650329589844
250,50.0,-0.014761776281021143,-0.01803446208252353,-0.0019090152892731194,-0.006263173721658821,19.999937420572984,-452.2025146484375,374.6197204589844,44.77859878540039
251,50.2,-0.014559985702883315,-0.017787934533212545,-0.0032944942485391426,-0.010808708510377161,20.00003594960269,-450.9241638183594,375.87005615234375,44.22975158691406
252,50.4,-0.014571008581386675,-0.0178014011838801,-0.005046518552723714,-0.01655681992851807,20.000141231442747,-449.6341247558594,377.1082763671875,43.688690185546875
253,50.6,-0.014602033964671971,-0.017839304894639748,-0.007330007366184665,-0.024048581367273298,20.000127595891563,-448.3323059082031,378.3342590332031,43.149539947509766
254,50.8,-0.014648631432711735,-0.017896233021343928,-0.009859562392927845,-0.03234764668121339,20.00006113450357,-447.01910400390625,379.5480041503906,42.60960006713867
255,51.0,-0.014934429177069766,-0.018245392125626134,-0.0010778888651905572,-0.0035363809044717874,19.999985217893002,-445.69439697265625,380.7492370605469,42.06809616088867
256,51.2,-0.014775696039011162,-0.018051467850859936,-0.0013907838589126698,-0.004562939315675044,19.99991479255906,-444.3582763671875,381.9377136230469,41.5186882019043
257,51.4,-0.014611416681368814,-0.01785076775962828,-0.0023496569323182837,-0.007708848449827117,19.999979644767137,-443.0108947753906,383.11334228515625,40.97039794921875
258,51.6,-0.014559296235083223,-0.017787092210401173,-0.0037984178695552318,-0.012462001283151586,20.000096288660835,-441.6523742675781,384.2761535644531,40.42784118652344
259,51.8,-0.014609994806319998,-0.01784903065488114,-0.0055916040445611465,-0.01834515821355799,20.000133366868052,-440.2829895019531,385.4261169433594,39.88838195800781
260,52.0,-0.014660637453117875,-0.017910900776474108,-0.007846646852483846,-0.025743592859503103,20.0000850116497,-438.90283203125,386.5631103515625,39.34827423095703
261,52.2,-0.014681871397417834,-0.017936842286225368,-0.01047713266601863,-0.03437379593598056,20.00000224166785,-437.5119934082031,387.68707275390625,38.806365966796875
262,52.4,-0.014945683213919049,-0.018259141182444903,-0.0011242685081255255,-0.003688545092198549,19.999977034863992,-436.11053466796875,388.7976379394531,38.26337432861328
263,52.6,-0.014777755543154927,-0.018053983947072375,-0.0014683667232103237,-0.004817476280177358,19.99993664154696,-434.69854736328125,389.8948669433594,37.71331787109375
264,52.8,-0.014586733880799148,-0.01782061278217232,-0.0025543138062482096,-0.008380294908091376,20.000014649051014,-433.2760314941406,390.978515625,37.164859771728516
265,53.0,-0.014519566215867754,-0.017738554045925635,-0.004211737130029588,-0.013818035645686273,20.000112726793667,-431.84326171875,392.048583984375,36.6229362487793
266,53.2,-0.014599378999449804,-0.017836061323627826,-0.006168328893542879,-0.02023730016709122,20.000145405431933,-430.40045166015625,393.1051940917969,36.084808349609375
267,53.4,-0.014661675019477419,-0.017912168371295563,-0.008544687720775601,-0.028033753261829424,20.000086802950612,-428.9478454589844,394.1481628417969,35.545448303222656
268,53.6,-0.014705022680105668,-0.017965126208285095,-0.011149578879163125,-0.03657998436991355,19.999987500980204,-427.4856262207031,395.1773376464844,35.00368881225586
269,53.8,-0.015054032156841674,-0.018391511086013473,-0.001041062836719786,-0.003415560597223743,19.999937303701525,-426.0135498046875,396.1926574707031,34.46013259887695
270,54.0,-0.014776837327890624,-0.018052862163483976,-0.001549824555781898,-0.005084726395591482,19.999904462278185,-424.5318908691406,397.1936950683594,33.90703582763672
271,54.2,-0.014548512274352535,-0.017773917445576493,-0.0027260508996885813,-0.008943736833734285,20.00002091534361,-423.0406494140625,398.1805114746094,33.35750961303711
272,54.4,-0.014510996821913084,-0.017728084817331215,-0.004507322132610549,-0.014787802745553993,20.000148240438545,-421.5400695800781,399.1531066894531,32.81651306152344
273,54.6,-0.014608769237256458,-0.017847533377156215,-0.006499882116778183,-0.021325073244010534,20.000176034154407,-420.0304870605469,400.1116638183594,32.27899932861328
274,54.8,-0.014662323524213226,-0.0179129606495313,-0.00894107786869558,-0.029334245914731206,20.00007999850464,-418.5119323730469,401.0558776855469,31.739463806152344
275,55.0,-0.014666965373918182,-0.017918631597315843,-0.011819167506005035,-0.03877679752040156,19.999964081432104,-416.98443603515625,401.98577880859375,31.197580337524414
276,55.2,-0.015022844469044174,-0.018353409087831268,-0.0010670479665474408,-0.003500813650567506,19.99993336562048,-415.44830322265625,402.901123046875,30.654970169067383
277,55.4,-0.014797906418452288,-0.01807860227142316,-0.0016448413715307308,-0.005396461365372883,19.999922402745778,-413.9034729003906,403.80169677734375,30.103063583374023
278,55.6,-0.014553881545249727,-0.01778047708383159,-0.0030708616241384296,-0.010075005650938326,20.000045471474564,-412.3499450683594,404.6873474121094,29.553281784057617
279,55.8,-0.014522764941260096,-0.01774246192873746,-0.004890800493874102,-0.01604593389232191,20.000159136357844,-410.7882080078125,405.5582580566406,29.011930465698242
280,56.0,-0.014585416612392868,-0.017819003475360366,-0.007019379611758136,-0.023029461405440564,20.00015287513949,-409.21826171875,406.41448974609375,28.474014282226562
281,56.2,-0.01464834140453444,-0.017895878693919724,-0.009549509830571457,-0.03133041383253206,20.0000536053428,-407.640380859375,407.2558898925781,27.9349422454834
282,56.4,-0.014697345960529835,-0.0179557475599793,-0.012452467237636433,-0.040854552611927115,19.999957070559176,-406.05462646484375,408.08245849609375,27.393644332885742
283,56.6,-0.015044597748863214,-0.01837998506978619,-0.0011797482384940938,-0.003870565210780963,19.999926083840144,-404.4611511230469,408.89373779296875,26.850391387939453
284,56.8,-0.01476807752800598,-0.018042160315964905,-0.0018841899592588196,-0.006181725785934705,19.999922721277876,-402.8599548339844,409.6897888183594,26.297603607177734
285,57.0,-0.014560665138432415,-0.01778876459962288,-0.0032543936055954292,-0.010677144716981708,20.000038251709658,-401.2511901855469,410.470458984375,25.74835968017578
286,57.2,-0.014521267771462367,-0.017740632836395574,-0.00524874136194918,-0.017220280609937348,20.000149507473132,-399.63507080078125,411.2358093261719,25.20712661743164
287,57.4,-0.014584980661082684,-0.017818470873644715,-0.007552582139220165,-0.024778813585639086,20.000145407190292,-398.01177978515625,411.9859313964844,24.669204711914062
288,57.6,-0.014653931116186476,-0.017902707644645018,-0.010168081410522778,-0.03335984821489955,20.000059868701612,-396.3815612792969,412.7208251953125,24.130186080932617
289,57.8,-0.014948353886850414,-0.01826240394356515,-0.0011482844870274733,-0.0037673376764192157,19.999971276361055,-394.7444763183594,413.440185546875,23.588762283325195
290,58.0,-0.014771191280510387,-0.01804596438739954,-0.001449220349772573,-0.004754660092347849,19.999899196757696,-393.10052490234375,414.1438903808594,23.03897476196289
291,58.2,-0.014606702961261726,-0.01784500900777345,-0.0024183512867261003,-0.00793422363554246,19.999974876190148,-391.4499816894531,414.8318176269531,22.49070167541504
292,58.4,-0.014584525425743792,-0.01781791471263119,-0.0038499015908553987,-0.012630911135342026,20.00009048276936,-389.7929992675781,415.5041198730469,21.948320388793945
293,58.6,-0.014631823946895006,-0.017875699315921628,-0.0056702067390315275,-0.018603041077684197,20.0001477757549,-388.1296691894531,416.1607666015625,21.408302307128906
294,58.8,-0.014658148861541943,-0.017907860464145792,-0.007963234160314997,-0.026126097162527853,20.000098564097243,-386.46026611328125,416.8016662597656,20.86739730834961
295,59.0,-0.014660720304029595,-0.017911001995432958,-0.010695586008603819,-0.03509050640046776,20.000017884611072,-384.7848815917969,417.42669677734375,20.325336456298828
296,59.2,-0.014972853910281194,-0.018292335622190535,-0.0010688728111439838,-0.003506800673713628,19.99995066904358,-383.1036682128906,418.0358581542969,19.782922744750977
297,59.4,-0.01476946800065858,-0.018043859056404588,-0.0015067457828595032,-0.004943391834236773,19.999916525500176,-381.4166564941406,418.62890625,19.232383728027344
298,59.6,-0.01458815457513962,-0.017822348444448074,-0.0025744850222592375,-0.008446473440428997,20.000018775480555,-379.7240905761719,419.2057800292969,18.683876037597656
299,59.8,-0.014520363613686804,-0.01773952822684117,-0.004271209071028746,-0.014013153568593952,20.000114191793447,-378.0260314941406,419.7665100097656,18.141979217529297
300,60.0,-0.014602415328450984,-0.017839770806768566,-0.006206920845803793,-0.020363914187746916,20.000141078907493,-376.3229675292969,420.311279296875,17.603809356689453
301,60.2,-0.014676666289056695,-0.017930483205340565,-0.008562670813619194,-0.028092752912154396,20.000074006625663,-374.6148376464844,420.84002685546875,17.06434440612793
302,60.4,-0.014678565843146332,-0.017932803890571874,-0.01133164834492667,-0.037177325155969214,19.99999590941941,-372.9017028808594,421.35260009765625,16.52215576171875
303,60.6,-0.015007013124547481,-0.018334067934259658,-0.0010325648995161418,-0.0033876802249285386,19.99996431781879,-371.18365478515625,421.8489074707031,15.979098320007324
304,60.8,-0.014783410839025948,-0.018060893022038,-0.0015821753009107042,-0.005190864014239875,19.99991673081289,-369.46112060546875,422.32867431640625,15.427483558654785
305,61.0,-0.014541629581617841,-0.017765508859862517,-0.0029070557225000238,-0.009537584696606979,20.000012206351794,-367.7339782714844,422.7918701171875,14.878263473510742
306,61.2,-0.014541950011048188,-0.01776590032849757,-0.004588711792181578,-0.015054829196261008,20.00013387686092,-366.0025329589844,423.23876953125,14.337394714355469
307,61.4,-0.01459927674354633,-0.01783593639759055,-0.006713319976162702,-0.022025328710593636,20.000152282005754,-364.2669982910156,423.6693115234375,13.799131393432617
308,61.6,-0.014648984971305479,-0.017896664939443904,-0.009180683755552671,-0.030120354492567426,20.000070302902635,-362.52740478515625,424.08349609375,13.259533882141113
309,61.8,-0.014675933752836106,-0.01792958826583987,-0.01208363407259569,-0.03964447001073484,19.999976612102028,-360.7839660644531,424.4812927246094,12.718059539794922
310,62.0,-0.015036743633126352,-0.018370389696590463,-0.0011273484219924967,-0.003698649796809863,19.99994888522045,-359.036865234375,424.8625183105469,12.17535400390625
311,62.2,-0.014779813121063332,-0.018056497690003073,-0.00179540639398032,-0.005890441113626393,19.99991810747663,-357.28619384765625,425.2269287109375,11.623003959655762
312,62.4,-0.014567485955272184,-0.017797097591556028,-0.0030989834809236894,-0.010167268963553676,20.00004121971724,-355.53216552734375,425.5745849609375,11.073556900024414
313,62.6,-0.014519279771231242,-0.017738204096513208,-0.004964448506265054,-0.016287561237294638,20.00013921309937,-353.7748718261719,425.9055480957031,10.532033920288086
314,62.8,-0.014595239766027375,-0.017831004422155645,-0.007166245882380656,-0.02351130614074975,20.00015487317242,-352.0145263671875,426.2200012207031,9.994086265563965
315,63.0,-0.014632811166193423,-0.017876905401738506,-0.009862246357224366,-0.03235645233863599,20.000070052582448,-350.2513122558594,426.5177917480469,9.454808235168457
316,63.2,-0.01465262026797884,-0.01790110618138975,-0.012865757619513918,-0.04221049222840604,19.999973504941394,-348.4853515625,426.7989501953125,8.913809776306152
317,63.4,-0.015040994626669121,-0.018375583135401666,-0.001243162237534276,-0.004078616395391954,19.99994776998427,-346.71673583984375,427.0634765625,8.371870040893555
318,63.6,-0.014814588936737193,-0.01809898330401183,-0.0019831927912565828,-0.006506538237266247,19.999924401017196,-344.94573974609375,427.31097412109375,7.8196516036987305
319,63.8,-0.014571330077914415,-0.01780179395618804,-0.003434817842776555,-0.011269087771295032,20.000021278114463,-343.1724853515625,427.54144287109375,7.269285202026367
320,64.0,-0.014521319251196133,-0.017740695729186316,-0.005365959269123196,-0.017604853808510144,20.00013918535895,-341.3970947265625,427.7550964355469,6.7273077964782715
321,64.2,-0.01459933149606567,-0.017836003288743428,-0.007629630862822617,-0.025031598119982956,20.000160275996517,-339.61981201171875,427.95208740234375,6.189243316650391
322,64.4,-0.014638635498827638,-0.017884020988917726,-0.010389388633249938,-0.03408592180351173,20.00008110602907,-337.8406677246094,428.13226318359375,5.64983606338501
323,64.6,-0.014949330084037827,-0.018263596563669014,-0.0011267379847547943,-0.003696647049902919,19.999971529455756,-336.0599670410156,428.295654296875,5.108645915985107
324,64.8,-0.014797863479839477,-0.01807854981331989,-0.0014432438773601536,-0.004735052242598286,19.99987384768869,-334.2777404785156,428.4420166015625,4.558964252471924
325,65.0,-0.01459924297724595,-0.017835895145301376,-0.0024593934146501586,-0.008068876290520827,19.999945752614288,-332.49420166015625,428.5712890625,4.009978771209717
326,65.2,-0.014554858991482563,-0.01778167122989425,-0.003987019296506965,-0.013080772388751912,20.000093733247898,-330.7095642089844,428.6836242675781,3.4675095081329346
327,65.4,-0.014616906627957308,-0.017857474827375444,-0.005883315209050555,-0.019302215870461423,20.00016763249602,-328.92388916015625,428.7791748046875,2.9283111095428467
328,65.6,-0.01465482766691471,-0.0179038029606697,-0.008218169999725477,-0.026962500861899334,20.000117739166242,-327.1374816894531,428.85784912109375,2.388094425201416
329,65.8,-0.014662514576195874,-0.0179131940577385,-0.010953632816228968,-0.03593711668879664,20.000018285829693,-325.350341796875,428.9196472167969,1.8462885618209839
330,66.0,-0.014976663629433633,-0.01829698995607907,-0.001085425176701068,-0.0035611063367279316,19.99993958737694,-323.562744140625,428.9645080566406,1.3038575649261475
331,66.2,-0.014085790604185012,-0.01720861038113283,-0.0015578150944936995,-0.005110942074618709,19.99989190815901,-321.7747497558594,428.99224853515625,0.7531929612159729
332,66.4,-0.007785503758366313,-0.009511549941596125,-0.0025076556942770075,-0.008227217108011777,20.000116098826478,-319.9866638183594,429.00335693359375,0.2223510593175888
333,66.6,-0.0014147219909055619,-0.001728365856289325,-0.00046268459832945216,-0.0015179941375831998,20.00101396509096,-318.1983947753906,429.0022888183594,-0.136016845703125
334,66.8,0.0012160681673598418,0.0014856704800635188,-0.00031585876231026566,-0.001036282061738012,20.00141442263778,-316.41009521484375,428.9959411621094,-0.2629394233226776
335,67.0,0.0010294230806637268,0.001257646177646875,-0.0007191197092548817,-0.002359316706911786,20.000932756967963,-314.6219787597656,428.9890441894531,-0.2513427436351776
336,67.2,0.00016421809915765346,0.00020062525174090523,-0.00029844490490564687,-0.0009791499818106425,20.0000934739562,-312.8338623046875,428.98297119140625,-0.2131652534008026
337,67.4,-0.0002764039690219137,-0.000337682728954072,0.0004275813442843721,0.0014028259775819393,19.999567254099173,-311.0457458496094,428.9772033691406,-0.1976623386144638
338,67.6,-0.0008728615560356127,-0.001066374963008708,0.001336678430139627,0.004385428060739294,19.999661464769858,-309.2575988769531,428.97161865234375,-0.2026061862707138
339,67.8,-0.0002466641560916076,-0.000301349599497117,0.0016353593342258207,0.005365352318101441,20.000117033384498,-307.469482421875,428.9654235839844,-0.2282409518957138
340,68.0,0.00033406504043495625,0.0004081272598993861,0.0013321018672155023,0.004370413090035308,20.000540389090645,-305.6813659667969,428.9586181640625,-0.243988037109375
341,68.2,0.00029648583370375645,0.00036221674303587925,0.0011340985549519332,0.0037207959030285003,20.000596742523925,-303.89324951171875,428.951904296875,-0.2384643256664276
342,68.4,-7.5676783336636305e-06,-9.245432620236857e-06,0.0013413880973429338,0.004400879725286591,20.00030325825079,-302.1051025390625,428.94561767578125,-0.22756953537464142
343,68.6,-0.00010945050390609496,-0.0001337156806220762,0.0015484746881398556,0.005080297695836764,19.99995444547933,-300.3169860839844,428.9393310546875,-0.2245788425207138
344,68.8,-9.676580189905817e-05,-0.00011821878018007937,0.0018165795136183959,0.005959906731459778,19.99979992316866,-298.52886962890625,428.93310546875,-0.2274474799633026
345,69.0,-6.400620580749035e-05,-7.819638163501097e-05,0.002084939030593137,0.006840351369131188,19.999900162845606,-296.74072265625,428.9268798828125,-0.231201171875
346,69.2,-2.687132465097667e-05,-3.2828697326098196e-05,0.002230950869119223,0.007319392849441111,20.00011847701822,-294.9526062011719,428.9205322265625,-0.234039306640625
347,69.4,9.718561549659403e-05,0.00011873166645218893,0.0018441116743310448,0.0060502353456122655,20.00025616070952,-293.16448974609375,428.9136657714844,-0.235595703125
348,69.6,2.8185449651451705e-05,3.443416383917855e-05,0.001498652435345443,0.0049168388559787425,20.00028114493088,-291.3763732910156,428.90679931640625,-0.2367248684167862
349,69.8,0.00023833313561580623,0.00029117159178183047,0.0011130174201571393,0.003651632072748349,20.00019411117863,-289.5882263183594,428.89990234375,-0.2363891750574112
350,70.0,2.891985194009042e-05,3.533138311520847e-05,0.0012896618513198277,0.004231174188284143,20.00002992753752,-287.80010986328125,428.8935852050781,-0.2299804538488388
351,70.2,-9.948899150084201e-05,-0.00012154570091657869,0.0015272779473113171,0.005010754580656861,19.999898652129005,-286.0119934082031,428.8873291015625,-0.22683708369731903
352,70.4,-9.259045988097837e-05,-0.00011311776483659127,0.0017650914399989558,0.005790982600006174,19.99990204184216,-284.2238464355469,428.8810729980469,-0.2290954440832138
353,70.6,-7.270645975896342e-05,-8.882548188752561e-05,0.002063730161457108,0.006770768462914937,20.00000216491592,-282.43572998046875,428.8748779296875,-0.2326354831457138
354,70.8,8.605702262114054e-05,0.00010513586453624739,0.0017519982527637468,0.0057480259475974115,20.00010367687071,-280.6476135253906,428.8680725097656,-0.235626220703125
355,71.0,7.187781831588295e-05,8.78131306365142e-05,0.0017665232409212563,0.005795680109744095,20.000138876125614,-278.8594970703125,428.8616027832031,-0.2343139499425888
356,71.2,-3.961752490086907e-06,-4.840073017139174e-06,0.002013782723859897,0.006606898911748504,20.000091268990914,-277.07135009765625,428.8553161621094,-0.231689453125
357,71.4,-0.0005408938551477541,-0.0006608100228340112,0.0022514857784912455,0.007386764601505218,20.00000694846994,-275.2832336425781,428.84906005859375,-0.23110957443714142
358,71.6,8.430230523875211e-05,0.00010299212631018346,0.0019398352736994902,0.006364289159364235,19.99994692438931,-273.4951171875,428.8422546386719,-0.245330810546875
359,71.8,0.0003572057703560002,0.00043639828964392544,0.0015976381148126802,0.005241595032602034,19.99998897788963,-271.7070007324219,428.8354187011719,-0.2488708645105362
360,72.0,0.0002572555783149459,0.00031428914002736946,0.001286121917556773,0.004219560231996963,20.000057719753016,-269.9188537597656,428.82861328125,-0.239105224609375
361,72.2,-1.8416093735473428e-05,-2.249894171662789e-05,0.0014626911314666179,0.004798855571760938,20.000090209726903,-268.1307373046875,428.8222961425781,-0.2287292331457138
362,72.4,-0.0001201559364909026,-0.0001467945076109357,0.001700288912741368,0.00557837587647839,20.000065725553508,-266.3426208496094,428.8160400390625,-0.2264403998851776
363,72.6,-8.914898013686628e-05,-0.00010891330903320954,0.001933185101358799,0.006342471007942002,20.00002269993149,-264.5544738769531,428.8097839355469,-0.22967529296875
364,72.8,-4.1529877032501434e-05,-5.0737050770607e-05,0.002175695022004066,0.00713810725599182,20.000007272215132,-262.766357421875,428.8034973144531,-0.233367919921875
365,73.0,0.0001035926369094656,0.00012655912451229413,0.001803091944427771,0.005915656174956408,20.000013240700106,-260.9782409667969,428.796630859375,-0.2355652004480362
366,73.2,5.5684624589619504e-05,6.802990586113814e-05,0.0019185732577776627,0.006294531887047267,20.000037152200164,-259.19012451171875,428.7902526855469,-0.23345942795276642
367,73.4,-0.0004180803401648344,-0.0005107687515793781,0.0021258697638747255,0.006974638556110755,20.00004606050312,-257.4019775390625,428.7839660644531,-0.23104852437973022
368,73.6,2.714927654543445e-05,3.316827115555727e-05,0.0019057950640402306,0.00625260867790575,20.00003026814702,-255.61386108398438,428.7772521972656,-0.2414245754480362
369,73.8,0.00030178647376319823,0.00036869253499649925,0.0015331564508903454,0.005030041010339081,20.000036707727837,-253.8257293701172,428.7703857421875,-0.2451476901769638
370,74.0,0.00021420004487165232,0.00026168819481969764,0.0013130493084099412,0.004307904693003671,20.00004606034209,-252.03761291503906,428.763671875,-0.2373351901769638
371,74.2,-3.1801190880746684e-05,-3.885151489900822e-05,0.0015202413648054997,0.004987668679308476,20.00003344244274,-250.24948120117188,428.75738525390625,-0.2286987006664276
372,74.4,-0.00010277726349152589,-0.00012556298280759717,0.0017543192641423099,0.005755640814568656,20.000013608147878,-248.46136474609375,428.7511291503906,-0.22723384201526642
373,74.6,-7.7608391700095e-05,-9.481417214000606e-05,0.0020261329170439216,0.00664741791955438,20.00001865332288,-246.67323303222656,428.744873046875,-0.2301940619945526
374,74.8,-4.697306307042699e-05,-5.7386991153140657e-05,0.0022637006455540946,0.007426839625959696,20.000032664156336,-244.88511657714844,428.7386169433594,-0.2333984076976776
375,75.0,9.268059570531693e-05,0.00011322788377318569,0.001891159554653729,0.00620459191329014,20.00004971598413,-243.09698486328125,428.73175048828125,-0.235595703125
376,75.2,-0.00030795061128069634,-0.00037622326180162673,0.0019761766379023426,0.006483519360695521,20.000057083119234,-241.30886840820312,428.725341796875,-0.2338256686925888
377,75.4,0.00010336014999403652,0.0001262750952477144,0.0016645429191071495,0.005461098990723501,20.000029169697022,-239.52073669433594,428.7185363769531,-0.24102783203125
378,75.6,0.0003038881953031784,0.00037126020820189306,0.0012919043059572643,0.0042385313231568305,20.000026065875932,-237.73260498046875,428.711669921875,-0.2416076809167862
379,75.8,9.314352366834186e-05,0.00011379344286561324,0.0013159282343470093,0.004317349988375042,20.000023502076303,-235.94448852539062,428.7052001953125,-0.232879638671875
380,76.0,-6.457522221121994e-05,-7.889154897544739e-05,0.0014936992036564717,0.004900588095324299,20.00002593762476,-234.15635681152344,428.6988830566406,-0.22735591232776642
381,76.2,-0.00010143544492987778,-0.00012392368307083168,0.001791302409698354,0.005876976597834748,20.000030083749913,-232.3682403564453,428.6926574707031,-0.227996826171875
382,76.4,-6.877472445284429e-05,-8.402208086403986e-05,0.002028942458419427,0.006656635575280794,20.00003492265233,-230.58010864257812,428.6864013671875,-0.2313232272863388
383,76.6,-6.017989980477242e-06,-7.352178359149047e-06,0.0021140897006143152,0.00693599005336347,20.00004215602458,-228.7919921875,428.67999267578125,-0.2343139499425888
384,76.8,0.0001146054403162791,0.0001400134664343982,0.001741380137848302,0.005713189611458223,20.00003992556181,-227.0038604736328,428.6731262207031,-0.23535160720348358
385,77.0,3.6189117865710554e-05,4.4212245296538584e-05,0.001948516271743985,0.006392770124988535,20.000035858942674,-225.2157440185547,428.6668395996094,-0.2325744330883026
386,77.2,-0.0004193285267694472,-0.0005122936611542336,0.002125190442506212,0.006972409811392081,20.000024573036406,-223.4276123046875,428.6605224609375,-0.23056025803089142
387,77.4,1.4207921059331589e-05,1.7357817158185403e-05,0.0019051387137763581,0.006250455297706027,20.000004327387906,-221.6394805908203,428.65380859375,-0.241180419921875
388,77.6,0.0002947409442458648,0.00036008501158517304,0.0015382423233160436,0.0050467269440282085,20.00002008535209,-219.8513641357422,428.6469421386719,-0.2452392429113388
389,77.8,0.00022548878647216694,0.00027547965043304637,0.0013123883005839543,0.00430573603208786,20.000057403223316,-218.063232421875,428.64019775390625,-0.237762451171875
390,78.0,-1.4702198566017938e-05,-1.7961675988104116e-05,0.0015194724651830156,0.004985146042671045,20.00006330084316,-216.27511596679688,428.6339111328125,-0.2289123386144638
391,78.2,-9.81690270982956e-05,-0.00011993310040598773,0.0017572450990482227,0.0057652400107613706,20.000031999510636,-214.4869842529297,428.6276550292969,-0.22686763107776642
392,78.4,-7.891418598329387e-05,-9.640946101579011e-05,0.0019948361136011305,0.006544738114947133,20.000011344711545,-212.69886779785156,428.62139892578125,-0.2295532077550888
393,78.6,-5.611499204953764e-05,-6.855568578692014e-05,0.002263062415015377,0.007424745693679049,20.00001050178752,-210.91073608398438,428.61517333984375,-0.2327270209789276
394,78.8,4.92257875626128e-05,6.013914466524405e-05,0.0020429552725349724,0.0067026093763436385,20.000032302503175,-209.12261962890625,428.60845947265625,-0.2351684719324112
395,79.0,-0.00030599351883355523,-0.00037383228195895444,0.0020060078051091557,0.006581390647314322,20.0000526725008,-207.33448791503906,428.6019287109375,-0.234619140625
396,79.2,0.0001265974227345843,0.00015466407135484165,0.001674339651264772,0.005493240501455515,20.000039240438902,-205.54635620117188,428.5950927734375,-0.2422485500574112
397,79.4,0.0003084538841349035,0.0003768381102476116,0.001321696808335002,0.004336275756657808,20.00004124079384,-203.75823974609375,428.5882263183594,-0.242218017578125
398,79.6,0.00010160969992557988,0.00012413657039908095,0.0013457490318102192,0.00441518725352424,20.000032267078435,-201.97010803222656,428.5817565917969,-0.2331237643957138
399,79.8,-0.0010607647292281046,-0.0012959362696979755,0.0015529319685897319,0.0050949213198279355,20.000025715426904,-200.18199157714844,428.5754699707031,-0.2273254096508026
400,80.0,-0.006130791559971112,-0.007489988048816708,0.0008013528046195838,0.0026291103355081153,19.999985999914266,-198.39385986328125,428.5684814453125,-0.25384521484375
401,80.2,-0.010958181713887988,-0.013387610599856955,-0.00532942325625462,-0.017484984996050407,19.999608599626754,-196.60574340820312,428.5568542480469,-0.424713134765625
402,80.4,-0.013399205881682376,-0.01636980982565136,-0.008543276989937945,-0.028029124879668008,19.99907916114531,-194.81776428222656,428.5354309082031,-0.774261474609375
403,80.6,-0.013931252673856349,-0.017019811391650302,-0.010633237607566369,-0.034885951272408046,19.998997442693646,-193.03001403808594,428.50018310546875,-1.2400819063186646
404,80.8,-0.014523419975984643,-0.01774326218466044,0.0001819610944899519,0.0005969852372464138,19.999511343069692,-191.24261474609375,428.44952392578125,-1.7480162382125854
405,81.0,-0.013436897566422887,-0.01641585775689884,-0.0006669575059756738,-0.0021881808639052295,20.00003398469855,-189.45570373535156,428.3825378417969,-2.278473138809204
406,81.2,-0.01278620474966026,-0.015620906342659939,-0.002608097300834139,-0.008556749948468678,20.000485941441447,-187.66940307617188,428.2995300292969,-2.787323474884033
407,81.4,-0.012856984561740134,-0.015707378039077922,-0.0047489480829808195,-0.015580538828566791,20.000475993642002,-185.8838653564453,428.20135498046875,-3.2685248851776123
408,81.6,-0.013182029490115883,-0.016104485428074574,-0.0066793044589091854,-0.02191372924096761,20.000037948801566,-184.09921264648438,428.08843994140625,-3.7442023754119873
409,81.8,-0.013338589272244726,-0.016295754513901382,-0.00889190888154915,-0.029172930334941713,19.999599360600392,-182.31565856933594,427.9603271484375,-4.228639125823975
410,82.0,-0.013388557915379873,-0.016356801205219592,-0.011345972431154913,-0.03722432019103029,19.9995089995253,-180.53330993652344,427.8170471191406,-4.720430374145508
411,82.2,-0.013767500376420968,-0.016819755209873496,-0.0008704300207274807,-0.0028557416292035475,19.999764623522662,-178.75222778320312,427.65838623046875,-5.215365886688232
412,82.4,-0.013431696150422735,-0.016409503186971455,-0.001501198639629088,-0.004925192544840697,20.000034482210012,-176.9725799560547,427.4841003417969,-5.720737934112549
413,82.6,-0.013170751516188555,-0.016090707127327557,-0.0028097887760984257,-0.009218467408174759,20.000252967824476,-175.19447326660156,427.2942199707031,-6.221348285675049
414,82.8,-0.013105470547091824,-0.01601095336738208,-0.004703639394988151,-0.015431888272652924,20.000259099617672,-173.41806030273438,427.08892822265625,-6.711980819702148
415,83.0,-0.013168269714164958,-0.01608767510979533,-0.00665788976891285,-0.021843471069440037,20.000082029227173,-171.64344787597656,426.86865234375,-7.199744701385498
416,83.2,-0.013291199528411977,-0.016237858463860912,-0.008788651548182883,-0.028834159545340327,19.999899213472453,-169.87081909179688,426.6333923339844,-7.6872639656066895
417,83.4,-0.013335379992357238,-0.016291833736662837,-0.011455527030754559,-0.037583751303580784,19.9998178501698,-168.1002960205078,426.3828430175781,-8.177927017211914
418,83.6,-0.013699593707069416,-0.016736793631926705,-0.0009642884851759626,-0.003163676233704705,19.999895532399258,-166.3319854736328,426.1170654296875,-8.671001434326172
419,83.8,-0.01342461303128148,-0.016400849740316584,-0.0016243629298641066,-0.005329274874815356,19.999980678287322,-164.56607055664062,425.8358459472656,-9.174053192138672
420,84.0,-0.0131959551061211,-0.016121498353148148,-0.0028853237557714233,-0.009466285590885117,20.000112558350864,-162.80264282226562,425.53924560546875,-9.673748970031738
421,84.2,-0.013146952994117998,-0.016061632472913957,-0.004685207865972256,-0.015371417374996416,20.00016312110048,-161.04183959960938,425.2273864746094,-10.164900779724121
422,84.4,-0.013217350453605928,-0.01614763704917036,-0.0067133433397895265,-0.02202540536291507,20.00011480675513,-159.28375244140625,424.90057373046875,-10.652297973632812
423,84.6,-0.013309960335681307,-0.016260778542101853,-0.008920326640820236,-0.029266164456268663,20.000001744656206,-157.5285186767578,424.5588684082031,-11.140854835510254
424,84.8,-0.013583512880855478,-0.016594977686541137,-0.001007321743011269,-0.003304861467341092,19.999907699965302,-155.7762908935547,424.2020263671875,-11.63249397277832
425,85.0,-0.013429492696605887,-0.01640681122744341,-0.0012252465347004082,-0.004019837840906488,19.9998879517947,-154.02723693847656,423.8299865722656,-12.132220268249512
426,85.2,-0.0132622580963845,-0.016202500716352944,-0.0019197295502154377,-0.006298325497528816,19.99999301507882,-152.28147888183594,423.4428405761719,-12.630817413330078
427,85.4,-0.013230758281708211,-0.016164017392762922,-0.003079014007847245,-0.010101752317505555,20.000108547469605,-150.5391082763672,423.0406494140625,-13.123676300048828
428,85.6,-0.01325496482522567,-0.0161935905269782,-0.0047055274241788875,-0.015438082594343061,20.00015039182145,-148.8002471923828,422.62347412109375,-13.613909721374512
429,85.8,-0.01330643124689679,-0.01625646705433381,-0.006607011997711132,-0.02167654924257059,20.00008896078173,-147.06497192382812,422.19146728515625,-14.104360580444336
430,86.0,-0.013306509630151465,-0.016256562815156046,-0.008917418730077481,-0.0292566240663874,20.00000085520388,-145.3335418701172,421.74456787109375,-14.596335411071777
431,86.2,-0.013602489591293808,-0.016618161533683645,-0.0008174282214997164,-0.0026818512062251297,19.999943744823952,-143.60601806640625,421.2828674316406,-15.088884353637695
432,86.4,-0.013384393091097213,-0.016351713039393465,-0.0011334362872325587,-0.003718623108604068,19.999937047772033,-141.88255310058594,420.8060302734375,-15.58909797668457
433,86.6,-0.0132479206610829,-0.01618498467164498,-0.001930209576174749,-0.006332708785897164,20.000023946432073,-140.16331481933594,420.3143615722656,-16.086746215820312
434,86.8,-0.013208189301383948,-0.01613644486950077,-0.0032091808751709833,-0.010528808982495969,20.000122014905468,-138.4483642578125,419.8078308105469,-16.57878303527832
435,87.0,-0.013266682030781629,-0.016207905437005916,-0.00471821849155233,-0.015479719955824546,20.00012407099517,-136.73777770996094,419.2867126464844,-17.068246841430664
436,87.2,-0.013296528870870941,-0.01624436932154303,-0.006661356859688383,-0.021854846039540035,20.000059393557734,-135.03173828125,418.75091552734375,-17.558759689331055
437,87.4,-0.013310902550125419,-0.016261929645488223,-0.008948351443596014,-0.029358109350207547,19.999988302332145,-133.3303680419922,418.2005310058594,-18.05057716369629
438,87.6,-0.013621427134551603,-0.016641297530281693,-0.0007857448981835602,-0.0025779032917565515,19.999966171869023,-131.6337890625,417.6355895996094,-18.543128967285156
439,87.8,-0.013424863303866918,-0.016401155498334215,-0.001067850381824026,-0.0035034462467035373,19.99994233944567,-129.94219970703125,417.05584716796875,-19.043855667114258
440,88.0,-0.013196578093096933,-0.016122259456336524,-0.0019737139359010114,-0.006475439629461475,20.00002775290427,-128.25572204589844,416.46136474609375,-19.542726516723633
441,88.2,-0.013189493789702498,-0.01611360456287954,-0.0032549771053276416,-0.010679059086243139,20.000109476170213,-126.57440948486328,415.8524169921875,-20.03384017944336
442,88.4,-0.01325362290146353,-0.016191951098717995,-0.004882064573713388,-0.01601727273602183,20.000128064013,-124.89834594726562,415.2291259765625,-20.52233123779297
443,88.6,-0.013301564217537764,-0.016250521004565886,-0.006757480442215025,-0.02217021213403674,20.000074752176264,-123.2276840209961,414.591552734375,-21.012258529663086
444,88.8,-0.013320178873550526,-0.016273262529816677,-0.009034112639390413,-0.029639478111817642,19.999986877605206,-121.56253814697266,413.9396667480469,-21.504077911376953
445,89.0,-0.01361524507277188,-0.016633744905405406,-0.00082213810916687,-0.0026973035940790336,19.999956928856026,-119.903076171875,413.27349853515625,-21.996902465820312
446,89.2,-0.013422027652391123,-0.016397691182926236,-0.001093105956174234,-0.003586305745254674,19.999950796956607,-118.24949645996094,412.5929260253906,-22.497604370117188
447,89.4,-0.013201920926672191,-0.016128786796115416,-0.0020311440424795324,-0.006663858620328549,20.000027931267734,-116.60188293457031,411.89788818359375,-22.996349334716797
448,89.6,-0.013196747476509358,-0.016122466392051484,-0.003315040313872697,-0.010876116863366099,20.00012527332429,-114.96031188964844,411.18878173828125,-23.487592697143555
449,89.8,-0.013255962549367619,-0.01619480944656242,-0.004946854051899541,-0.01622983664763409,20.000127555736928,-113.32481384277344,410.4656066894531,-23.976327896118164
450,90.0,-0.013306114700644706,-0.01625608032977764,-0.006841653806746811,-0.022446371475327208,20.000043032102564,-111.69558715820312,409.7285461425781,-24.466411590576172
451,90.2,-0.013338314121076441,-0.016295418361719088,-0.009071463407941294,-0.029762020007310114,19.999966061086948,-110.07275390625,408.9775695800781,-24.95838165283203
452,90.4,-0.013615416321615274,-0.01663395412011738,-0.0008367701672420402,-0.0027453090354943753,19.999962316081305,-108.45645904541016,408.2125549316406,-25.451730728149414
453,90.6,-0.013388237665421986,-0.01635640995584604,-0.0011609152970495917,-0.0038087773431721827,19.999972568048616,-106.8469009399414,407.43353271484375,-25.952617645263672
454,90.8,-0.013215916182424707,-0.016145884800068264,-0.002024454433952133,-0.006641911085087516,20.00006649590969,-105.24417114257812,406.64056396484375,-26.450511932373047
455,91.0,-0.013218975973007453,-0.016149622946223206,-0.003310357779303698,-0.010860754216650744,20.00012160030997,-103.64830017089844,405.8338623046875,-26.94178581237793
456,91.2,-0.01325222515797571,-0.016190243475498925,-0.004960725986815115,-0.016275348246582503,20.000094515427243,-102.05936431884766,405.0134582519531,-27.431201934814453
457,91.4,-0.013298516601416049,-0.016246797731949987,-0.006872227713121376,-0.022546679570317134,20.00002926092485,-100.4775390625,404.1795654296875,-27.921436309814453
458,91.6,-0.013330277549537401,-0.016285600082269844,-0.009229605487624526,-0.03028085886801805,19.999962783318143,-98.90290069580078,403.33209228515625,-28.411977767944336
459,91.8,-0.013649744112297848,-0.01667589238199428,-0.0008027907181583083,-0.002633827899762504,19.99993581456439,-97.33560180664062,402.4711608886719,-28.904600143432617
460,92.0,-0.013428321771017758,-0.016405380707652396,-0.0010979500473243253,-0.0036021984332635397,19.99992636630783,-95.77587890625,401.59661865234375,-29.406282424926758
461,92.2,-0.01322389562599431,-0.016155633286277248,-0.002039857957690294,-0.006692447581908624,20.000031452332397,-94.2238540649414,400.70849609375,-29.905582427978516
462,92.4,-0.013184680112276742,-0.016107723693168496,-0.0033873332240098517,-0.011113298334660482,20.00014914085498,-92.67949676513672,399.8070373535156,-30.39746856689453
463,92.6,-0.013240527152961253,-0.016175952022772763,-0.004996468962845085,-0.01639261523206067,20.000155757549162,-91.1429214477539,398.8924255371094,-30.886150360107422
464,92.8,-0.01328646629767217,-0.01623207587586609,-0.006989574498160456,-0.02293167559654475,20.00007693280297,-89.61419677734375,397.9646911621094,-31.375715255737305
465,93.0,-0.0133141431915226,-0.01626588873708316,-0.009311684358501271,-0.03055014651074531,19.99998680740838,-88.093505859375,397.02392578125,-31.86705207824707
466,93.2,-0.013587843851119868,-0.016600268832913143,-0.0009023564307938936,-0.0029604870724058378,19.99996116417964,-86.58094787597656,396.0700378417969,-32.359580993652344
467,93.4,-0.013425258687486818,-0.016401638538502645,-0.0012018503319092821,-0.003943078642941249,19.99995408980066,-85.07673645019531,395.1031188964844,-32.85948181152344
468,93.6,-0.013251785456018723,-0.016189706291618075,-0.002058088063402852,-0.006752257641934613,20.00003880180456,-83.58099365234375,394.1231689453125,-33.35805130004883
469,93.8,-0.013213349384872754,-0.016142748943499045,-0.0034130183346000736,-0.011197567072889306,20.000115131670533,-82.09375762939453,393.13031005859375,-33.8505973815918
470,94.0,-0.013254916115916848,-0.016193531018815613,-0.005071779799050935,-0.01663969803591827,20.000118900642256,-80.61505889892578,392.1247863769531,-34.34028244018555
471,94.2,-0.013282479030260967,-0.016227204631269823,-0.007059892417360991,-0.023162377438574633,20.000051049903092,-79.14501190185547,391.1065979003906,-34.83054733276367
472,94.4,-0.013297574539106063,-0.016245646814425876,-0.009452694924798666,-0.031012779617076453,19.999988921422414,-77.68376922607422,390.0758361816406,-35.321903228759766
473,94.6,-0.01357905460298446,-0.016589531008466114,-0.0009307601410470934,-0.003053675101152946,19.99997834971805,-76.23143005371094,389.0325622558594,-35.81396484375
474,94.8,-0.01342665965601471,-0.016403350101753172,-0.0012587702939979573,-0.004129823931360258,19.999957578475403,-74.78821563720703,387.97674560546875,-36.31346893310547
475,95.0,-0.013261061802860314,-0.016201039204554447,-0.002087045371983731,-0.006847261938219104,20.00002516852339,-73.354248046875,386.90850830078125,-36.81193923950195
476,95.2,-0.013196300325308177,-0.016121920107429,-0.0034746895887519773,-0.011399900590361037,20.000099161410404,-71.92951965332031,385.8277893066406,-37.30470275878906
477,95.4,-0.013199703340205237,-0.016126077570728738,-0.00521843531338749,-0.01712085131357421,20.000137383811737,-70.51412963867188,384.7349548339844,-37.795692443847656
478,95.6,-0.013261367170887488,-0.016201412272673243,-0.007254712226008875,-0.023801550059578958,20.000124948114404,-69.10811614990234,383.63006591796875,-38.28498077392578
479,95.8,-0.013315016118835045,-0.016266955192380774,-0.00957557272439663,-0.03141592201710944,20.000018193109195,-67.71160125732422,382.51324462890625,-38.775245666503906
480,96.0,-0.013626987943496914,-0.01664809117057018,-0.0008836134030290599,-0.002898994197193861,19.999953451513452,-66.32473754882812,381.3843994140625,-39.26749801635742
481,96.2,-0.013426841745860608,-0.016403572560917904,-0.0012067369529729088,-0.0039591108647916385,19.999900653936823,-64.9477767944336,380.2435607910156,-39.7684440612793
482,96.4,-0.01321976094402675,-0.01615058194531748,-0.0021750172415448132,-0.007135883566749885,19.999984500919833,-63.58079147338867,379.0907287597656,-40.2674446105957
483,96.6,-0.013214929042723112,-0.016144678811494825,-0.003443904846667848,-0.011298900777141742,20.000103782008036,-62.22377395629883,377.92633056640625,-40.75921630859375
484,96.8,-0.013256806424162547,-0.016195840408399383,-0.005162658423119235,-0.01693785626090651,20.00014016364269,-60.87676239013672,376.75018310546875,-41.24863052368164
485,97.0,-0.01328685451017736,-0.01623255015508368,-0.007258011856495439,-0.023812375619264494,20.00008475407227,-59.53986358642578,375.56256103515625,-41.73893356323242
486,97.2,-0.013308275144477395,-0.016258719744008034,-0.009572602276277598,-0.03140617645210259,20.00000322545166,-58.21320724487305,374.3636169433594,-42.2304573059082
487,97.4,-0.01361932966047105,-0.01663873504619748,-0.000820712595279105,-0.002692626711095499,19.99996190487033,-56.89689254760742,373.15325927734375,-42.72282791137695
488,97.6,-0.013409584942108073,-0.016382489923773433,-0.0012145299857617697,-0.003984678558486644,19.999938169574282,-55.5911865234375,371.9314880371094,-43.223487854003906
489,97.8,-0.013232016159832166,-0.016165554142466957,-0.0021788983036251375,-0.007148616710465496,20.00000238169554,-54.296146392822266,370.69842529296875,-43.7219123840332
490,98.0,-0.013195452978780072,-0.016120884904175615,-0.0035684865930755635,-0.011707633554026032,20.000092280822756,-53.011775970458984,369.4542541503906,-44.21378707885742
491,98.2,-0.013247058857433722,-0.01618393180612678,-0.00524935010449698,-0.017222277796837875,20.00013268114261,-51.73807144165039,368.1991271972656,-44.7027702331543
492,98.4,-0.013285949481393987,-0.016231444481419034,-0.007334672530237729,-0.02406388702410515,20.000087947472185,-50.47514724731445,366.93310546875,-45.19273376464844
493,98.6,-0.013313282885638556,-0.016264837701384625,-0.009718504300430475,-0.031884857649024316,20.00000357778939,-49.22311782836914,365.6563720703125,-45.68410110473633
494,98.8,-0.013631747561471725,-0.016653905995850007,-0.000853509208531833,-0.002800227151719579,19.999970040936383,-47.98211669921875,364.3689270019531,-46.176578521728516
495,99.0,-0.013444065488486328,-0.016424614807283747,-0.0011744751975411583,-0.0038532652071009334,19.999939196583732,-46.75238037109375,363.07080078125,-46.6776008605957
496,99.2,-0.01320322268610148,-0.01613037715561018,-0.002211541431567182,-0.007255713590342874,20.000008411874234,-45.53401565551758,361.7618713378906,-47.17707824707031
497,99.4,-0.013173788284842544,-0.016094417147592136,-0.0036628098325481428,-0.01201709301101725,20.000107728760092,-44.32694625854492,360.4425048828125,-47.6685905456543
498,99.6,-0.013231062595272736,-0.016164389172644702,-0.005434448804118253,-0.01782955701450333,20.00013256704452,-43.13117980957031,359.11285400390625,-48.15678405761719
499,99.8,-0.013316761088313344,-0.016269087021592413,-0.007367435387496457,-0.024171376716713877,20.000080226257424,-41.94680404663086,357.773193359375,-48.64598083496094
500,100.0,-0.01334387722370631,-0.016302214804202,-0.009686442394516825,-0.03177966766562658,19.999988273752567,-40.77397537231445,356.4234924316406,-49.13799285888672
501,100.2,-0.013744370233505002,-0.016791497114273062,-0.0005546852101107613,-0.00181983342473979,19.999953278068418,-39.61281204223633,355.0638732910156,-49.63162612915039
502,100.4,-0.01334840936499999,-0.01630775172122049,-0.0011694125820034262,-0.003836655575540121,19.99991835585062,-38.463626861572266,353.6936950683594,-50.13596725463867
503,100.6,-0.013138606168063751,-0.016051435155523486,-0.002264981884512407,-0.007431043165983685,20.000034540505574,-37.326412200927734,352.31378173828125,-50.63420104980469
504,100.8,-0.013164353367119377,-0.016082890508609744,-0.0037283226657872214,-0.012232030134821348,20.00015608582008,-36.20104217529297,350.9241027832031,-51.12312698364258
505,101.0,-0.013271794497347283,-0.016214151337409177,-0.005439266917076191,-0.01784536447222025,20.000205964144325,-35.0875244140625,349.5248718261719,-51.60969924926758
506,101.2,-0.013391687148760148,-0.016360624189640273,-0.007371291735788654,-0.02418402877844485,20.00019609681492,-33.98594284057617,348.1162414550781,-52.09678649902344
507,101.4,-0.01340153594418098,-0.016372656463005904,-0.00966155624391729,-0.031698020187293605,20.000044179118635,-32.89651107788086,346.6982727050781,-52.58998107910156
508,101.6,-0.013741418524030677,-0.016787891010808277,-0.0006017324960844173,-0.0019741880424535996,19.999836110687145,-31.81937599182129,345.27093505859375,-53.08552169799805
509,101.8,-0.013667536534614066,-0.016697629384338004,-0.0009176643215499936,-0.003010709812714081,19.999677061260577,-30.7546443939209,343.83428955078125,-53.58145523071289
510,102.0,-0.01336353702853106,-0.016326233187756396,-0.001889360331457729,-0.006198688949859776,19.99970938073741,-29.702537536621094,342.388427734375,-54.084381103515625
511,102.2,-0.013143638210690858,-0.016057582802001022,-0.0035155059593822047,-0.011533812571779512,20.00003704568339,-28.66304588317871,340.9333801269531,-54.582176208496094
512,102.4,-0.013145085026022688,-0.016059350376291918,-0.00542098882813713,-0.01778539698690542,20.000328599743007,-27.63602638244629,339.4695129394531,-55.07133865356445
513,102.6,-0.013238242697599862,-0.01617316110365775,-0.007548782609192617,-0.024766347935543505,20.000352395957496,-26.62148666381836,337.9969787597656,-55.558082580566406
514,102.8,-0.013300318812624437,-0.016248999493383275,-0.01003707723089059,-0.03293004446219508,20.000141724296988,-25.619558334350586,336.51580810546875,-56.04712677001953
515,103.0,-0.01363406848541713,-0.016656741468634106,-0.0009088224410208068,-0.002981701017398704,19.999914083599073,-24.630367279052734,335.0260925292969,-56.538734436035156
516,103.2,-0.013436993705577173,-0.01641597521010363,-0.0013075625112959344,-0.0042899033895601535,19.999782194677767,-23.654211044311523,333.52789306640625,-57.03968048095703
517,103.4,-0.013213955093236526,-0.016143488937407063,-0.0023331077722590354,-0.007654553303538334,19.99990207417374,-22.691146850585938,332.0212097167969,-57.538997650146484
518,103.6,-0.013193759218556245,-0.016118815637310165,-0.003764965735764906,-0.012352250184526934,20.00012539437446,-21.741073608398438,330.5063171386719,-58.03074645996094
519,103.8,-0.01325514877343886,-0.016193815256510254,-0.005550967704859522,-0.018211836884811313,20.00023796319879,-20.803964614868164,328.9833068847656,-58.51951217651367
520,104.0,-0.013306782857932938,-0.01625689661753667,-0.007586455036154183,-0.024889945140816088,20.000165285520236,-19.87991714477539,327.4524230957031,-59.0095329284668
521,104.2,-0.013339387969412303,-0.01629673028223101,-0.00999653401011108,-0.03279702864173283,20.00000547593431,-18.969017028808594,325.9136047363281,-59.50016403198242
522,104.4,-0.013718054904789166,-0.016759347677180923,-0.0007455220715479882,-0.002445938633217502,19.999826642825106,-18.07136344909668,324.3670349121094,-59.9921760559082
523,104.6,-0.01344570923371604,-0.016426622970830886,-0.001210534417578929,-0.003971569738569654,19.999734159112613,-17.187280654907227,322.8127136230469,-60.4953498840332
524,104.8,-0.013180304146862288,-0.016102377576221658,-0.00234573094654128,-0.007695967918650493,19.99996711498709,-16.316810607910156,321.2507019042969,-60.99580001831055
525,105.0,-0.012959997693622894,-0.01583322918229909,-0.004035690497309517,-0.013240454811192955,20.00028400665616,-15.459939956665039,319.68115234375,-61.49362564086914
526,105.2,-0.013068512177559994,-0.015965801327325044,-0.005962219100680732,-0.019561086914277374,20.00049035494643,-14.616438865661621,318.1043701171875,-61.978797912597656
527,105.4,-0.013264336682427047,-0.016205040124921122,-0.00803759635124976,-0.02637006761303426,20.000286947311817,-13.786274909973145,316.5205078125,-62.46171569824219
528,105.6,-0.013360496151543324,-0.01632251814834048,-0.010346692553386272,-0.03394584279685182,19.999916533725326,-12.969650268554688,314.9296875,-62.95054244995117
529,105.8,-0.013728435930143687,-0.01677203017585654,-0.000892898966614708,-0.0029294586456281987,19.999705068847756,-12.166740417480469,313.3319396972656,-63.44392395019531
530,106.0,-0.013773052399415661,-0.016826538116366113,-0.0010668560343014,-0.003500183951577405,19.999668479718327,-11.377642631530762,311.727294921875,-63.938392639160156
531,106.2,-0.013444116637260667,-0.016424677295741357,-0.001985797744855161,-0.006515084673230607,19.999779651072284,-10.602673530578613,310.11578369140625,-64.44364929199219
532,106.4,-0.013170758727449121,-0.01609071593732459,-0.0035859285404022823,-0.011764857792493423,20.00012590702515,-9.841827392578125,308.4975280761719,-64.94465637207031
533,106.6,-0.01313748261414714,-0.01605006250970356,-0.005565077038613711,-0.018258127351365408,20.000359492623996,-9.094904899597168,306.872802734375,-65.43537902832031
534,106.8,-0.013218560181963669,-0.016149114974305014,-0.00777923354204868,-0.02552242057409499,20.00032167252339,-8.361838340759277,305.2417907714844,-65.92231750488281
535,107.0,-0.013287261393109987,-0.016233047243962472,-0.01031768628173374,-0.033850677860563325,20.000088442070737,-7.642707824707031,303.60455322265625,-66.41081237792969
536,107.2,-0.013642117179783041,-0.016666574558540943,-0.0009064136181775595,-0.002973798055061664,19.999883610178816,-6.937633991241455,301.96124267578125,-66.9018325805664
537,107.4,-0.01341841978572426,-0.01639328345221933,-0.0013789860605034343,-0.0045242326267420875,19.99978507923625,-6.24691104888916,300.31182861328125,-67.40287017822266
538,107.6,-0.013215719643305365,-0.016145644688226164,-0.002444858423528401,-0.008021189310248918,19.999943208381115,-5.570580959320068,298.656494140625,-67.90174102783203
539,107.8,-0.013197462120627617,-0.01612333947277076,-0.003944690735706252,-0.0129418991533345,20.0001570212279,-4.908500671386719,296.9953918457031,-68.39331817626953
540,108.0,-0.013257331616174506,-0.016196482035480395,-0.005740926173179534,-0.01883506022601434,20.000234329904227,-4.260631084442139,295.32867431640625,-68.88220977783203
541,108.2,-0.013298349769360238,-0.016246593913227404,-0.00785618260785581,-0.02577487814715766,20.00013665333196,-3.627042770385742,293.6564636230469,-69.37235260009766
542,108.4,-0.01331417456154006,-0.016265927061833493,-0.010329326519984305,-0.033888867619825305,20.000000009410673,-3.0078277587890625,291.9789123535156,-69.86412811279297
543,108.6,-0.013644783382596165,-0.016669831858517736,-0.0008539416129967892,-0.002801645801584386,19.99992351211276,-2.403057813644409,290.29608154296875,-70.35680389404297
544,108.8,-0.013414684364554137,-0.01638871988817579,-0.001356279264830812,-0.004449735263227521,19.999900525716818,-1.8129942417144775,288.60809326171875,-70.8582534790039
545,109.0,-0.013196577601115225,-0.01612225885528247,-0.002479428683573426,-0.008134608802215039,20.000016763303364,-1.2376580238342285,286.91497802734375,-71.35711669921875
546,109.2,-0.013032044145526816,-0.01592124833259011,-0.004132059298426437,-0.013556625428649391,20.000146651407782,-0.67702317237854,285.21697998046875,-71.85382080078125
547,109.4,-0.013110326324782668,-0.016016885670986986,-0.006092908643968831,-0.019989858395478698,20.000254309877704,-0.13088268041610718,283.5141906738281,-72.34043884277344
548,109.6,-0.013265440865589496,-0.016206389105490687,-0.008194761012171647,-0.026885699719173227,20.000151456214276,0.4008185863494873,281.8068542480469,-72.82518005371094
549,109.8,-0.013345972859458865,-0.016304775042400896,-0.010602923766243,-0.03478649640924068,19.999966884034933,0.9179307818412781,280.0950622558594,-73.31449890136719
550,110.0,-0.013708811294946848,-0.016748054759036565,-0.0009225283020546649,-0.0030266677545130265,19.999863371972573,1.4203099012374878,278.37890625,-73.80756378173828
551,110.2,-0.013448644102560142,-0.016430208500097725,-0.001392909423197114,-0.0045699129520020195,19.999850251982377,1.9076483249664307,276.6584167480469,-74.31095886230469
552,110.4,-0.013205077315987798,-0.016132642956942292,-0.002514292511300753,-0.008248991442775962,19.999997784121906,2.3799333572387695,274.9337463378906,-74.81138610839844
553,110.6,-0.013173407484461884,-0.016093951923767082,-0.004058694016346476,-0.013315925676590172,20.00016798297465,2.8373658657073975,273.2050476074219,-75.30300903320312
554,110.8,-0.013242144571067694,-0.016177928022473403,-0.005884382676753092,-0.01930571806119861,20.000192844641695,3.2800302505493164,271.4725341796875,-75.79124450683594
555,111.0,-0.013297158478064727,-0.016245138512651677,-0.008023878098231768,-0.026325060219802715,20.000089172810924,3.707875967025757,269.7362976074219,-76.28074645996094
556,111.2,-0.013314005215454035,-0.016265720171720194,-0.010534883701890596,-0.03456326784451074,19.999963108384666,4.120814323425293,267.9964294433594,-76.77237701416016
557,111.4,-0.013652068415947289,-0.016678731983762803,-0.0008673585654187521,-0.0028456646757684585,19.99991210874999,4.518784046173096,266.2530822753906,-77.26502227783203
558,111.6,-0.013418694342925364,-0.016393618878751917,-0.0014058060396593963,-0.004612224687156134,19.999921660292745,4.901524066925049,264.50634765625,-77.76658630371094
559,111.8,-0.01320802178471827,-0.01613624021439031,-0.002554078792218549,-0.008379523864662303,20.00003772956523,5.26902961730957,262.75634765625,-78.26559448242188
560,112.0,-0.013180642256174012,-0.01610279064436779,-0.004106375906744069,-0.013472362329882212,20.000149751717466,5.621480464935303,261.00323486328125,-78.75696563720703
561,112.2,-0.013247038592793563,-0.016183907048815897,-0.005937364155450403,-0.0194795418157679,20.00014373074769,5.958955764770508,259.2471923828125,-79.2453384399414
562,112.4,-0.013296927423020554,-0.016244856232704212,-0.00811328457835922,-0.026618388576064064,20.000054580040985,6.281411170959473,257.48828125,-79.73503112792969
563,112.6,-0.013316752651093564,-0.016269076713841008,-0.010628548665060855,-0.03487056760227825,19.999973950555475,6.588770389556885,255.7267303466797,-80.22663879394531
564,112.8,-0.013686263869019853,-0.016720508568781555,-0.00083633383687301,-0.002743877505366446,19.999909700119744,6.880989074707031,253.9626922607422,-80.71880340576172
565,113.0,-0.013431436449718984,-0.016409185910621682,-0.001382860093946628,-0.0045369427106238544,19.999859511185875,7.157787322998047,252.19610595703125,-81.22106170654297
566,113.2,-0.01318820006786183,-0.016112024022906797,-0.002568740405257227,-0.00842762627118412,20.00000361392883,7.419159412384033,250.4271240234375,-81.72078704833984
567,113.4,-0.012996565684110211,-0.015877904296277445,-0.004319959403119231,-0.014173095608129696,20.00019317415625,7.665163516998291,248.6559295654297,-82.21807098388672
568,113.6,-0.012960615880944939,-0.015833984421750432,-0.006473076002815513,-0.02123712667307725,20.000370033936235,7.895946502685547,246.8826446533203,-82.70896911621094
569,113.8,-0.013144453043284736,-0.016058578282980962,-0.00874142976899385,-0.028679232443305783,20.000336299217594,8.111743927001953,245.1074981689453,-83.1914291381836
570,114.0,-0.013313202252764746,-0.01626473919220269,-0.011179034332975915,-0.0366766230010007,20.00004413599077,8.312517166137695,243.3306121826172,-83.6761703491211
571,114.2,-0.013719404871308231,-0.016760996931277267,-0.0011278162512698975,-0.0037001846698163305,19.99977864151088,8.498085975646973,241.55210876464844,-84.16705322265625
572,114.4,-0.013852247462742629,-0.01692329072523267,-0.0012561952626700817,-0.004121375665578511,19.999621661879896,8.668367385864258,239.77207946777344,-84.65972900390625
573,114.6,-0.013519655363081721,-0.016516962957076938,-0.002156213385600554,-0.007074191124013721,19.999619067832388,8.822978019714355,237.99061584472656,-85.16647338867188
574,114.8,-0.01319102805912082,-0.016115478979827905,-0.0038231104958288383,-0.012543013839135086,19.99999079296992,8.961913108825684,236.2078857421875,-85.670166015625
575,115.0,-0.013123719195384253,-0.01603324774100094,-0.005930164760507513,-0.019455921752863467,20.00035593960249,9.085479736328125,234.42393493652344,-86.1622543334961
576,115.2,-0.013195514073025804,-0.016120959543015626,-0.008306295900824004,-0.027251627843259425,20.00041780349604,9.193851470947266,232.63897705078125,-86.6490478515625
577,115.4,-0.013267256201199689,-0.01620860690100566,-0.010930909316145147,-0.035862564520781647,20.000192416778965,9.287017822265625,230.85317993164062,-87.13680267333984
578,115.6,-0.01363751037218537,-0.016660946421698866,-0.0009687630532431123,-0.0031783565756021326,19.999909369120587,9.364912986755371,229.0666961669922,-87.62710571289062
579,115.8,-0.013447383351016261,-0.016428668239936568,-0.0015009575501516194,-0.004924401568839439,19.9997282598023,9.427250862121582,227.27960205078125,-88.1277847290039
580,116.0,-0.01323195510050141,-0.01616547954628257,-0.0026697377560558153,-0.00875898241957816,19.999841616104774,9.474002838134766,225.49205017089844,-88.62736511230469
581,116.2,-0.013064868643508762,-0.015961350021774654,-0.004251390621536465,-0.013948132406761697,20.000096600038212,9.505362510681152,223.70413208007812,-89.11965942382812
582,116.4,-0.009801334689686674,-0.01197429059039021,-0.00595565034298734,-0.019539535871286585,20.000269676714097,9.521527290344238,221.91604614257812,-89.60527801513672
583,116.6,-0.004932325744825673,-0.006025822362453525,-0.0013218299417176653,-0.004336712545984985,20.000686123711553,9.524763107299805,220.12782287597656,-90.00438690185547
584,116.8,-0.0013423657101662228,-0.0016399681881100743,0.0025942134114682117,0.008511199128881368,20.000991665735476,9.519655227661133,218.3396453857422,-90.24315643310547
585,117.0,-9.265619004861675e-05,-0.00011319806738239508,0.002712440010714545,0.008899081684752707,20.000801093631306,9.510749816894531,216.551513671875,-90.33595275878906
586,117.2,0.000984610399247824,0.0012028985247610666,0.0016633336665589722,0.0054571316265933385,20.000277633228798,9.500677108764648,214.76339721679688,-90.35588836669922
587,117.4,0.0006540691818499174,0.000799076319466044,0.0010043944396868067,0.003295257453502063,19.999869785213367,9.490994453430176,212.9752655029297,-90.33229064941406
588,117.6,-2.4043127502815028e-05,-2.937348887018912e-05,0.0011177074366589268,0.0036670192664880735,19.999789074749714,9.482084274291992,211.18714904785156,-90.30522918701172
589,117.8,-0.0002742056577091366,-0.00033499705202325215,0.001518347017381233,0.004981453628505044,19.999996688008547,9.473462104797363,209.39901733398438,-90.298583984375
590,118.0,-0.00016557954161754333,-0.00020228852599415268,0.0017815221103543455,0.00584488900053495,20.000273523582003,9.464701652526855,207.61090087890625,-90.30565643310547
591,118.2,-5.364244864827129e-06,-6.553497951359304e-06,0.0018370662367982614,0.006027120392337208,20.000390996567532,9.455733299255371,205.82276916503906,-90.31295013427734
592,118.4,6.31769458157652e-05,7.718327470312035e-05,0.0018031848256789733,0.0059159609034806025,20.000293685562937,9.446677207946777,204.03463745117188,-90.3150634765625
593,118.6,5.5301476781564504e-05,6.756181418403735e-05,0.0017971289085570831,0.005896092408350421,20.000088810577804,9.43764591217041,202.24652099609375,-90.31369018554688
594,118.8,-0.0003580821910272272,-0.0004374690127779635,0.001841139715825186,0.006040484825267903,19.999940686944118,9.428667068481445,200.45838928222656,-90.31169891357422
595,119.0,4.5112951468145677e-05,5.5114492808633576e-05,0.001667028167180556,0.0054692526920126555,19.99992506951375,9.419469833374023,198.67027282714844,-90.32051849365234
596,119.2,0.00027427593490898317,0.00033508290967830474,0.0013809239999058923,0.004530590695851247,20.00004823610141,9.410160064697266,196.88214111328125,-90.32315063476562
597,119.4,0.00015548867292424808,0.00018996051171155388,0.0012758141041972976,0.004185741945614662,20.000166981286572,9.401031494140625,195.09402465820312,-90.3157958984375
598,119.6,-1.4151294704120117e-05,-1.7288636740023546e-05,0.0013771093367672105,0.004518075396439335,20.000178545041454,9.392109870910645,193.30589294433594,-90.3089828491211
599,119.8,-6.770655665501147e-05,-8.271710026542751e-05,0.0015429395688495613,0.005062137855064395,20.000094021896313,9.383252143859863,191.5177764892578,-90.30767059326172
600,120.0,-7.581807580208007e-05,-9.262694320740121e-05,0.0017061887981799748,0.005597732456620788,19.999979435178524,9.374391555786133,189.72964477539062,-90.30821990966797
601,120.2,-3.557186053086483e-05,-4.345814201055756e-05,0.0018117410843934171,0.005944032619321298,19.99993396572958,9.365474700927734,187.94151306152344,-90.31040954589844
602,120.4,8.004344205170424e-06,9.778907315456706e-06,0.0018617664384211318,0.006108157801829586,19.999997672670702,9.356499671936035,186.1533966064453,-90.312255859375
603,120.6,2.353409292989403e-05,2.875160133245154e-05,0.0018920263601932838,0.0062074357635765335,20.000090736100557,9.34750747680664,184.36526489257812,-90.31255340576172
604,120.8,-0.0003479619324474576,-0.000425105092871059,0.0019367439710213184,0.006354147089885582,20.000131982888146,9.338528633117676,182.5771484375,-90.31200408935547
605,121.0,4.298221174031997e-05,5.251136808314891e-05,0.0017536389114321165,0.005753408686182945,20.00009605801074,9.32932186126709,180.7890167236328,-90.32091522216797
606,121.2,0.0002619475953915631,0.00032002137728987266,0.0014577520816490752,0.004782651339557552,20.00004899719837,9.320002555847168,179.0009002685547,-90.3235092163086
607,121.4,0.00016237810162914786,0.00019837732676032994,0.0013303334516934083,0.004364611201653801,20.000019303579833,9.31085205078125,177.2127685546875,-90.31652069091797
608,121.6,4.018258772633622e-06,4.9091067425264964e-06,0.001412182878465506,0.0046331460749847704,20.000008809467193,9.301909446716309,175.42465209960938,-90.30968475341797
609,121.8,-5.784181625932678e-05,-7.066534692401953e-05,0.0015704701084914546,0.0051524611507431034,20.00001476664092,9.293045043945312,173.6365203857422,-90.30783081054688
610,122.0,-4.079081320720482e-05,-4.983413649524213e-05,0.0017049930034858433,0.005593809245556494,20.00003818083838,9.28415584564209,171.848388671875,-90.30926513671875
611,122.2,-6.912348204240731e-06,-8.4448158011209e-06,0.0017909839393627598,0.0058759317476189165,20.0000640167308,9.27521800994873,170.06027221679688,-90.31102752685547
612,122.4,1.22271814870569e-05,1.4937947622737413e-05,0.0018479558020480938,0.0060628473135914684,20.000064242710472,9.266252517700195,168.2721405029297,-90.31179809570312
613,122.6,-0.0003815620310359473,-0.00046615433331661686,0.0019041862034334866,0.0062473302636727205,20.000044291355632,9.257285118103027,166.48402404785156,-90.31167602539062
614,122.8,6.269729915356628e-05,7.659729037591193e-05,0.0017039584818778811,0.005590415145684227,20.000017362464316,9.248061180114746,164.69589233398438,-90.32161712646484
615,123.0,0.00029504317113155233,0.0003604542421714175,0.0013901469349869508,0.004560849670182588,20.00001939759566,9.238723754882812,162.90777587890625,-90.32406616210938
616,123.2,0.0001627770613940635,0.00019886473590512738,0.0012776001567820201,0.004191601698376723,20.000040864088543,9.22958755493164,161.11964416503906,-90.3160400390625
617,123.4,-1.6150874682407646e-05,-1.973152359949742e-05,0.001381527591872191,0.004532570984517959,20.00004577871699,9.220667839050293,159.33151245117188,-90.30880737304688
618,123.6,-7.224317285534226e-05,-8.825948427737163e-05,0.001553137191172621,0.005095594622286781,20.000034001500083,9.211816787719727,157.54339599609375,-90.30745697021484
619,123.8,-3.996026651035114e-05,-4.881945759569598e-05,0.00168287658154951,0.005521248803810894,20.000028347912068,9.202922821044922,155.75526428222656,-90.30953979492188
620,124.0,-5.587412693883621e-07,-6.82614208811762e-07,0.001758424921702916,0.005769110820119795,20.000030500469105,9.193974494934082,153.96714782714844,-90.31141662597656
621,124.2,1.676739325426503e-05,2.0484724338735587e-05,0.0018097193185724423,0.0059373995291452115,20.000034565882416,9.185003280639648,152.17901611328125,-90.31200408935547
622,124.4,1.616960500459976e-05,1.975440643411953e-05,0.001864078465512572,0.006115743192792266,20.000035684281926,9.176033973693848,150.39089965820312,-90.31169891357422
623,124.6,-0.00035634421440715265,-0.0004353457267412184,0.0019317609695686743,0.00633779865939969,20.000034919443227,9.167078018188477,148.60276794433594,-90.31121826171875
624,124.8,3.2054367978393675e-05,3.916082135920355e-05,0.0017657192400751794,0.005793042311608251,20.000025092240673,9.157888412475586,146.8146514892578,-90.32049560546875
625,125.0,0.00025649007003257247,0.0003133539185587938,0.0014729339040901986,0.004832460469895287,20.000036390649086,9.148571968078613,145.02651977539062,-90.32341766357422
626,125.2,0.00016432782848019363,0.00020075930805425255,0.0013431743188358947,0.004406740032209556,20.00004964069804,9.139418601989746,143.23838806152344,-90.31670379638672
627,125.4,8.693340914550155e-06,1.0620654595305925e-05,0.0014176271660290083,0.004651007911394611,20.00003680929466,9.130470275878906,141.4502716064453,-90.30986785888672
628,125.6,-5.5402478999124737e-05,-6.768520859323069e-05,0.001575022759429141,0.005167397670045503,20.000014711246923,9.121603965759277,139.66213989257812,-90.30785369873047
629,125.8,-4.068707037954709e-05,-4.970739388269268e-05,0.0017115771335660785,0.005615410722888933,20.000012401478788,9.112716674804688,137.8740234375,-90.3092269897461
630,126.0,-7.54035502807676e-06,-9.212051737801378e-06,0.0017978071663884952,0.005898317663774031,20.000029745133766,9.103780746459961,136.0858917236328,-90.31097412109375
631,126.2,1.031045240133015e-05,1.2596279698705046e-05,0.0018595093142474992,0.006100752538555765,20.00005135608677,9.094817161560059,134.2977752685547,-90.31169891357422
632,126.4,-0.0003753066804180604,-0.0004585121714667444,0.0019159177297972314,0.0062858195246279485,20.000054987576295,9.085850715637207,132.5096435546875,-90.31169891357422
633,126.6,5.6749730032093406e-05,6.933114518020852e-05,0.0017208035277602005,0.005645681046016776,20.00003180631485,9.076632499694824,130.72152709960938,-90.32147216796875
634,126.8,0.000287533932853551,0.0003512802057671832,0.0014079848521587417,0.004619373022356486,20.000025877129154,9.067296028137207,128.9333953857422,-90.32395935058594
635,127.0,0.0001643567685892839,0.00020079466418552815,0.0012885981280109956,0.004227684282303595,20.000034995678675,9.05815315246582,127.14527130126953,-90.31619262695312
636,127.2,-0.0001084592823626233,-0.00013250470526241688,0.001469909716365222,0.004822538593839675,20.000036833719918,9.049311637878418,125.35714721679688,-90.3057861328125
637,127.4,-0.0003556272330549039,-0.0004344697906231761,0.0018913946010817436,0.006205363063013028,20.000032637006516,9.040709495544434,123.56902313232422,-90.29843139648438
638,127.6,-0.0002335540718520709,-0.000285333009581675,0.002157475466941807,0.007078331810961358,20.00001423911777,9.031951904296875,121.78089904785156,-90.30593872070312
639,127.8,-7.236862432588942e-06,-8.841274833893911e-06,0.0021374554734531655,0.007012649415524083,20.000020513401328,9.022908210754395,119.99276733398438,-90.31572723388672
640,128.0,9.731345386872436e-05,0.00011888784659142056,0.002002347142503367,0.006569380599010747,20.000031219171902,9.013749122619629,118.20464324951172,-90.31865692138672
641,128.2,9.273373753640097e-05,0.00011329280714822106,0.0019028299024409666,0.006242880457124421,20.00004990381279,9.004627227783203,116.41651916503906,-90.31646728515625
642,128.4,-0.00027694527080598984,-0.0003383440373436778,0.001895169016525236,0.006217746316176655,20.00004873992381,8.995595932006836,114.6283950805664,-90.3131103515625
643,128.6,2.178277715114178e-05,2.6612018845549912e-05,0.001739690493746773,0.005707646159504163,20.000031408849626,8.986416816711426,112.84027099609375,-90.31941986083984
644,128.8,0.00021253776071835463,0.00025965738226961386,0.0014924762842497006,0.0048965758924177875,20.00003605808682,8.97714614868164,111.0521469116211,-90.3218002319336
645,129.0,0.00014453782637172837,0.00017658186247834055,0.0013801388456986538,0.004528014730521971,20.000041764737038,8.968010902404785,109.26402282714844,-90.3163070678711
646,129.2,1.578444613906926e-05,1.9283857848100916e-05,0.0014411768797673186,0.004728270754215809,20.00002552573872,8.9590482711792,107.47589874267578,-90.31040954589844
647,129.4,-4.149007753103212e-05,-5.068842771966194e-05,0.001581290230578461,0.005187960240091038,20.00001550785137,8.950164794921875,105.68777465820312,-90.3084945678711
648,129.6,-3.393295636910502e-05,-4.14558927961356e-05,0.0017100759587821354,0.005610485608610781,20.000022976034096,8.941269874572754,103.89964294433594,-90.30941009521484
649,129.8,-8.009062665946199e-06,-9.784671858986471e-06,0.0017991078832467885,0.005902585107671394,20.000037846437746,8.932334899902344,102.11151885986328,-90.31082153320312
650,130.0,7.898381049335953e-06,9.649452127973734e-06,0.0018635442350011765,0.00611399046796126,20.000048897268464,8.92337703704834,100.32339477539062,-90.31151580810547
651,130.2,-0.000374440560951025,-0.0004574540333138673,0.0019255351102528207,0.006317372611121864,20.00004417503876,8.91441535949707,98.53527069091797,-90.31151580810547
652,130.4,5.2794365214261295e-05,6.449887598226302e-05,0.0017348055096024085,0.005691619308123966,20.000025133856475,8.905200958251953,96.74714660644531,-90.32135009765625
653,130.6,0.00028222795066212337,0.0003447978873239161,0.0014238953899251836,0.004671572951082139,20.000030233668305,8.895866394042969,94.95902252197266,-90.32393646240234
654,130.8,0.00016610139718083538,0.00020292607693582658,0.001300817887120825,0.004267775356781488,20.00003972582837,8.886719703674316,93.1708984375,-90.31636810302734
655,131.0,-5.763029964595203e-06,-7.040693707745959e-06,0.001394245282112694,0.004574295691366611,20.000042071495457,8.877789497375488,91.38277435302734,-90.30919647216797
656,131.2,-6.610981404493617e-05,-8.076635981869852e-05,0.0015612172131953027,0.005122103881739677,20.000033844472917,8.86893367767334,89.59464263916016,-90.30755615234375
657,131.4,-4.214749857185896e-05,-5.149159900524009e-05,0.0016965576901561623,0.005566134332171943,20.000023595665436,8.860045433044434,87.8065185546875,-90.309326171875
658,131.6,-4.2233954545334e-06,-5.1597222268034555e-06,0.0017778905294953814,0.005832974364789627,20.000021706060213,8.851102828979492,86.01839447021484,-90.31121826171875
659,131.8,1.5402302186647436e-05,1.8816992581427174e-05,0.0018301059158614763,0.006004284692994966,20.000028119083044,8.842132568359375,84.23027038574219,-90.31195068359375
660,132.0,1.5529830656198163e-05,1.8972794112677296e-05,0.0018853143007768192,0.00618541457056062,20.00003356851872,8.83316421508789,82.44214630126953,-90.31169891357422
661,132.2,-0.0003456779001935181,-0.0004223146906664211,0.0019520349860675796,0.006404314463689958,20.00003493893843,8.824207305908203,80.6540298461914,-90.31121826171875
662,132.4,2.4645918353733176e-05,3.010991845275582e-05,0.0017899537514405866,0.005872551865876334,20.000028502701053,8.815021514892578,78.86589813232422,-90.32018280029297
663,132.6,0.00024408859953016108,0.0002982030420459978,0.0015057579968217989,0.004940151066292831,20.000036286936083,8.805713653564453,77.07777404785156,-90.32323455810547
664,132.8,0.00016327668342502514,0.0001994751241403532,0.0013721348687939013,0.004501754962933783,20.000048251689908,8.79655647277832,75.2896499633789,-90.3169174194336
665,133.0,1.63576054555388e-05,1.998408658503175e-05,0.0014360774811117826,0.0047115404431307805,20.0000396088659,8.78759765625,73.50152587890625,-90.31024169921875
666,133.2,-4.746973585698211e-05,-5.7993776296475045e-05,0.0015848122176890134,0.005199515316282823,20.000021238883722,8.778722763061523,71.7134017944336,-90.30810546875
667,133.4,-3.9016093915959916e-05,-4.766596193712823e-05,0.0017212068465843181,0.005647004270547694,20.00001631818277,8.769835472106934,69.92527770996094,-90.30916595458984
668,133.6,-1.0316697506914635e-05,-1.2603909344197609e-05,0.001814573467765279,0.0059533252159830385,20.00002080518763,8.760905265808105,68.13715362548828,-90.3107681274414
669,133.8,7.320986514203793e-06,8.944049224402774e-06,0.001879868796937769,0.00616754874374531,20.00003406645245,8.751946449279785,66.34902954101562,-90.3115463256836
670,134.0,-0.00036913121641991126,-0.0004509676071002056,0.001939065282561344,0.00636176294163856,20.00005282629178,8.742982864379883,64.56090545654297,-90.3115463256836
671,134.2,4.908916250918916e-05,5.99722298374764e-05,0.0017497071237503397,0.005740509119885064,20.00004613066728,8.733770370483398,62.77277755737305,-90.32125091552734
672,134.4,0.0002764972325880064,0.00033779666905276747,0.0014426089979802477,0.004732969304933516,20.000045189591752,8.72443962097168,60.98465347290039,-90.32390594482422
673,134.6,0.00016600796640019977,0.00020281193255112406,0.0013165924090024696,0.004319529039151663,20.000040114877752,8.715290069580078,59.19652557373047,-90.31652069091797
674,134.8,-1.974478272532435e-06,-2.4122201055528757e-06,0.001403484622952959,0.0046046084903689855,20.00002531351359,8.706354141235352,57.40840148925781,-90.30938720703125
675,135.0,-6.41290779152821e-05,-7.834649448910015e-05,0.0015684553902892311,0.005145851182676521,20.00000824714066,8.697495460510254,55.620277404785156,-90.30760192871094
676,135.2,-4.148628695349315e-05,-5.068379677108258e-05,0.0017038402025513334,0.0055900270901385165,20.00001495674361,8.688607215881348,53.8321533203125,-90.309326171875
677,135.4,-5.120830034662453e-06,-6.256118053347119e-06,0.0017858600225274589,0.005859120996308988,20.00003862790793,8.679665565490723,52.04402542114258,-90.31114959716797
678,135.6,1.3990620802055814e-05,1.7092341433871588e-05,0.0018415475125328137,0.006041822741018156,20.000047251275262,8.670697212219238,50.25590133666992,-90.31188201904297
679,135.8,-0.0003849807676552867,-0.00047033100384446375,0.001896929349453979,0.006223521686862593,20.000048527926882,8.66172981262207,48.467777252197266,-90.31169891357422
680,136.0,6.584600297872482e-05,8.044406183910811e-05,0.0016942460716141685,0.0055585502815946285,20.00002619037813,8.652503967285156,46.67965316772461,-90.32171630859375
681,136.2,0.0002980165438007465,0.00036408681156137204,0.0013795231771366958,0.004525994820477157,20.000030027859555,8.643165588378906,44.89152908325195,-90.32406616210938
682,136.4,0.0001621566058535782,0.00019810672537131648,0.00126794618803263,0.004159928571544974,20.000044895658338,8.63403034210205,43.10340118408203,-90.3159408569336
683,136.6,-1.826273103378173e-05,-2.2311578503971137e-05,0.0013747261116681133,0.0045102564162052125,20.00004989337294,8.625113487243652,41.315277099609375,-90.30870819091797
684,136.8,-7.330318531273988e-05,-8.955450149657432e-05,0.0015483316992058723,0.005079828572022594,20.00003397775733,8.616263389587402,39.52714920043945,-90.30743408203125
685,137.0,-4.1419988864157094e-05,-5.0602800395340725e-05,0.0016770302458140732,0.005502067911676644,20.00001768427389,8.607369422912598,37.7390251159668,-90.30950164794922
686,137.2,-2.2476302643494385e-07,-2.745929893955709e-07,0.001752333200376305,0.005749124857122596,20.000017790804197,8.598421096801758,35.95090103149414,-90.31144714355469
687,137.4,4.378473259868694e-05,5.3491807815815833e-05,0.0017755439694446674,0.005825275676712842,20.00002926906591,8.589420318603516,34.162776947021484,-90.3131332397461
688,137.6,4.238074425885402e-05,5.177655526104195e-05,0.001800006804813875,0.0059055343255055535,20.000040519098224,8.580422401428223,32.37464904785156,-90.31253051757812
689,137.8,-0.0003339587203168856,-0.0004079973686111391,0.0018667487796410515,0.006124504066197548,20.00004887715738,8.571465492248535,30.586524963378906,-90.31111907958984
690,138.0,2.198841100528554e-05,2.6863241725157347e-05,0.0017217714266733923,0.005648856567487133,20.000031144750096,8.562296867370605,28.79840087890625,-90.31950378417969
691,138.2,0.00023731839871497305,0.0002899318877100826,0.0014585429896944212,0.0047852461823090445,20.000026469811342,8.553009986877441,27.01027488708496,-90.32247161865234
692,138.4,0.00015464147684296075,0.00018892549225904513,0.0013431354894286275,0.004406612639137018,20.000032503291916,8.54387092590332,25.222150802612305,-90.31633758544922
693,138.6,0.0004542865013302641,0.0005550018186751837,0.001418459536207199,0.004653738784770027,20.00002868886675,8.53492259979248,23.434024810791016,-90.3099594116211
694,138.8,0.0006580121900077939,0.0008038934925325219,0.0020061742882903906,0.006581936851994645,20.00003988809719,8.526350975036621,21.645902633666992,-90.29644775390625
695,139.0,0.0004687374604443477,0.0005726565554248596,0.001970077934185628,0.006463510489593575,20.00003952234854,8.518417358398438,19.85776710510254,-90.27452850341797
696,139.2,0.00018277405572266592,0.00022329506387638097,0.0016594418007313816,0.005444363037511546,20.00003251426924,8.511089324951172,18.069622039794922,-90.25530242919922
697,139.4,3.0524992616010653e-06,3.7292383478980215e-06,0.0017054815917316212,0.005595412225416772,20.00002163852165,8.504117965698242,16.281476974487305,-90.24532318115234
698,139.6,-0.0004831969099580626,-0.0005903216648957651,0.0018669076012909366,0.0061250251346193565,20.000011989195556,8.497262001037598,14.49333381652832,-90.24315643310547
699,139.8,8.549113224794465e-06,1.0444451626731398e-05,0.0017254347150674886,0.005660875230582019,20.000007286573847,8.490102767944336,12.705188751220703,-90.25569915771484
700,140.0,0.00031028163680932953,0.0003790710756899579,0.0014001271095395841,0.004593593026061849,20.000039306404712,8.482759475708008,10.917044639587402,-90.26058197021484
701,140.2,0.00019434099127532204,0.00023742638904106095,0.0012565511376601028,0.004122543234480772,20.000066074926902,8.475598335266113,9.128898620605469,-90.2528076171875
702,140.4,-5.801475960721441e-06,-7.087663181213385e-06,0.001354900869290106,0.004445212968001751,20.00004985253742,8.46867847442627,7.340748310089111,-90.24462127685547
703,140.6,-8.004395144940711e-05,-9.778969548574068e-05,0.0015401726921575737,0.005053060175338254,20.00002214176244,8.461846351623535,5.552603244781494,-90.24264526367188
704,140.8,-5.04729933223993e-05,-6.166285594197522e-05,0.0016833491598999956,0.0055227992577663015,20.000009459412475,8.454972267150879,3.764456033706665,-90.2447738647461
705,141.0,-4.7104232095274504e-06,-5.7547240350796865e-06,0.0017648174544136305,0.005790083697138415,20.00002443482567,8.44803524017334,1.976309895515442,-90.24703216552734
706,141.2,1.7569240531573402e-05,2.1464341157423227e-05,0.0018133804411331607,0.005949411086487319,20.000047871298474,8.44106674194336,0.18816222250461578,-90.24783325195312
707,141.4,1.8937869433652584e-05,2.313639508709336e-05,0.00186454728134073,0.006117281302513921,20.000055557972082,8.434099197387695,-1.5999871492385864,-90.24758911132812
708,141.6,-0.0003547678547094971,-0.00043341988809859265,0.001930628042001035,0.006334081705318676,20.00004414208462,8.42714786529541,-3.388136625289917,-90.24700927734375
709,141.8,3.2150314266730486e-05,3.9278038939664636e-05,0.0017601905048112696,0.0057749034158050055,20.000021593555598,8.419960021972656,-5.176283836364746,-90.25615692138672
710,142.0,0.0002555828410971487,0.00031224555696838656,0.001470738998395988,0.004825259335497493,20.00002391252524,8.412652969360352,-6.964428424835205,-90.25909423828125
711,142.2,0.00016310543120839086,0.0001992659053072911,0.0013439541010936348,0.004409298373032041,20.000032807143096,8.405508041381836,-8.752573013305664,-90.25241088867188
712,142.4,8.779667902558855e-06,1.0726120276556152e-05,0.0014166992177985958,0.004647963461722345,20.000036911197864,8.398563385009766,-10.540717124938965,-90.24559783935547
713,142.6,-5.544383910370267e-05,-6.773573823299355e-05,0.0015743116274700105,0.005165064559868709,20.000027289955977,8.391702651977539,-12.328862190246582,-90.24358367919922
714,142.8,-3.95270957558841e-05,-4.829025288496361e-05,0.0017071280242650655,0.005600813907129797,20.000028326117725,8.384818077087402,-14.117006301879883,-90.2449722290039
715,143.0,-6.914609660519059e-06,-8.447578622256134e-06,0.0017938721796975938,0.005885407602039054,20.000027984896338,8.377887725830078,-15.9051513671875,-90.24669647216797
716,143.2,9.273358574485987e-06,1.132926217044953e-05,0.0018573745992916811,0.006093748880340119,20.000034566658023,8.370932579040527,-17.693296432495117,-90.24736785888672
717,143.4,-0.0003784796209853885,-0.00046238855295784915,0.001915801229640767,0.006285437306254614,20.00004055430359,8.363973617553711,-19.4814395904541,-90.24736785888672
718,143.6,5.87054100845859e-05,7.17203995003386e-05,0.0017190331985289461,0.005639872879061708,20.00002805936382,8.356759071350098,-21.26959228515625,-90.25726318359375
719,143.8,0.0002897607197027719,0.00035400067126087646,0.0014061626555012404,0.004613394686674689,20.00003267331867,8.349428176879883,-23.057743072509766,-90.25975799560547
720,144.0,0.00016277137776920936,0.00019885779222064307,0.0012891894142705257,0.004229624197915311,20.000037716352402,8.342293739318848,-24.845905303955078,-90.25188446044922
721,144.2,-1.1189451884234817e-05,-1.3670153366969675e-05,0.001387792551073266,0.004553125313263214,20.00003582354722,8.33537483215332,-26.63406753540039,-90.24474334716797
722,144.4,-6.901544496581897e-05,-8.431616911474103e-05,0.0015587716082872461,0.005114080243333129,20.000027312774215,8.328527450561523,-28.42222785949707,-90.24327850341797
723,144.6,-4.188694938611367e-05,-5.117328606501507e-05,0.0016915047449587405,0.005549556427450434,20.000026786066428,8.321642875671387,-30.210390090942383,-90.24517059326172
724,144.8,-2.6060150982886684e-06,-3.1837686455792663e-06,0.0017692339351335078,0.005804573463743417,20.000034986150855,8.314702033996582,-31.998552322387695,-90.24706268310547
725,145.0,1.6377881401183805e-05,2.0008857707826254e-05,0.0018200985959682674,0.00597145227759653,20.000045575983542,8.307735443115234,-33.786712646484375,-90.24773406982422
726,145.2,1.6427959239707157e-05,2.0070037803150234e-05,0.001873374358141269,0.0061462415291642005,20.000042659237028,8.300771713256836,-35.57487487792969,-90.2474594116211
727,145.4,-0.00034956536304037015,-0.0004270640040264202,0.0019403578376920839,0.006366003608213697,20.0000313648261,8.29382038116455,-37.363037109375,-90.24700927734375
728,145.6,2.7757628667094943e-05,3.391149494258989e-05,0.0017743223629969156,0.005821267781414801,20.00001700156447,8.286636352539062,-39.15119171142578,-90.25601196289062
729,145.8,0.00024996630430441246,0.00030538383396870074,0.0014867761100667602,0.0048778745329514294,20.000034614855018,8.27933120727539,-40.93933868408203,-90.25902557373047
730,146.0,0.00016416073732590582,0.00020055517279105912,0.001356123541129699,0.004449224358679962,20.000052321378316,8.27218246459961,-42.72746658325195,-90.2525405883789
731,146.2,1.1860081152277713e-05,1.4489461143737682e-05,0.0014259193237433016,0.0046782131541099736,20.000047763500547,8.26523494720459,-44.51559066772461,-90.2457504272461
732,146.4,-5.154754637213545e-05,-6.297563740283788e-05,0.0015785725991434435,0.005179044126173775,20.00002518907069,8.258370399475098,-46.303714752197266,-90.24370574951172
733,146.6,-3.957691680027853e-05,-4.8351119254900285e-05,0.0017142979070033074,0.005624337145212731,20.000017503194364,8.251487731933594,-48.09183883666992,-90.24492645263672
734,146.8,-8.630774623760991e-06,-1.0544217357848802e-05,0.0018038088415101034,0.005918008199580008,20.000021471906944,8.244560241699219,-49.87996292114258,-90.2466049194336
735,147.0,9.360340210812784e-06,1.1435527635549977e-05,0.0018672557801309264,0.006126167453684749,20.00003456892764,8.237605094909668,-51.6680908203125,-90.24736785888672
736,147.2,-0.00037236333040525693,-0.00045491628075610243,0.001926561226044132,0.00632073913285463,20.00005119999764,8.230647087097168,-53.456214904785156,-90.24736785888672
737,147.4,5.435441259979418e-05,6.640478587316855e-05,0.0017312375902295409,0.0056799135355286865,20.0000340498573,8.223434448242188,-55.24433898925781,-90.2571029663086
738,147.6,0.00028165288366023496,0.000344095327967709,0.0014236189744919908,0.004670666076272303,20.000034777401254,8.216109275817871,-57.03246307373047,-90.2596435546875
739,147.8,0.0001641354908329714,0.00020052432915064114,0.0013034122769443194,0.004276287134690001,20.00003385819331,8.20897102355957,-58.82059097290039,-90.2520751953125
740,148.0,-6.627436513699825e-06,-8.096739188787076e-06,0.0013951780786141505,0.0045773560474404494,20.000023244375292,8.202045440673828,-60.60871505737305,-90.24492645263672
741,148.2,-6.542556158165744e-05,-7.99304085843109e-05,0.0015631648549835051,0.005128493782824083,20.000012353597082,8.195195198059082,-62.3968391418457,-90.24334716796875
742,148.4,-4.1399978595266515e-05,-5.05783538498371e-05,0.0016959336241191344,0.0055640868713550205,20.00001807022648,8.188310623168945,-64.18496704101562,-90.24510955810547
743,148.6,-3.86855720996111e-06,-4.726216343409488e-06,0.0017759523559622318,0.005826615527535129,20.00003268267128,8.181373596191406,-65.97309112548828,-90.2469711303711
744,148.8,1.4569862661899133e-05,1.780000121404217e-05,0.0018307568544825223,0.006006420318460439,20.000049754036752,8.174409866333008,-67.76121520996094,-90.24765014648438
745,149.0,1.538349206518735e-05,1.8794012256039387e-05,0.0018857781987755978,0.006186936545670933,20.000053352105226,8.167448043823242,-69.5493392944336,-90.2474365234375
746,149.2,-0.0003457047069034097,-0.0004223474404238956,0.001953565624290492,0.006409336242797218,20.00004209282906,8.160497665405273,-71.33746337890625,-90.24700927734375
747,149.4,2.6269659923732724e-05,3.209364352882427e-05,0.0017893297884865847,0.005870504743258327,20.000016801146995,8.153315544128418,-73.1255874633789,-90.25597381591797
748,149.6,0.00024474918343829504,0.00029901007740656504,0.0015024541232867184,0.004929311585843997,20.000021736138766,8.146011352539062,-74.91371154785156,-90.25896453857422
749,149.8,0.00016230536969511644,0.00019828847015652376,0.0013701526497778345,0.00449525161949711,20.00004399585657,8.138861656188965,-76.70183563232422,-90.25259399414062
750,150.0,1.5903065661409483e-05,1.9428775318543966e-05,0.0014341762290149842,0.004705302739201521,20.00004589436681,8.13190746307373,-78.4899673461914,-90.24593353271484
751,150.2,-4.838767528618328e-05,-5.911522289713011e-05,0.001584911803600226,0.005199842041723765,20.00003374316551,8.125041007995605,-80.27809143066406,-90.24380493164062
752,150.4,-3.893168696164715e-05,-4.7562841961044324e-05,0.0017215562344570408,0.005648150556256038,20.000021649113652,8.118159294128418,-82.06620788574219,-90.24490356445312
753,150.6,-1.0886751404263221e-05,-1.3300344190588379e-05,0.001814240024416962,0.005952231241708145,20.000023463262586,8.111234664916992,-83.85433197021484,-90.2464828491211
754,150.8,7.71035311372678e-06,9.419738399040008e-06,0.001878842498186495,0.00616418162175018,20.00003240025945,8.10428237915039,-85.6424560546875,-90.247314453125
755,151.0,-0.00036883789010602513,-0.0004506092503425309,0.0019380768651639621,0.006358520102304533,20.000036298979623,8.097323417663574,-87.43058776855469,-90.247314453125
756,151.2,5.0874852730145956e-05,6.215380758041931e-05,0.0017461402237471091,0.005728806691678466,20.00002957321003,8.090113639831543,-89.21871185302734,-90.25701141357422
757,151.4,0.00027649565503012696,0.0003377947417503061,0.0014394931246943653,0.004722746623222262,20.00004334421214,8.082789421081543,-91.00684356689453,-90.25960540771484
758,151.6,0.0001652246526234618,0.0002018549581100833,0.001314485272289106,0.00431261586073699,20.000042691938788,8.07564640045166,-92.79496002197266,-90.25218963623047
759,151.8,-3.3704971671905385e-06,-4.117736389156681e-06,0.0014033543943579741,0.004604181231185416,20.00002981508444,8.068717956542969,-94.58308410644531,-90.24504852294922
760,152.0,-6.283162079875096e-05,-7.676139112983404e-05,0.0015685168742479046,0.005146052901707495,20.000016623377082,8.06186580657959,-96.37120819091797,-90.243408203125
761,152.2,-4.142545183969213e-05,-5.0609474512551874e-05,0.001701076212842776,0.005580958882143093,20.00002648276766,8.054981231689453,-98.15933227539062,-90.24504852294922
762,152.4,-4.939089446203276e-06,-6.034085576426543e-06,0.001783168642922349,0.0058502910104453595,20.000038978833807,8.04804515838623,-99.94745635986328,-90.24687957763672
763,152.6,1.3529518151087793e-05,1.6529012325183958e-05,0.0018408462422910884,0.006039521985558295,20.00004330434121,8.041084289550781,-101.73558044433594,-90.24758911132812
764,152.8,-0.00038548110512501906,-0.0004709422661312358,0.0018963669608766981,0.006221676579922706,20.00003627556958,8.034122467041016,-103.52371215820312,-90.2474365234375
765,153.0,6.608644649897866e-05,8.073781168780223e-05,0.0016934139892800007,0.005555820352589397,20.000013609214005,8.026902198791504,-105.31183624267578,-90.2574462890625
766,153.2,0.00029964166607106713,0.0003660722234390227,0.0013769746479244727,0.004517633503896527,20.00002619212843,8.01956844329834,-107.09996032714844,-90.25982666015625
767,153.4,0.00016213306621382442,0.0001980779669934293,0.0012657427747594229,0.004152699525141705,20.00004141680858,8.012439727783203,-108.8880844116211,-90.25164794921875
768,153.6,-2.0258912987314935e-05,-2.4750313996602657e-05,0.001375457524090114,0.00451265606333581,20.000037519131645,8.005531311035156,-110.67620849609375,-90.244384765625
769,153.8,-7.44231111668755e-05,-9.09227149125718e-05,0.001550106162031102,0.005085650300638121,20.000029497036248,7.998688220977783,-112.4643325805664,-90.24315643310547
770,154.0,-4.0422485632215926e-05,-4.9384150696878194e-05,0.001678092118752437,0.005505551746887745,20.000027051841695,7.991798400878906,-114.25245666503906,-90.24530029296875
771,154.2,3.5477425048444626e-07,4.33427701816848e-07,0.0017506313903012068,0.005743541490555812,20.00003512839593,7.984853744506836,-116.04058074951172,-90.24720764160156
772,154.4,1.8117749011088534e-05,2.213445396684686e-05,0.0017989191544692915,0.00590196591874903,20.00004343489684,7.977884292602539,-117.82870483398438,-90.24776458740234
773,154.6,1.6998700453312843e-05,2.07673123438123e-05,0.001853435696336956,0.006080825969970139,20.000038322720354,7.970921039581299,-119.61683654785156,-90.2474365234375
774,154.8,-0.000361960409624057,-0.0004422070324377104,0.0019222273004002673,0.006306520216245213,20.000031254382254,7.963972091674805,-121.40496063232422,-90.24687957763672
775,155.0,3.540805757762235e-05,4.325802394258122e-05,0.0017516484945239647,0.0057468784467740045,20.000019800213074,7.956783771514893,-123.19308471679688,-90.25627899169922
776,155.2,0.00026167910918602585,0.00031969336769256776,0.0014584167167324882,0.004784831900924617,20.000032502125045,7.949472904205322,-124.98120880126953,-90.25920867919922
777,155.4,0.00016365326873967332,0.0001999351984192589,0.0013318168900708918,0.004369478125620185,20.000051744713303,7.942328929901123,-126.76933288574219,-90.25231170654297
778,155.6,4.6557542568647e-06,5.687934975611604e-06,0.0014116320165966697,0.004631338785331018,20.000051604378964,7.935390949249268,-128.55746459960938,-90.24542236328125
779,155.8,-5.795028149220442e-05,-7.079785889902614e-05,0.0015714688740912388,0.005155737940873499,20.000031549537983,7.92853307723999,-130.3455810546875,-90.24353790283203
780,156.0,-4.0489451605566675e-05,-4.946596302652081e-05,0.0017056166081101294,0.005595855192552037,20.0000156177374,7.92164945602417,-132.1337127685547,-90.2449951171875
781,156.2,-7.124533749856773e-06,-8.704042882200019e-06,0.0017916900653133627,0.005878248433882693,20.00002597336657,7.914717674255371,-133.9218292236328,-90.24673461914062
782,156.4,1.1562298892979562e-05,1.412566055755313e-05,0.0018493986515539119,0.006067581071964136,20.000036820593333,7.9077582359313965,-135.7099609375,-90.24748229980469
783,156.6,-0.0003785970431285959,-0.00046253200759020563,0.0019071931430582876,0.006257195551471352,20.000042672317075,7.900798320770264,-137.49807739257812,-90.24748229980469
784,156.8,5.887548967735768e-05,7.192818573882788e-05,0.0017099416043520172,0.005610044813222272,20.000028076433093,7.893583297729492,-139.2862091064453,-90.25726318359375
785,157.0,0.0002916216476948784,0.000356274166988833,0.0013972963620493596,0.004584305796466021,20.000039079664873,7.8862528800964355,-141.0743408203125,-90.25975799560547
786,157.2,0.000165013001003308,0.00020159638332574136,0.0012796161307294775,0.004198215786342499,20.00004189744902,7.879117488861084,-142.86245727539062,-90.25188446044922
787,157.4,-1.3710127598253655e-05,-1.674966288678649e-05,0.001381311209304214,0.004531861067933638,20.000031347323155,7.872201442718506,-144.6505889892578,-90.24462127685547
788,157.6,-7.122599097214528e-05,-8.701679317066989e-05,0.0015521432153758402,0.0050923335467336715,20.00002514394395,7.865355014801025,-146.43870544433594,-90.2431869506836
789,157.8,-4.232774304611778e-05,-5.1711803679442095e-05,0.0016862909493947308,0.005532450798412208,20.000031098235073,7.858471393585205,-148.22683715820312,-90.24517059326172
790,158.0,-1.2749786616928141e-06,-1.557641430990111e-06,0.001761375004706192,0.005778789570440263,20.000039311159107,7.851528644561768,-150.01495361328125,-90.24713134765625
791,158.2,1.6837114233553042e-05,2.0569902459131752e-05,0.0018113024188326772,0.005942593427803001,20.00003703056192,7.844561576843262,-151.80308532714844,-90.24773406982422
792,158.4,1.651248627377458e-05,2.0173304480670404e-05,0.0018656808919411544,0.006121000497516217,20.000031964040243,7.837597370147705,-153.59120178222656,-90.2474365234375
793,158.6,-0.000354934063462504,-0.00043362294533214117,0.0019331224476863056,0.006342265451267139,20.000027064214326,7.8306474685668945,-155.37933349609375,-90.24694061279297
794,158.8,3.1596823695221555e-05,3.8601839508452174e-05,0.0017636691086909298,0.0057863161585575505,20.00002369102429,7.823460578918457,-157.16744995117188,-90.2561264038086
795,159.0,0.00025535945014105787,0.00031197264023733037,0.0014734350402272399,0.004834104617379138,20.000034589907123,7.816152572631836,-158.95558166503906,-90.25909423828125
796,159.2,0.00016309763820322626,0.00019925638459288153,0.0013457509803468449,0.004415193646361142,20.000047753428202,7.809007167816162,-160.74371337890625,-90.25241088867188
797,159.4,8.774193343959135e-06,1.0719432008314875e-05,0.0014193308837274698,0.004656597536568432,20.000047577332307,7.802063465118408,-162.53182983398438,-90.24559783935547
798,159.6,-5.529322484723835e-05,-6.75517327958711e-05,0.0015764712418560008,0.005172149909130842,20.000031558429153,7.795202255249023,-164.31997680664062,-90.24358367919922
799,159.8,-3.973564564765252e-05,-4.8545038287737086e-05,0.0017111112653860902,0.0056138822839293,20.00002618228841,7.7883195877075195,-166.1081085205078,-90.2449722290039
800,160.0,-7.658439679596388e-06,-9.356315756562906e-06,0.001798946266504402,0.005902054868998302,20.000019455082846,7.7813897132873535,-167.89622497558594,-90.24667358398438
801,160.2,1.0376476847672985e-05,1.2676941764802085e-05,0.0018608176494929545,0.006105044977162465,20.000032477039326,7.774433612823486,-169.68435668945312,-90.2474365234375
802,160.4,-0.0003742797949253403,-0.0004572576254602882,0.0019181858208971762,0.006293260768632292,20.000046931721567,7.7674736976623535,-171.47247314453125,-90.2474365234375
803,160.6,5.5115535727582864e-05,6.733464999838799e-05,0.0017232390691594263,0.005653671667661012,20.000032033005223,7.760261058807373,-173.26060485839844,-90.25713348388672
804,160.8,0.0002862612951946135,0.0003497254243392593,0.0014130985125363998,0.004636150123869922,20.0000348078374,7.752933025360107,-175.04872131347656,-90.25971221923828
805,161.0,0.00016411797938327476,0.00020050293541254676,0.001293216957266342,0.004242837922077705,20.000035759065284,7.745795726776123,-176.83685302734375,-90.2519760131836
806,161.2,-9.33191847737447e-06,-1.140080480380839e-05,0.0013901117946174273,0.0045607343802526405,20.000018807570466,7.738874912261963,-178.62496948242188,-90.24481201171875
807,161.4,-6.780856897855653e-05,-8.284172872110252e-05,0.001558623702101512,0.0051135949868027246,20.000008066959648,7.732025623321533,-180.41310119628906,-90.24327850341797
808,161.6,-4.223849129949545e-05,-5.160276482059359e-05,0.0016917257219058544,0.005550281417457603,20.000030941039704,7.725141525268555,-182.20123291015625,-90.24510955810547
809,161.8,-2.764644202169072e-06,-3.3775658217899553e-06,0.0017695472198195209,0.0058056013006726765,20.000051973858643,7.718201637268066,-183.98934936523438,-90.24703216552734
810,162.0,1.5537330445824994e-05,1.8981956605664395e-05,0.0018216795942575079,0.0059766392800238025,20.000051908166988,7.711236000061035,-185.77748107910156,-90.24767303466797
811,162.2,1.6015733252979238e-05,1.9566421315164734e-05,0.0018770899183322065,0.006158431687661036,20.000038390378247,7.704273700714111,-187.5655975341797,-90.2474365234375
812,162.4,-0.0003478879690660412,-0.0004250147318079825,0.001944004130834194,0.006377966512606057,20.000018577972504,7.697322845458984,-189.35372924804688,-90.24700927734375
813,162.6,2.6570129928441403e-05,3.246072773357686e-05,0.0017794490314718405,0.005838087560414073,20.000010497673816,7.690140724182129,-191.141845703125,-90.25597381591797
814,162.8,0.00024785513657821424,0.00030280462035760437,0.0014926979838304928,0.004897303253270434,20.000032461778634,7.682836532592773,-192.9299774169922,-90.25900268554688
815,163.0,0.00016377395815872758,0.0002000826446825175,0.0013597590809606753,0.004461151983179022,20.00005240819095,7.675685882568359,-194.7180938720703,-90.2525634765625
816,163.2,1.2564620823243137e-05,1.535019725975614e-05,0.0014285806274064044,0.004686944465620028,20.000047837353193,7.668736934661865,-196.5062255859375,-90.24578094482422
817,163.4,-5.147605893233907e-05,-6.288830119763865e-05,0.0015822785343486496,0.005191202706632423,20.000033736950222,7.661872863769531,-198.2943572998047,-90.24370574951172
818,163.6,-3.937704990160574e-05,-4.8106941864791736e-05,0.0017174274198423335,0.005634604576115521,20.00002604474998,7.654990196228027,-200.0824737548828,-90.24492645263672
819,163.8,-8.612071907426048e-06,-1.0521368249302403e-05,0.0018071222704014638,0.0059288790296239385,20.0000236093168,7.648062705993652,-201.87060546875,-90.2466049194336
820,164.0,9.252348427266145e-06,1.1303594073591049e-05,0.001869685096765195,0.006134137652871122,20.00003243443203,7.641107559204102,-203.65872192382812,-90.24736785888672
821,164.2,-0.0003703510159633581,-0.00045245783620243463,0.0019289699734922146,0.006328641847832197,20.000042668917562,7.634149074554443,-205.4468536376953,-90.24736785888672
822,164.4,5.130102823536708e-05,6.267446619514796e-05,0.0017369037183663971,0.00569850319536521,20.000021119432187,7.626939296722412,-207.23497009277344,-90.25701141357422
823,164.6,0.0002801181785688358,0.0003422203787575467,0.0014295036444090295,0.00468997273672292,20.000032714676976,7.619614124298096,-209.02310180664062,-90.2596435546875
824,164.8,0.00016528028059776176,0.00020192291880628555,0.0013069886827062702,0.0042880207497700395,20.00005104906161,7.612473964691162,-210.81121826171875,-90.25214385986328
825,165.0,-5.177969437796069e-06,-6.325925262155458e-06,0.0013982877985144896,0.004587558540878278,20.000044632625446,7.605547904968262,-212.59934997558594,-90.2449951171875
826,165.2,-6.517403514836276e-05,-7.962311874075478e-05,0.0015648602095769929,0.005134055969988581,20.000031541539602,7.598696708679199,-214.38748168945312,-90.24334716796875
827,165.4,0.0006634329059171841,0.0008105159811590239,0.001697994391859175,0.005570847920587256,20.000018055292536,7.5918121337890625,-216.17559814453125,-90.24510955810547
828,165.6,0.006017321266779542,0.007351361391624567,0.003035334582293853,0.009958447110972966,20.000040317183768,7.585350036621094,-217.96372985839844,-90.22854614257812
829,165.8,0.012736775088006354,0.015560518125017363,0.013331246107580557,0.04373768547959459,19.999930969499207,7.583199501037598,-219.75184631347656,-90.0649642944336
830,166.0,0.017350686249006562,0.021197333390411317,0.017759406562998716,0.058265771428148705,19.999295187852525,7.592045307159424,-221.53993225097656,-89.67098999023438
831,166.2,0.019188235797340195,0.023442267673610517,0.018250089223118802,0.059875622726777086,19.99859360441712,7.6179656982421875,-223.3277130126953,-89.08489990234375
832,166.4,0.019353288633923174,0.023643912724063944,0.005395662082716312,0.017702303987458985,19.998543429323924,7.664523124694824,-225.11502075195312,-88.39955139160156
833,166.6,0.018622494444500006,0.022751101462845657,0.005077651766860966,0.01665896302278813,19.999216671196965,7.732985019683838,-226.9016571044922,-87.68799591064453
834,166.8,0.01804699280852947,0.022048011114180456,0.00545839270611418,0.017908113125927647,20.000099379301204,7.823162078857422,-228.6874237060547,-86.9922866821289
835,167.0,0.018072108881208238,0.022078695420172104,0.005939504799172657,0.01948656492531762,20.000531075603543,7.934442043304443,-230.4720001220703,-86.3187255859375
836,167.2,0.018348136556679613,0.022415918431295482,0.0062618357634425595,0.020544081246132887,20.00026707937694,8.06656551361084,-232.2552032470703,-85.65087890625
837,167.4,0.018443847822178484,0.022532848884355455,0.006591389746362579,0.021625295135456205,19.999677669980603,8.219658851623535,-234.03671264648438,-84.9759521484375
838,167.6,0.0183758274520591,0.0224497483981806,0.007068304176036277,0.02318997507290686,19.999320823955358,8.393855094909668,-235.81622314453125,-84.29583740234375
839,167.8,0.018280056454071856,0.02233274496993959,0.007725561772356535,0.025346332085218214,19.999441764202594,8.589140892028809,-237.59356689453125,-83.61626434326172
840,168.0,0.018256285377778878,0.022303703846032454,0.008436888044107825,0.027680079770630715,19.999872442910668,8.805413246154785,-239.3685760498047,-82.9398193359375
841,168.2,0.01827795577050274,0.022330178564823198,0.009206296051547526,0.030204384337759186,20.000220683743798,9.042590141296387,-241.14083862304688,-82.26493835449219
842,168.4,0.01830373962590057,0.022361678700962728,0.010008379088331,0.03283589044815988,20.000260441826967,9.300634384155273,-242.9102020263672,-81.58983612060547
843,168.6,0.018308048193269442,0.022366942477717276,0.010855573132673643,0.035615398556600994,20.000069894452427,9.579530715942383,-244.67637634277344,-80.91383361816406
844,168.8,0.01830974285240562,0.022369012842783944,0.011767285630042132,0.03860658138646743,19.999839542956003,9.879250526428223,-246.4391326904297,-80.23747253417969
845,169.0,0.018300841392020022,0.022358137928630863,0.012770742598165755,0.041898763145766134,19.999748212869854,10.199756622314453,-248.19818115234375,-79.56101989746094
846,169.2,0.018299265461910973,0.022356212614816635,0.013804319884970329,0.04528976485140605,19.999845328834823,10.541000366210938,-249.95335388183594,-78.88478088378906
847,169.4,0.018297097004084193,0.022353563409889657,0.014924290362366893,0.048964208792467795,20.00002346667775,10.902938842773438,-251.7043914794922,-78.20865631103516
848,169.6,0.01830120202837419,0.022358578518064748,0.016090513456287203,0.05279040016792531,20.000137646156727,11.285518646240234,-253.45106506347656,-77.53260040283203
849,169.8,0.018300342913871784,0.02235752893787716,0.017333945547561846,0.05686990191026281,20.000118770291568,11.688679695129395,-255.19309997558594,-76.85649108886719
850,170.0,0.017503720643350196,0.021384295509980937,0.006226456912711675,0.020428008897500974,20.000024736857384,12.112369537353516,-256.93023681640625,-76.18031311035156
851,170.2,0.018537222159202043,0.022646924311897135,0.005765468388623102,0.018915579308130218,20.000053380066248,12.55601692199707,-258.66241455078125,-75.52472686767578
852,170.4,0.019028626935720713,0.023247273527369994,0.005207544189319235,0.01708511927808612,19.99989943595979,13.019912719726562,-260.3892517089844,-74.8506851196289
853,170.6,0.018590263782199676,0.022711725262713343,0.005249254261839614,0.01722196335241388,19.999797470372652,13.504669189453125,-262.1103210449219,-74.15375518798828
854,170.8,0.01811530179684743,0.022131464205208503,0.005830844739178526,0.019130068654086473,19.99992753512304,14.010159492492676,-263.8254699707031,-73.46257019042969
855,171.0,0.018063630499764123,0.022068337381561828,0.006505602423286322,0.021343840654414695,20.000138765583653,14.535894393920898,-265.5345153808594,-72.78773498535156
856,171.2,0.018253855997270467,0.02230073587186533,0.007042384067414781,0.02310493534373711,20.000231223334623,15.081578254699707,-267.2373046875,-72.11940002441406
857,171.4,0.01838639737672946,0.022462661675150382,0.007528430040108704,0.024699574412790238,20.000129288897185,15.647199630737305,-268.9335632324219,-71.44698333740234
858,171.6,0.018385373342210642,0.022461410612178743,0.00810293158106579,0.026584422048423886,19.999955194864253,16.23281478881836,-270.6230163574219,-70.76924896240234
859,171.8,0.018308373386218803,0.02236733976594351,0.008813446239019083,0.02891550695882337,19.999877561467706,16.838396072387695,-272.3053894042969,-70.09004974365234
860,172.0,0.018275882324719935,0.022327645436110346,0.009596706271400045,0.03148525780346012,19.999935741672846,17.46383285522461,-273.98052978515625,-69.41278076171875
861,172.2,0.01828061243245552,0.022333424208730912,0.010466514251920009,0.034338958618269244,20.00006642953859,18.108985900878906,-275.648193359375,-68.73709106445312
862,172.4,0.018297871062043503,0.022354509076498545,0.011369859001578761,0.03730268820673966,20.000144435896768,18.77376365661621,-277.30810546875,-68.06172180175781
863,172.6,0.018295552085420105,0.02235167598275774,0.012355896961249918,0.040537720986347184,20.000121623483746,19.458072662353516,-278.96002197265625,-67.38581848144531
864,172.8,0.01830256229544962,0.022360240356350803,0.013365194786385398,0.04384906566296467,20.00004110530274,20.161823272705078,-280.603759765625,-66.70982360839844
865,173.0,0.018300837263844582,0.022358132885238927,0.0144599830541296,0.047440890803310556,19.999958325074648,20.884916305541992,-282.2391052246094,-66.03364562988281
866,173.2,0.018305700749437992,0.022364074605588393,0.015553990902878512,0.051030155513799934,19.99994908659236,21.627254486083984,-283.8658142089844,-65.35747528076172
867,173.4,0.018305369840306063,0.02236367033390192,0.016795484381430803,0.055103296977973434,19.999997968635498,22.388751983642578,-285.4836120605469,-64.68113708496094
868,173.6,0.01744070675785303,0.02130731144606905,0.0062292980428032,0.02043733019075045,20.000062109337488,23.16929054260254,-287.0923156738281,-64.00477600097656
869,173.8,0.018550603540906874,0.02266327234592593,0.005694454754416545,0.018682594936479977,20.000232746433948,23.968252182006836,-288.6919860839844,-63.3507194519043
870,174.0,0.019087338824373443,0.023319001841737037,0.005051136493194386,0.016571970652331867,20.00004964059934,24.7858829498291,-290.2821960449219,-62.67689895629883
871,174.2,0.01860630939291927,0.022731328185329473,0.005068716606195733,0.01662964819027121,19.99983173596831,25.622726440429688,-291.86236572265625,-61.97827911376953
872,174.4,0.018071189871153265,0.022077572665587943,0.005667742341471577,0.018594955783593606,19.999848360692265,26.478605270385742,-293.4322814941406,-61.285987854003906
873,174.6,0.018041631884625237,0.02204146167344665,0.006320040317669862,0.02073504107582399,20.000065111138845,27.35296630859375,-294.99200439453125,-60.61208724975586
874,174.8,0.018262526895228778,0.022311329107901,0.006815578101621006,0.02236082125892226,20.0001949186907,28.245485305786133,-296.5414123535156,-59.94466781616211
875,175.0,0.018399947425612857,0.022479215769871226,0.007255679061684617,0.023804722092737356,20.00017373777844,29.15611457824707,-298.0802307128906,-59.27227020263672
876,175.2,0.018377096367837922,0.022451298632587588,0.00781789806863268,0.02564927269949284,20.000037522648512,30.084867477416992,-299.608154296875,-58.59403991699219
877,175.4,0.018302087476839826,0.022359660270455217,0.008527456514116526,0.027977220429774064,19.99993428533542,31.031646728515625,-301.12493896484375,-57.91493225097656
878,175.6,0.018279916305059908,0.02233257374989169,0.009304982194883259,0.03052815778426079,19.999916340213865,31.996288299560547,-302.6304626464844,-57.237831115722656
879,175.8,0.018278188393769382,0.022330462760668055,0.010140974752706727,0.033270915607670336,20.000005252077624,32.97863006591797,-304.12451171875,-56.56211853027344
880,176.0,0.018293058350793416,0.022348629387164316,0.010990232592558768,0.03605719469897051,20.000093230651245,33.97852325439453,-305.60687255859375,-55.88673400878906
881,176.2,0.018303008469220134,0.022360785446846238,0.011935908533288797,0.03915980615235522,20.00009647928868,34.99582290649414,-307.07733154296875,-55.21101760864258
882,176.4,0.018307076643258178,0.022365755535068515,0.012914728204406228,0.04237115688214413,20.000055488321784,36.03041076660156,-308.53570556640625,-54.534873962402344
883,176.6,0.0183045204134083,0.02236263258906092,0.013950257136573219,0.04576856162395488,19.999996026866754,37.082130432128906,-309.9817810058594,-53.8585205078125
884,176.8,0.018296995201734077,0.022353439037958524,0.015093371629178676,0.04951893737587457,19.999989779205283,38.15084457397461,-311.4152526855469,-53.18220138549805
885,177.0,0.018308382098867742,0.022367350410186723,0.01627765780253132,0.05340439082485685,20.000009216495872,39.23640441894531,-312.83612060546875,-52.5061149597168
886,177.2,0.018300636161143555,0.022357887198069082,0.017506915309824345,0.0574373880250841,20.00003602748455,40.338653564453125,-314.2440185546875,-51.82976531982422
887,177.4,0.017534634918254275,0.021422063479631246,0.006211203519439046,0.020377964954716398,20.000064124933104,41.45745086669922,-315.63885498046875,-51.15355682373047
888,177.6,0.01851448984933983,0.02261915224893847,0.005793329086164145,0.019006985799050774,20.00019827458134,42.592247009277344,-317.02069091796875,-50.49714660644531
889,177.8,0.018979630135104977,0.023187414136057752,0.005306578023114128,0.017410033441353754,20.000027853087968,43.74314498901367,-318.38909912109375,-49.82337188720703
890,178.0,0.01859648563453562,0.02271932649971217,0.0053462416458398,0.017540163441337048,19.999838033625355,44.91047286987305,-319.7435302734375,-49.12789535522461
891,178.2,0.01812700314191134,0.022145759738473082,0.005917728975074199,0.019415121930582434,19.9998861349206,46.094032287597656,-321.0837707519531,-48.43699645996094
892,178.4,0.01807290823496485,0.022079671990656555,0.006579285204018154,0.02158558206875092,20.000082886558125,47.293373107910156,-322.4099426269531,-47.7618522644043
893,178.6,0.01826979568863741,0.022320209392808325,0.007108110455741862,0.02332057310761613,20.000203436704197,48.50815200805664,-323.7220458984375,-47.09318923950195
894,178.8,0.018385311756730638,0.022461335373197822,0.007621636238822782,0.025005369037779335,20.000136866529115,49.73825454711914,-325.0197448730469,-46.4202880859375
895,179.0,0.018375964125127917,0.022449915371668776,0.008193169592860643,0.02688047852704091,20.00000816119804,50.98359680175781,-326.3028564453125,-45.742454528808594
896,179.2,0.018324214240637657,0.022386692537787026,0.008878113208996839,0.02912766894060519,19.999939192979447,52.24403762817383,-327.5711364746094,-45.063480377197266
897,179.4,0.018278184114216035,0.02233045753233773,0.009693471970288664,0.03180273057900186,19.99996732711982,53.51938247680664,-328.82440185546875,-44.38578414916992
898,179.6,0.018272919932670273,0.02232402628174327,0.01056375834429557,0.03465800092629868,20.000032977319986,54.8094482421875,-330.0625305175781,-43.709957122802734
899,179.8,0.018292075617716147,0.02234742878216382,0.01150682303373965,0.03775204528201439,20.00007552630949,56.11400604248047,-331.28533935546875,-43.034767150878906
900,180.0,0.018305599488208285,0.022363950894744064,0.012456108400558108,0.040866498684887065,20.00008975195247,57.432899475097656,-332.49273681640625,-42.3591423034668
901,180.2,0.018302460098237786,0.022360115502017105,0.013483480671548254,0.04423714272644237,20.000067688516964,58.76595687866211,-333.6844177246094,-41.68293380737305
902,180.4,0.018296289126755485,0.022352576426157175,0.014633253407484226,0.04800936310941055,20.000015305596285,60.11298751831055,-334.86029052734375,-41.00665283203125
903,180.6,0.018298073969429087,0.022354756968451517,0.015746591322160663,0.05166204667339759,19.999989318909783,61.473793029785156,-336.0202331542969,-40.330562591552734
904,180.8,0.01830948413418309,0.02236869676673148,0.016899011020503896,0.05544295131651,19.999992719744487,62.84818649291992,-337.1640625,-39.65446472167969
905,181.0,0.017445650695477637,0.02131335145466503,0.006225731661816281,0.020425629465353326,20.00003030170541,64.23599243164062,-338.2914733886719,-38.97809982299805
906,181.2,0.018542243329219606,0.022653058675307595,0.005715548582746477,0.01875180041221795,20.000195026259092,65.63665008544922,-339.4029541015625,-38.323951721191406
907,181.4,0.0190745692623606,0.023303401267825947,0.005126702988447085,0.016819892232616734,20.000049821455633,67.05022430419922,-340.4979248046875,-37.65034103393555
908,181.6,0.01859240457609334,0.02271434067061323,0.005162429659502865,0.01693710572408338,19.999848867082903,68.47694396972656,-341.57568359375,-36.95222473144531
909,181.8,0.018105286600702073,0.02211922864007772,0.005716785778065309,0.01875585945210779,19.9998869273115,69.91657257080078,-342.63616943359375,-36.26049041748047
910,182.0,0.018063348319487867,0.022067992641918326,0.006378319098808427,0.02092624443213464,20.00007330316998,71.36864471435547,-343.6795654296875,-35.585906982421875
911,182.2,0.018266232285794347,0.022315855983554952,0.0068721716050222925,0.022546495488621338,20.00019730041255,72.83283233642578,-344.7059326171875,-34.91769790649414
912,182.4,0.018381318168516063,0.022456456406476075,0.007362107537281559,0.02415389689261483,20.000152955540457,74.30895233154297,-345.7149963378906,-34.2450065612793
913,182.6,0.018355735328355667,0.022425201850652117,0.007954681032892624,0.026098035719955438,20.00002221946423,75.7968978881836,-346.70654296875,-33.56724548339844
914,182.8,0.01829982598362478,0.022356897404194397,0.008655745595020794,0.028398116377968022,19.99992513629389,77.29646301269531,-347.680419921875,-32.88887023925781
915,183.0,0.01830624812479993,0.022364743334068078,0.009369841295343427,0.030740950115414528,19.999937492574503,78.80741882324219,-348.6365966796875,-32.21211624145508
916,183.2,0.018287851752126116,0.022342268485572477,0.010245443196092469,0.03361365985546801,20.000027421463106,80.32955932617188,-349.57476806640625,-31.53575325012207
917,183.4,0.01828620383595192,0.02234025522638246,0.011120071705310958,0.0364831760536524,20.00009201135025,81.8626708984375,-350.4949645996094,-30.85984230041504
918,183.6,0.018290438588078144,0.02234542882305507,0.012081273241855983,0.039636724502810784,20.000100652191385,83.40652465820312,-351.39697265625,-30.18415069580078
919,183.8,0.018319525901747492,0.02238096479416491,0.01302707550128418,0.04273975038763319,20.00006269793398,84.96090698242188,-352.28082275390625,-29.508365631103516
920,184.0,0.01831704943827738,0.022377939298743477,0.014079154716115927,0.04619145395882178,20.000009537240857,86.52561950683594,-353.14617919921875,-28.831815719604492
921,184.2,0.018280073196985484,0.022332765424757164,0.015275865595311688,0.0501176708797224,19.999969363161036,88.1004409790039,-353.9929504394531,-28.15502166748047
922,184.4,0.018291452189560332,0.02234666713998586,0.01641423206756737,0.05385246913655773,19.999995267668194,89.68513488769531,-354.8211364746094,-27.47917366027832
923,184.6,0.01829576462500759,0.022351935642371774,0.017777060308943327,0.058323690543993625,20.000048302527865,91.27950286865234,-355.6305236816406,-26.803451538085938
924,184.8,0.017554061258133517,0.02144579663906172,0.00628417834621503,0.02061738368539612,20.000082328565618,92.88330078125,-356.4211120605469,-26.127485275268555
925,185.0,0.01850741683373015,0.022610511145768123,0.0058463458436241456,0.019180925297595842,20.000188980888982,94.49609375,-357.1931457519531,-25.470651626586914
926,185.2,0.018976903689313252,0.023184083237234,0.005365912677010393,0.017604700947242778,20.000019547051547,96.11783599853516,-357.9461975097656,-24.796825408935547
927,185.4,0.01870827462876689,0.02285589911396451,0.005178739136425692,0.016990614508350866,19.999835932888633,97.74853515625,-358.6799011230469,-24.101545333862305
928,185.6,0.018171814260363517,0.02220050548188611,0.00570357949887787,0.01871253176309847,19.99987352912814,99.38798522949219,-359.3936767578125,-23.407785415649414
929,185.8,0.017991934020785416,0.021980745793193545,0.0065652730462120445,0.021539610420934323,20.000074217861652,101.03579711914062,-360.0877990722656,-22.73036003112793
930,186.0,0.018191241044774615,0.022224239184401147,0.007233549945742157,0.023732120003988697,20.000227814005605,102.6916275024414,-360.7626953125,-22.063217163085938
931,186.2,0.018373328573043864,0.022446695517687687,0.007739990154585548,0.02539366929877045,20.000187068342584,104.35525512695312,-361.4181823730469,-21.393115997314453
932,186.4,0.018326821288726855,0.022389877568437598,0.008440501618334649,0.02769193532949705,20.0000265736933,106.02647399902344,-362.0538330078125,-20.716392517089844
933,186.6,0.018380177930569473,0.022455063377776727,0.008963327715470565,0.029407244102024447,19.999913697125937,107.70506286621094,-362.66998291015625,-20.038875579833984
934,186.8,0.018351918702019816,0.02242053907825761,0.009652315514259019,0.03166770283180156,19.9999082162753,109.3908462524414,-363.2662353515625,-19.360383987426758
935,187.0,0.018346802155075965,0.02241428819285631,0.010327433151252882,0.03388265577995651,19.999991023868883,111.08356475830078,-363.842529296875,-18.68207359313965
936,187.2,0.018318865988162392,0.022380158577737994,0.011242695449782333,0.03688548493946387,20.000066076931006,112.78298950195312,-364.3987731933594,-18.004127502441406
937,187.4,0.018197068656132905,0.02223135877719757,0.01255520620711939,0.04119162273256558,20.000115922590037,114.48885345458984,-364.9344482421875,-17.327007293701172
938,187.6,0.0181872729382356,0.022219391348642432,0.013872123043301016,0.0455122161653837,20.00011288112342,116.20091247558594,-365.4501037597656,-16.653303146362305
939,187.8,0.01826611930811219,0.02231571795872066,0.014942068771591377,0.04902253690858785,20.000054106644765,117.9189224243164,-365.9457702636719,-15.981094360351562
940,188.0,0.018339112266289436,0.022404893455725803,0.015998585636901763,0.05248879970097278,19.999987379648072,119.64261627197266,-366.42120361328125,-15.307055473327637
941,188.2,0.018351505179796234,0.02242003387815706,0.017153052720939116,0.05627642148896589,19.999966420900392,121.371826171875,-366.87628173828125,-14.630329132080078
942,188.4,0.017532023296648405,0.021418872861515354,0.006186572042514188,0.02029715301996225,19.999995052450792,123.10626983642578,-367.3108215332031,-13.952473640441895
943,188.6,0.018443033612995343,0.02253185416499641,0.005852213898168007,0.019200177445665524,20.000180045720416,124.84561920166016,-367.7252197265625,-13.295614242553711
944,188.8,0.01899302147779888,0.02320377433942689,0.005304454856277174,0.017403067670668404,20.000075740360273,126.58969116210938,-368.1193542480469,-12.62364673614502
945,189.0,0.01869550660549035,0.02284030041992756,0.005190356251997,0.017028728405801836,19.99988099160067,128.33839416503906,-368.4925231933594,-11.92857837677002
946,189.2,0.01785772147125509,0.021816778321432344,0.005938226308940336,0.019482370403423814,19.99974915966371,130.09149169921875,-368.84423828125,-11.227374076843262
947,189.4,0.01770335395289256,0.021628187524248842,0.006980953016417407,0.022903389894382887,19.99994187659884,131.8486328125,-369.17498779296875,-10.555099487304688
948,189.6,0.018260104404433954,0.02230836955089696,0.007408213754203863,0.024305164013342203,20.000206445870575,133.6094970703125,-369.4856872558594,-9.89845085144043
949,189.8,0.018626833512281414,0.022756402501954206,0.00754521162890729,0.024754632120584194,20.000237308486085,135.37388610839844,-369.77593994140625,-9.229717254638672
950,190.0,0.018527820031369106,0.022635437732323637,0.007927271894177433,0.02600811072129309,20.00007716751848,137.14158630371094,-370.0451354980469,-8.545907974243164
951,190.2,0.018325930896187205,0.022388789775871908,0.008581838255137319,0.02815563822098472,19.99995111524361,138.912353515625,-370.2932434082031,-7.860543251037598
952,190.4,0.018212068193643367,0.0222496837121741,0.009489735746776097,0.03113430462745289,19.99992860670874,140.68592834472656,-370.520263671875,-7.181190490722656
953,190.6,0.018219241793177892,0.02225844769872543,0.010440293501917493,0.03425293253283099,20.00001253075266,142.46205139160156,-370.7263488769531,-6.506902694702148
954,190.8,0.01828207616511785,0.02233521245092448,0.011289426439656643,0.037038801840283096,20.000108930682448,144.24050903320312,-370.91162109375,-5.833714008331299
955,191.0,0.01832337860249812,0.02238567163867195,0.01218037952509439,0.039961876361110676,20.00011549495433,146.02102661132812,-371.0758972167969,-5.158907890319824
956,191.2,0.018310456723121083,0.02236988497863703,0.013269722454947903,0.04353583621909128,20.0000692835962,147.8033447265625,-371.2190856933594,-4.482393264770508
957,191.4,0.018302701282215384,0.022360410156482536,0.014315289981471677,0.04696617598281153,20.000009169120208,149.5872344970703,-371.3412780761719,-3.8057260513305664
958,191.6,0.018309834523301496,0.02236912483711744,0.015385913228250319,0.05047871955577277,19.99999260028677,151.37245178222656,-371.44244384765625,-3.1293954849243164
959,191.8,0.01830287325414097,0.02236062025458402,0.016615832891101894,0.05451388918244274,20.000018785021954,153.15872192382812,-371.5224609375,-2.452972888946533
960,192.0,0.018308430979112698,0.022367410127181984,0.01785966647075714,0.05859470814391886,20.000068069712242,154.94583129882812,-371.5814514160156,-1.776642084121704
961,192.2,0.01756902420840821,0.02146407687541231,0.006249879950363964,0.020504856136352105,20.000071886113595,156.73350524902344,-371.6192932128906,-1.100250244140625
962,192.4,0.01581626454428209,0.019322730393749432,0.0060448858752267295,0.019832303374878863,20.00015642431483,158.521484375,-371.6363525390625,-0.44287109375
963,192.6,0.004221955928446428,0.005157963557783001,0.0064720508090002305,0.021233763176200317,20.000184127027026,160.3095703125,-371.63330078125,0.2068745642900467
964,192.8,-0.002738300929240704,-0.003345382245253368,0.006386219735190933,0.02095216515600382,20.00089361004481,162.09768676757812,-371.6188659667969,0.5099362730979919
965,193.0,-0.0021014260253691447,-0.0025673121751934843,0.0064639747550597785,0.021207266935390323,20.000997122849256,163.8858184814453,-371.6031494140625,0.49359720945358276
966,193.2,0.0004105399692341724,0.0005015566804133884,0.004749496803606434,0.015582339093144132,20.00093672241846,165.67393493652344,-371.5892028808594,0.413576602935791
967,193.4,0.001350158517519159,0.0016494886608531567,0.0025449850844802696,0.008349688864566248,20.000682073957865,167.46206665039062,-371.5757751464844,0.4009576737880707
968,193.6,0.000911061695423444,0.0011130440732988215,0.001220622938148078,0.00400466856039374,20.000340050208962,169.2501983642578,-371.5614318847656,0.4389857351779938
969,193.8,0.00022540257910052942,0.0002753743308871168,0.0010062752042944425,0.003301427941257379,20.000111635894726,171.03831481933594,-371.5460205078125,0.47684040665626526
970,194.0,-0.00017188526942187022,-0.00020999223365269885,0.0015064339401327544,0.004942368728145146,20.000102309961967,172.82644653320312,-371.52984619140625,0.49291515350341797
971,194.2,-0.0008707857659029334,-0.0010638389702036137,0.0021376687334026916,0.007013349087296886,20.000243119140432,174.61456298828125,-371.5135803222656,0.4912690222263336
972,194.4,1.5603782178591434e-05,1.9063140687585154e-05,0.0019023663563957202,0.006241359636717334,20.000357319075704,176.40269470214844,-371.4981689453125,0.46682611107826233
973,194.6,0.0005213016894209286,0.0006368742739655484,0.0013554053278489377,0.004446868015819909,20.00036942110852,178.19081115722656,-371.4830627441406,0.4580024778842926
974,194.8,-0.0002582059417391598,-0.00031545019902273156,0.0011265666654386372,0.0036960849786376983,20.000270407135048,179.97894287109375,-371.4676513671875,0.4711367189884186
975,195.0,-0.0009231985611928737,-0.0011278716822093339,0.0010492028881060364,0.0034422668034138084,20.0000958246508,181.76705932617188,-371.4521789550781,0.4696791172027588
976,195.2,-0.0007119203699610778,-0.0008697531159814489,0.0014811596680958379,0.004859447885475549,19.99999334935161,183.55519104003906,-371.4374084472656,0.4431091547012329
977,195.4,-0.00020241530319627102,-0.0002472907759148843,0.001881235950595825,0.006172034156152806,20.000031820658265,185.34332275390625,-371.423583984375,0.414700448513031
978,195.6,0.00013583743290469794,0.00016595259177966948,0.0016633597003220192,0.005457217039204493,20.00014898131155,187.13143920898438,-371.4103698730469,0.4013548791408539
979,195.8,0.00019852188192142207,0.00024253418314340136,0.0013995224587068115,0.004591609263423655,20.00020851350913,188.91957092285156,-371.3972473144531,0.4022270739078522
980,196.0,3.5923055282277e-05,4.3887196638357813e-05,0.0016471661008597913,0.0054040884303448375,20.000175910092654,190.7076873779297,-371.3835754394531,0.4085564911365509
981,196.2,-0.0004843785205752981,-0.0005917652385868416,0.0019555733609172366,0.006415923305431706,20.000077486468335,192.49581909179688,-371.3698425292969,0.4115218222141266
982,196.4,-1.481938879920622e-05,-1.810484729599024e-05,0.001816318865156018,0.00595905158555847,19.9999961553884,194.283935546875,-371.3565673828125,0.3992695212364197
983,196.6,0.000257264391036553,0.0003142999065293568,0.00156545073585884,0.005135993392235116,20.000011224975616,196.0720672607422,-371.3434143066406,0.3937802314758301
984,196.8,0.0002398157759354313,0.00029298293346031643,0.001267161644391596,0.0041573546093857236,20.000073234267326,197.8601837158203,-371.3302917480469,0.3999427556991577
985,197.0,2.1073401495166245e-05,2.5745374606644602e-05,0.0014195764087430768,0.004657403064860636,20.000101171655214,199.6483154296875,-371.3167419433594,0.4087386727333069
986,197.2,-0.00010842435843782101,-0.00013246203870348594,0.001727983668800522,0.005669237939947504,20.000083812703433,201.4364471435547,-371.3030090332031,0.41182824969291687
987,197.4,-0.00012490572952095414,-0.00015259732975574967,0.002066998979785975,0.006781492932841018,20.00005002612029,203.2245635986328,-371.28924560546875,0.409270316362381
988,197.6,2.164285666762886e-05,2.644107799084218e-05,0.001908375205067302,0.006261073707793007,20.00002519223781,205.0126953125,-371.2759704589844,0.4048023223876953
989,197.8,0.00011907837669345928,0.0001454780528063992,0.0016464974096883815,0.00540189456160203,20.000023461110313,206.80081176757812,-371.2628479003906,0.40390893816947937
990,198.0,-0.00032327070487981366,-0.00039493982015166833,0.0018328377972467117,0.006013247558718901,20.000038172628756,208.5889434814453,-371.2492370605469,0.4070562720298767
991,198.2,6.164380134999094e-05,7.531023210928394e-05,0.0015921014857064163,0.005223430238365039,20.000040956059667,210.37705993652344,-371.2360534667969,0.39976200461387634
992,198.4,0.00025556659395967635,0.00031222570784053663,0.0012902461345088287,0.004233091127941946,20.0000592882207,212.16519165039062,-371.2229309082031,0.39798808097839355
993,198.6,0.00013837714915424014,0.00016905536312173517,0.001237505355460712,0.004060057070409722,20.00006058176983,213.95330810546875,-371.2095642089844,0.4050067663192749
994,198.8,-7.304853869927145e-05,-8.924339972889994e-05,0.001539274876851744,0.005050114586970276,20.000047314569372,215.74143981933594,-371.19586181640625,0.41119152307510376
995,199.0,-0.00014460637443063293,-0.00017666560764190427,0.001849496403072632,0.006067901779056814,20.000021286682923,217.52957153320312,-371.1820983886719,0.41077449917793274
996,199.2,-7.989640986728827e-05,-9.760944393486607e-05,0.0019091084939593288,0.006263479511321524,20.000017164895503,219.31768798828125,-371.1686096191406,0.40622684359550476
997,199.4,-0.0011427265370260748,-0.0013960690102847557,0.0016007751443750423,0.005251887124671414,20.000023583640523,221.10581970214844,-371.1554870605469,0.4024995267391205
998,199.6,-0.0031169914094717087,-0.0038080284049515863,-0.0009543450693435271,-0.0031310534773050175,20.000008251921965,222.89393615722656,-371.1429138183594,0.3716461956501007
999,199.8,-0.0046542077616051085,-0.005686045622352961,-0.0038121693813194138,-0.012507117793007986,19.9999210162446,224.68206787109375,-371.13299560546875,0.2783006727695465
1000,200.0,-0.005610323669213534,-0.006854132426678174,1.8452044757731882e-05,6.053820652295707e-05,19.99984594416166,226.47018432617188,-371.12750244140625,0.12377632409334183
1001,200.2,-0.004334266496367816,-0.005295173378612561,0.00026835159354374476,0.0008804186421620595,19.999854800417257,228.25831604003906,-371.1278076171875,-0.0728149339556694
1002,200.4,-0.0013095958460852743,-0.0015999332451623795,0.0005404932309631416,0.0017732718118731135,20.000087488667738,230.04644775390625,-371.1336669921875,-0.2471008151769638
1003,200.6,0.0004920636500953778,0.000601154161321523,0.0008228227782124246,0.002699549883670451,20.000343399807846,231.83456420898438,-371.142578125,-0.3299560546875
1004,200.8,0.0006175606009603222,0.0007544737861932256,0.0006152761670597365,0.0020186226599362657,20.00035208854495,233.62269592285156,-371.1520080566406,-0.3336791694164276
1005,201.0,0.00017860073538947827,0.0002181965184253256,0.0007127346463033041,0.002338368336977732,20.000124804259176,235.4108123779297,-371.1611328125,-0.3135375678539276
1006,201.2,-0.00012961365626353442,-0.00015834900385716,0.0011237833728637348,0.0036869534410262556,19.99988348621544,237.19894409179688,-371.1699523925781,-0.3023376762866974
1007,201.4,-0.00019117965822563888,-0.00023356418845426303,0.0015487575508850663,0.005081225723245761,19.99980917095607,238.987060546875,-371.1787109375,-0.3035888373851776
1008,201.6,-0.0001652765152766797,-0.0002019183187135196,0.002073656417908047,0.0068033349221294365,19.99993021271127,240.7751922607422,-371.1874084472656,-0.30987548828125
1009,201.8,-0.0004644802451490008,-0.0005674555154985343,0.002110093508536143,0.006922879186545719,20.00011129982211,242.5633087158203,-371.19659423828125,-0.316375732421875
1010,202.0,9.639104017128762e-05,0.0001177609337772621,0.0018719788058449306,0.006141662945368282,20.000177205270962,244.3514404296875,-371.2060546875,-0.3304443061351776
1011,202.2,0.0002728526518671317,0.0003333440847860748,0.0016583296265586618,0.00544071417199872,20.000143267831007,246.1395721435547,-371.2154846191406,-0.3329467177391052
1012,202.4,0.001989568337058223,0.0024306556373840313,0.0014262804761581449,0.004679398037398688,20.00004080415231,247.9276885986328,-371.22491455078125,-0.3252258002758026
1013,202.6,0.009974466587970795,0.01218580583052392,0.0027172284565683785,0.008914791809447799,19.999975494409416,249.7158203125,-371.23291015625,-0.2705382704734802
1014,202.8,0.018006848332042837,0.021998966607256733,0.008691231713060712,0.028514540653478106,19.999502975583244,251.50393676757812,-371.2334289550781,0.009845745749771595
1015,203.0,0.021611255724703526,0.026402471118870296,0.009618022577563485,0.03155519319337338,19.99837749363035,253.29180908203125,-371.2176818847656,0.5818939208984375
1016,203.2,0.021533696181124305,0.026307716624479564,0.009684960342505827,0.03177480529010682,19.997857427074155,255.0792694091797,-371.1797180175781,1.3346251249313354
1017,203.4,0.020263324367089535,0.024755703379273287,0.011094606016505474,0.03639962720319182,19.99864924737586,256.8660583496094,-371.1174011230469,2.1275670528411865
1018,203.6,0.019500797958519823,0.023824124865923668,0.01317967913310238,0.04324041848704761,20.00004592892886,258.6520080566406,-371.0313720703125,2.8895134925842285
1019,203.8,0.019434990615213647,0.02374372803460651,0.01530964449823339,0.050228494055584036,20.000866135311053,260.436767578125,-370.9223327636719,3.6189115047454834
1020,204.0,0.019743080719244962,0.02412012171470157,0.016870374397633336,0.055348999138731356,20.000634430428313,262.2200622558594,-370.7908935546875,4.338049411773682
1021,204.2,0.02001148735629422,0.024448034103184652,0.01802835577835467,0.05914815077185713,19.999761627028494,264.00146484375,-370.63690185546875,5.063941478729248
1022,204.4,0.02013051321997976,0.024593448000849272,0.018990647301021304,0.062305275291082735,19.99908749278644,265.78076171875,-370.4601135253906,5.799827575683594
1023,204.6,0.01933830604848598,0.023625608499435322,0.006639957681527614,0.021784638759863056,19.999078968877793,267.5575866699219,-370.26025390625,6.5417070388793945
1024,204.8,0.020291994573485093,0.024790729770426737,0.006140341852537506,0.02014547916347915,19.999780073697178,269.3316955566406,-370.0379638671875,7.264541149139404
1025,205.0,0.02075461006551273,0.025355907117036905,0.005582531679701672,0.018315393236032432,20.000208883132036,271.1028747558594,-369.7928771972656,8.003950119018555
1026,205.2,0.02027986237530244,0.024775907863906994,0.005659601857315705,0.018568248157555655,20.0002225928626,272.87066650390625,-369.52435302734375,8.764623641967773
1027,205.4,0.019824358834470618,0.024219419188072754,0.006199582091967221,0.020339836910609737,20.000072563140865,274.6347351074219,-369.2326354980469,9.518349647521973
1028,205.6,0.01981092065869341,0.02420300176872574,0.006818275250355707,0.022369670172377017,19.999900333700225,276.3949279785156,-368.91815185546875,10.255762100219727
1029,205.8,0.020031640898814346,0.024472655686081486,0.007277942430831824,0.02387776464477028,19.999813446438807,278.15093994140625,-368.5811767578125,10.987873077392578
1030,206.0,0.020109542789282207,0.02456782842566607,0.007734310855266664,0.025375036426393084,19.999823033138448,279.9024658203125,-368.22161865234375,11.72525691986084
1031,206.2,0.02010759950985854,0.02456545432119418,0.00823764473283185,0.027026394345264045,19.999937374332003,281.649169921875,-367.8394775390625,12.466885566711426
1032,206.4,0.020049301851928616,0.02449423207250119,0.008910826709810084,0.029234996702613317,20.00004986016028,283.39080810546875,-367.43475341796875,13.209396362304688
1033,206.6,0.02002042500255099,0.02445895322561654,0.009568688135655395,0.031393334782983645,20.000099635475255,285.1271057128906,-367.007568359375,13.95044231414795
1034,206.8,0.02001166174121205,0.024448247149238763,0.010434753502184986,0.03423475668010859,20.000078915051525,286.8576965332031,-366.5578918457031,14.690142631530762
1035,207.0,0.02000918292955456,0.024445218785036804,0.011319470025441765,0.03713737003827036,19.99999525836717,288.5823669433594,-366.0859680175781,15.429285049438477
1036,207.2,0.020016010984202942,0.024453560619400735,0.012148669424377756,0.039857840594275516,19.99994687537281,290.30078125,-365.5918273925781,16.168249130249023
1037,207.4,0.020048322877157066,0.02449303605902279,0.013048455477702156,0.04280989466946434,19.999962728513804,292.0126953125,-365.07562255859375,16.90735626220703
1038,207.6,0.020048164807219368,0.024492842944979904,0.014037269070884928,0.04605403385852211,19.99998936652599,293.7177734375,-364.5373229980469,17.647357940673828
1039,207.8,0.020025289728114216,0.02446489646083714,0.015098213921450415,0.04953482416205138,20.00003416846932,295.4157409667969,-363.9770202636719,18.38768196105957
1040,208.0,0.020023135087066383,0.024462264135869,0.01615805186654229,0.053011982885826606,20.00005144205715,297.1064147949219,-363.3948669433594,19.12744140625
1041,208.2,0.02001236098021618,0.024449101409530105,0.01744205388343331,0.05722458806292335,20.000044886226622,298.78936767578125,-362.7908020019531,19.866920471191406
1042,208.4,0.02003225969246389,0.024473411666283133,0.018682465283351768,0.06129417940023182,20.000031377911025,300.46441650390625,-362.16522216796875,20.606063842773438
1043,208.6,0.019175334680046514,0.023426506378612825,0.006662472170546108,0.021858505196014493,20.00001496073606,302.1312561035156,-361.51800537109375,21.345630645751953
1044,208.8,0.020310092867939594,0.0248128404567618,0.006071307535520265,0.019918988614836305,20.000164232245346,303.7897644042969,-360.8499450683594,22.063282012939453
1045,209.0,0.020839356385844363,0.02545944169658606,0.005449300535580348,0.01787828316915343,19.999991999275547,305.4396057128906,-360.1606140136719,22.801420211791992
1046,209.2,0.020296637688238896,0.02479640226372146,0.005540302411545045,0.018176845763893446,19.999809213448565,307.08013916015625,-359.4494323730469,23.564348220825195
1047,209.4,0.01974770540368866,0.024125771691686435,0.0061365091388039805,0.020132904642953652,19.999897922372632,308.711181640625,-358.7167053222656,24.319366455078125
1048,209.6,0.01980406936933445,0.024194631548515897,0.006740306347825603,0.02211386667820015,20.00013153366404,310.3326416015625,-357.9630432128906,25.055025100708008
1049,209.8,0.020056211593333127,0.02450267370357508,0.0071744361138851576,0.02353817697987898,20.00021867451362,311.9443054199219,-357.1887512207031,25.78619956970215
1050,210.0,0.020156492457475816,0.024625186835298202,0.007569590479355695,0.02483461522828934,20.000118453775965,313.5459289550781,-356.3937072753906,26.524120330810547
1051,210.2,0.020086714548852302,0.024539939164332857,0.008119122312120891,0.026637541246498704,19.999959717151835,315.1370544433594,-355.5780334472656,27.267208099365234
1052,210.4,0.020011490142607634,0.024448037507223744,0.008744408550272014,0.028689005348074434,19.999905320478994,316.717529296875,-354.7418212890625,28.009695053100586
1053,210.6,0.019971957781101408,0.02439974082117159,0.009586092634622921,0.03145043615937627,19.999973748980207,318.2870178222656,-353.8851623535156,28.74959373474121
1054,210.8,0.01997437324713041,0.024402691796019223,0.010465344405067259,0.034335120537920864,20.000073635119385,319.84539794921875,-353.00830078125,29.487642288208008
1055,211.0,0.020014374554843613,0.02445156139365244,0.011293758443687144,0.037053014452386526,20.000129219532635,321.392333984375,-352.1114501953125,30.225317001342773
1056,211.2,0.02003827818645825,0.024480764460396046,0.012138375129397694,0.03982406665953313,20.00009624761215,322.9275817871094,-351.1947937011719,30.964033126831055
1057,211.4,0.020087688864924225,0.024541129486277926,0.01288206665044625,0.04226399954945007,20.000013683279256,324.45086669921875,-350.2585144042969,31.70377540588379
1058,211.6,0.0200592061249918,0.024506332122902486,0.013906035431171082,0.04562347728400333,19.999961849429603,325.9618835449219,-349.3025207519531,32.445068359375
1059,211.8,0.02005825531450529,0.024505170517731115,0.014864588623972164,0.04876833694107283,19.999972693296023,327.4604187011719,-348.3271484375,33.18611145019531
1060,212.0,0.020004663079561696,0.024439696884300526,0.016046019952539348,0.052644424101089195,20.00003254099596,328.94622802734375,-347.3323669433594,33.92688751220703
1061,212.2,0.020022208955905844,0.02446113268143017,0.017093567813951827,0.05608126102672571,20.00008433214647,330.41912841796875,-346.31854248046875,34.66621017456055
1062,212.4,0.02003493889051939,0.024476684842547537,0.0183407449980868,0.060173049819523095,20.000100260275627,331.8787841796875,-345.2858581542969,35.405426025390625
1063,212.6,0.019147534109370517,0.023392542421417962,0.006613821042806334,0.021698888630080734,20.00005629797431,333.3249816894531,-344.234375,36.14514923095703
1064,212.8,0.02030915780743885,0.024811698093348045,0.006049936158431746,0.019848872546029208,20.000155149720058,334.75787353515625,-343.1647644042969,36.86208724975586
1065,213.0,0.020855234442797656,0.025478839918765896,0.00541228158926893,0.017756829929337078,19.999930432918845,336.1769104003906,-342.0768737792969,37.59989547729492
1066,213.2,0.020368161288699522,0.024883782646404208,0.005384861186518375,0.017666867975176945,19.999749499171124,337.58154296875,-340.97021484375,38.363197326660156
1067,213.4,0.019741714572431804,0.024118452693139936,0.006025417330497773,0.019768430194590313,19.999890358336874,338.97119140625,-339.8451843261719,39.1202392578125
1068,213.6,0.019760416603033095,0.02414130096392553,0.006601149910156312,0.021657316671237235,20.00017624804522,340.34637451171875,-338.7023010253906,39.856483459472656
1069,213.8,0.019973474743607517,0.024401594094265306,0.007158196215760998,0.02348489647251731,20.00029009318678,341.7067565917969,-337.5418395996094,40.586544036865234
1070,214.0,0.020145835830701755,0.024612167634368333,0.007532972173801639,0.02471447642669537,20.000171399434038,343.0520935058594,-336.3641662597656,41.32191467285156
1071,214.2,0.02015679851065472,0.02462556074046687,0.007989560208167837,0.026212468713365366,19.999972299254974,344.3821716308594,-335.1691589355469,42.06389236450195
1072,214.4,0.020086485811620893,0.024539659716057247,0.008531393349731603,0.02799013655753343,19.999855605310096,345.6966857910156,-333.95703125,42.8079948425293
1073,214.6,0.019994110464163658,0.02442680475406874,0.009268822063411343,0.030409522178522472,19.999900550709945,346.99530029296875,-332.7279357910156,43.55048370361328
1074,214.8,0.01996432823068722,0.024390419799430577,0.010093944042743115,0.03311661537319332,20.000052953189932,348.2779541015625,-331.4821472167969,44.28987121582031
1075,215.0,0.020004138232637216,0.02443905567881289,0.010896584931920639,0.03574995170804251,20.00016647190098,349.54443359375,-330.2200012207031,45.027626037597656
1076,215.2,0.020042626217338846,0.02448607644972287,0.011748145937611254,0.038543787117952505,20.00015706446,350.7945556640625,-328.9416198730469,45.76601028442383
1077,215.4,0.020043762770329668,0.024487464976511757,0.012644145464458606,0.041483418205614374,20.00005166836032,352.028076171875,-327.6471862792969,46.50568771362305
1078,215.6,0.02007232140598735,0.024522355061694742,0.013532677897307166,0.04439855095260124,19.99995479154091,353.24481201171875,-326.33697509765625,47.24580383300781
1079,215.8,0.02003441776682179,0.02447604818572618,0.014618817221214442,0.04796200029204919,19.999930247280215,354.4444580078125,-325.0111083984375,47.986732482910156
1080,216.0,0.020013824776780594,0.02445088972979285,0.015643043052069372,0.05132232136695128,19.999997711779997,355.62689208984375,-323.6698303222656,48.72698211669922
1081,216.2,0.020020776910086583,0.02445938315105278,0.016824496359597485,0.05519848063642181,20.000068335133506,356.7919006347656,-322.3134460449219,49.46636962890625
1082,216.4,0.020022708705132983,0.024461743225060964,0.018047815165353975,0.059211993907099934,20.000099104185782,357.9393310546875,-320.94207763671875,50.2056884765625
1083,216.6,0.020037231601686273,0.02447948584778012,0.019234254689289354,0.06310451215480808,20.000079943436244,359.0689697265625,-319.55609130859375,50.94510269165039
1084,216.8,0.019282341584810184,0.023557236714162603,0.006600117125970417,0.021653928271568784,20.000023973442893,360.1806640625,-318.15557861328125,51.684906005859375
1085,217.0,0.020182653547728146,0.024657147839259475,0.0062722144589537066,0.02057813208551368,20.000136609280197,361.2744445800781,-316.7411193847656,52.40537643432617
1086,217.2,0.020747514055278953,0.0253472379213343,0.0056850072237414895,0.01865159909994003,19.999983351088684,362.35015869140625,-315.31280517578125,53.14131546020508
1087,217.4,0.02037941903479507,0.024897536234809135,0.0056858343024390745,0.018654312612814212,19.99980826753306,363.4068908691406,-313.8704528808594,53.90060043334961
1088,217.6,0.01986186476621096,0.024265240184879928,0.006229680086151657,0.0204385836138498,19.99988598243587,364.44451904296875,-312.4142761230469,54.6567268371582
1089,217.8,0.019775684536013808,0.02415995379764807,0.006934402415578078,0.022750664821125182,20.000116587790348,365.4631652832031,-310.94476318359375,55.39607238769531
1090,218.0,0.019960734496421845,0.02438602933427857,0.007498672670975898,0.024601945245844564,20.000231444657757,366.46295166015625,-309.4623107910156,56.12770080566406
1091,218.2,0.020133399083439776,0.024596973660238376,0.007869914605063907,0.02581993063287787,20.00015577299354,367.4436950683594,-307.9671936035156,56.8629035949707
1092,218.4,0.020104170982921558,0.024561265689835268,0.008470028932398475,0.027788809722570213,19.999983656528013,368.4048767089844,-306.4595642089844,57.60441207885742
1093,218.6,0.020089191280941828,0.02454296498792663,0.009043082325721478,0.029668906217520056,19.999897499327343,369.3466796875,-304.9395446777344,58.34701156616211
1094,218.8,0.01998557973766245,0.024416382765502214,0.009904088293903535,0.03249372903817047,19.999939840704535,370.26849365234375,-303.407470703125,59.08905792236328
1095,219.0,0.01993132860241548,0.024350104153570994,0.010874651284697112,0.03567799092088567,20.0000506480447,371.17034912109375,-301.8636474609375,59.82828903198242
1096,219.2,0.019942575992358148,0.024363845089863948,0.011922296464876386,0.039115147133825044,20.000145630673895,372.0522155761719,-300.3083190917969,60.56501770019531
1097,219.4,0.020010586568043068,0.024446933610178218,0.012795100531854953,0.041978677628931,20.000125647839138,372.91412353515625,-298.7418212890625,61.301448822021484
1098,219.6,0.020121676000563433,0.024582651569888345,0.013432640440032229,0.044070344061275336,20.000042973442817,373.7560729980469,-297.1642761230469,62.039710998535156
1099,219.8,0.020112267183069382,0.024571156817555864,0.014370326368804032,0.04714674156382702,19.999956047022078,374.5773620605469,-295.5760192871094,62.781532287597656
1100,220.0,0.02006057774465197,0.024508007830641314,0.015454090549617078,0.050702398438805696,19.999956800620637,375.37799072265625,-293.97723388671875,63.524314880371094
1101,220.2,0.020027109519342005,0.02446711969978013,0.01654776724265139,0.054290576680380384,20.00000069772121,376.1579284667969,-292.36822509765625,64.2657241821289
1102,220.4,0.02002526037587495,0.024464860601206426,0.017653380739088398,0.05791791766403078,20.000068283082726,376.9170227050781,-290.7492980957031,65.00570678710938
1103,220.6,0.02002155065624885,0.024460328436739218,0.018931373535793106,0.06211080755117145,20.000098457138858,377.6551208496094,-289.12066650390625,65.74531555175781
1104,220.8,0.019236340174498164,0.023501036791184406,0.006583145864182016,0.021598248277042927,20.000075353155733,378.3721923828125,-287.482666015625,66.4847412109375
1105,221.0,0.020266061619318522,0.024759047480321438,0.006092252224284389,0.019987704787521196,20.00016094594017,379.06854248046875,-285.83575439453125,67.20386505126953
1106,221.2,0.02079207704595636,0.025401680527044883,0.005508221530379026,0.018071593525728725,19.999959671481502,379.74371337890625,-284.1800537109375,67.94149017333984
1107,221.4,0.020345391237717746,0.02485596447511977,0.0055412790134428125,0.018180049838463715,19.999786435912817,380.39691162109375,-282.515625,68.70280456542969
1108,221.6,0.01978338660290462,0.024169363412768572,0.0061409104390988956,0.02014734460501322,19.999894538665494,381.028076171875,-280.8426818847656,69.45856475830078
1109,221.8,0.019789079790399133,0.024176318779930622,0.006797317022159577,0.022300909578982026,20.000151846717838,381.6376037597656,-279.1617126464844,70.19560241699219
1110,222.0,0.01998639239744417,0.024417375591957544,0.00734732734059293,0.024105405432110906,20.000259955908426,382.2255859375,-277.4729919433594,70.92680358886719
1111,222.2,0.020101208528438316,0.024557646459193092,0.007782646342076982,0.025533617424939845,20.000162326885935,382.7917785644531,-275.7769470214844,71.66278839111328
1112,222.4,0.020150879230481315,0.024618329155879023,0.008249229384624412,0.027064401734251158,19.99997688625754,383.33612060546875,-274.0737609863281,72.4036865234375
1113,222.6,0.020046619097229608,0.024490954551085412,0.008916026798217732,0.029252057360664663,19.999859910951308,383.8582763671875,-272.3636474609375,73.14715576171875
1114,222.8,0.02000396390588256,0.024438842703816722,0.009612686398844498,0.031537686044784984,19.99990533649108,384.3582763671875,-270.6469421386719,73.8885498046875
1115,223.0,0.01998559302040156,0.024416398993024585,0.010536643175465876,0.03456904039579547,20.000045637394873,384.83599853515625,-268.92388916015625,74.62779235839844
1116,223.2,0.020003027223187687,0.024437698358568398,0.011387493316619667,0.03736054357289847,20.00014854621501,385.29150390625,-267.19482421875,75.3660659790039
1117,223.4,0.02006570590920579,0.024514272909276713,0.012176558118919989,0.039949338938877456,20.000130394552933,385.7247619628906,-265.46002197265625,76.10457611083984
1118,223.6,0.020052389815548317,0.02449800463765538,0.013118733660192256,0.04304046614170516,20.00005361364008,386.1355285644531,-263.71978759765625,76.84487915039062
1119,223.8,0.020029744374177327,0.02447033870193244,0.014058097175214224,0.04612236753632983,19.999977219365775,386.5237731933594,-261.9743347167969,77.58549499511719
1120,224.0,0.02003096751560898,0.02447183301381949,0.015145376235065955,0.04968955616705379,19.999961908033963,386.8894348144531,-260.2240905761719,78.32543182373047
1121,224.2,0.0200330364673925,0.024474360652213416,0.01627298328373912,0.053389054476622656,20.00001113852974,387.23248291015625,-258.46923828125,79.0651626586914
1122,224.4,0.02003453378815765,0.0244761899289922,0.017379594995216435,0.05701967044410589,20.000052708365967,387.5528564453125,-256.71014404296875,79.80494689941406
1123,224.6,0.020025117124182833,0.024464685590614165,0.018600686066417682,0.061025874874145784,20.00008074749877,387.8504638671875,-254.94699096679688,80.54479217529297
1124,224.8,0.019166511338643336,0.023415726902420563,0.006608958141498006,0.021682934228952316,20.000068334076456,388.1252746582031,-253.18019104003906,81.28443908691406
1125,225.0,0.020273487933741362,0.024768120208651823,0.006116130495125327,0.020066045573626977,20.000187907032085,388.3778381347656,-251.41001892089844,82.00181579589844
1126,225.2,0.02083976215675253,0.025459937426904566,0.0054682334876954425,0.017940399155770715,19.99997534985664,388.60772705078125,-249.63681030273438,82.73892974853516
1127,225.4,0.020322184022295478,0.024827612220038386,0.005513074199669593,0.018087514357243987,19.99976646252662,388.8140563964844,-247.8607940673828,83.50149536132812
1128,225.6,0.019788982076580492,0.024176199402958388,0.006113343173737046,0.02005690081812345,19.999876075456687,388.9969482421875,-246.0821990966797,84.2571029663086
1129,225.8,0.019778935675869365,0.024163925715209603,0.00678043202652796,0.022245512609913993,20.00013029376286,389.1568603515625,-244.30128479003906,84.9940414428711
1130,226.0,0.020027170298619165,0.024467193953823033,0.007179405335665126,0.02355448020146357,20.00026094521957,389.2940673828125,-242.51849365234375,85.72498321533203
1131,226.2,0.020151407009220062,0.02461897394316415,0.007546446905612807,0.02475868486581072,20.00015938850096,389.4083251953125,-240.7340545654297,86.46189880371094
1132,226.4,0.020086294846269056,0.024539426413686904,0.008130967154752044,0.026676402279996694,19.99998601711953,389.4994201660156,-238.9482879638672,87.20454406738281
1133,226.6,0.020035192902613314,0.024476995169122686,0.008796593414552058,0.028860215538198973,19.999905708692122,389.5674133300781,-237.16156005859375,87.94692993164062
1134,226.8,0.02002515186391708,0.024464728032147498,0.00951750120295055,0.03122539864668828,19.999950685075202,389.6123352050781,-235.3740692138672,88.68741607666016
1135,227.0,0.016654096480865084,0.02034630967067287,0.01029348897684834,0.03377129037480311,20.000025213740813,389.6341247558594,-233.58612060546875,89.42707824707031
1136,227.2,0.00838913992807397,0.01024901225012797,0.00771490448207738,0.02531136722097875,20.00061935086495,389.6351623535156,-231.7980194091797,90.07952880859375
1137,227.4,0.0016369372277580787,0.0019998462111520446,0.0024069280785942414,0.007896745917375131,20.001435781898547,389.6220703125,-230.00990295410156,90.483154296875
1138,227.6,-0.0010685005680428562,-0.0013053871439779575,0.0025966421617629764,0.008519167469998444,20.001475764250518,389.6031799316406,-228.2217559814453,90.6236801147461
1139,227.8,-0.0011331669421753747,-0.0013843900532556552,0.0037209166895228072,0.012207732311654007,20.00089223096172,389.5834045410156,-226.43362426757812,90.6185302734375
1140,228.0,-0.001589823110915633,-0.0019422868946056288,0.004042634695301582,0.013263237613733242,20.000291536768273,389.56439208984375,-224.64552307128906,90.57913970947266
1141,228.2,0.0006236047518409801,0.0007618579253241255,0.0028077222593533976,0.009211687497377,20.000006422902953,389.54693603515625,-222.85739135742188,90.52528381347656
1142,228.4,0.0013056078844348115,0.0015950611524140092,0.0013064544287092446,0.0042862679478864385,20.000191174274782,389.5297546386719,-221.06927490234375,90.52420043945312
1143,228.6,0.0005331631426316503,0.0006513654113530872,0.0007957699481501118,0.002610793876688813,20.000480575360225,389.5115966796875,-219.28114318847656,90.56364440917969
1144,228.8,-0.00023644331942788743,-0.00028886280334505007,0.0012087423035458775,0.003965690099165457,20.000581762698754,389.49249267578125,-217.49302673339844,90.59134674072266
1145,229.0,-0.00040708773900790336,-0.0004973390907459555,0.0018947670151059706,0.006216427413840273,20.00043556286535,389.4731140136719,-215.70489501953125,90.59142303466797
1146,229.2,-0.0001424864331903228,-0.00017407567542861738,0.002065311226144978,0.006775955683185489,20.000194589036237,389.45428466796875,-213.91677856445312,90.57861328125
1147,229.4,1.074915558241237e-05,1.3132243375033194e-05,0.002173098876901077,0.00712958971929213,20.000049087094737,389.43548583984375,-212.12864685058594,90.57041931152344
1148,229.6,5.096007452263814e-05,6.225792304430701e-05,0.002208595614170296,0.007246048834794474,20.00004857731662,389.416748046875,-210.34051513671875,90.56885528564453
1149,229.8,3.801669662330308e-05,4.6444998264689374e-05,0.0022972859340251147,0.007537027583786957,20.000138175272607,389.39801025390625,-208.55239868164062,90.57009887695312
1150,230.0,-0.0004253169141994654,-0.0005196096740774868,0.002374557673719753,0.007790543798246714,20.00022113773472,389.3792419433594,-206.76426696777344,90.5715103149414
1151,230.2,0.00010857427467377568,0.00013264519136895175,0.0019636843464428773,0.0064425341511836496,20.00020609399996,389.3609619140625,-204.9761505126953,90.56074523925781
1152,230.4,0.00039430409118754455,0.0004817213082038232,0.001436859939856516,0.004714107565078851,20.000152365640925,389.3428039550781,-203.18801879882812,90.55906677246094
1153,230.6,0.0001977255222323372,0.00024156127051124638,0.0013248641170185288,0.0043466671896790696,20.000077524644,389.3242492675781,-201.39990234375,90.57014465332031
1154,230.8,-1.3233697080195147e-06,-1.6167607722874412e-06,0.001341104034590244,0.004399947760845056,20.00002671259236,389.3055419921875,-199.6117706298828,90.57933807373047
1155,231.0,-2.9498828374508038e-05,-3.603871862513647e-05,0.0013541408878890424,0.004442719590621886,20.00003030548589,389.2868347167969,-197.8236541748047,90.58148956298828
1156,231.2,-1.5850503853782043e-05,-1.936456055816552e-05,0.001465325553672645,0.004807498689511361,20.000066963374177,389.26806640625,-196.0355224609375,90.58075714111328
1157,231.4,-8.334128029336148e-06,-1.0181804213439972e-05,0.0015423519948968714,0.005060210118937452,20.000097159573848,389.2492980957031,-194.2473907470703,90.57992553710938
1158,231.6,-1.2082389648779025e-07,-1.4761055433913334e-07,0.0016070057941992523,0.005272328889840675,20.000095802798896,389.23052978515625,-192.4592742919922,90.57941436767578
1159,231.8,-0.0003370549874700262,-0.00041178007819213104,0.0016809039318686856,0.005514776855832059,20.000074195461043,389.2117919921875,-190.671142578125,90.5792236328125
1160,232.0,-7.949910265939498e-06,-9.712405371898285e-06,0.001652473895043213,0.005421502453813574,20.000034683485097,389.1931457519531,-188.88302612304688,90.5703125
1161,232.2,0.00015963770592306668,0.00019502938532621057,0.0015466501683690835,0.005074311738392024,20.000028312252066,389.174560546875,-187.0948944091797,90.5665054321289
1162,232.4,9.138378521533675e-05,0.00011164357039757691,0.001567583962986278,0.0051429921691239005,20.00004582436834,389.1558532714844,-185.30677795410156,90.57028198242188
1163,232.6,2.4975709034287724e-05,3.0512823727189315e-05,0.0016098054033701998,0.005281513959593086,20.000054876591324,389.13714599609375,-183.51864624023438,90.57418060302734
1164,232.8,-7.010324322096093e-06,-8.564513224304797e-06,0.0016872366318610615,0.005535553431275045,20.000054257025546,389.1183776855469,-181.73052978515625,90.57579040527344
1165,233.0,3.7849510106766325e-06,4.624074649743642e-06,0.0017339924604942382,0.005688951824087916,20.0000461543752,389.0996398925781,-179.94239807128906,90.57579040527344
1166,233.2,5.359576911520361e-06,6.547795112804426e-06,0.0017807921426812156,0.0058424940933942396,20.000036181272993,389.0809020996094,-178.15426635742188,90.57579040527344
1167,233.4,6.612026247092165e-06,8.077912466072499e-06,0.0018463981300338604,0.006057736840940291,20.000034420623347,389.0621337890625,-176.36614990234375,90.57579040527344
1168,233.6,9.784519077637711e-06,1.1953746957149991e-05,0.00193529176851669,0.006349382645820297,20.000034997817163,389.04339599609375,-174.57801818847656,90.57601928710938
1169,233.8,-0.00036520471473944395,-0.0004461705999971787,0.002012722997007551,0.006603422117502253,20.000038164890345,389.0246276855469,-172.78990173339844,90.57622528076172
1170,234.0,3.9786110270878266e-05,4.860669091793198e-05,0.0017848356260875796,0.005855760115493175,20.000030601894235,389.00616455078125,-171.00177001953125,90.56668853759766
1171,234.2,0.00034919333905672,0.00042660950232559485,0.001257917207260424,0.00412702509026829,20.00003688902639,388.9880065917969,-169.21365356445312,90.5638427734375
1172,234.4,0.00015255334235204167,0.0001863744183514893,0.001268188550920937,0.004160723725403447,20.000051298908144,388.9693298339844,-167.42552185058594,90.57307434082031
1173,234.6,1.045789438021332e-06,1.2776409564306612e-06,0.0012540720462274157,0.004114409732144755,20.000049798773272,388.9506530761719,-165.6374053955078,90.58058166503906
1174,234.8,-2.7925990142013004e-05,-3.411718215649729e-05,0.001297122004753366,0.0042556497580750335,20.000031463746076,388.9319152832031,-163.84927368164062,90.58229064941406
1175,235.0,-1.590904039118449e-05,-1.943607464591009e-05,0.001408456036820467,0.004620918903842061,20.000023211416604,388.91314697265625,-162.06114196777344,90.58159637451172
1176,235.2,4.666648616342626e-06,5.701244614585787e-06,0.0014552118654536433,0.004774317296654931,20.000025562642872,388.8944091796875,-160.27301025390625,90.58076477050781
1177,235.4,-1.3780026797558597e-06,-1.6835058738577338e-06,0.0015326430939445052,0.00502835676833689,20.000034812901976,388.8756408691406,-158.48489379882812,90.58060455322266
1178,235.6,-0.00031819269050091477,-0.0003887360099849676,0.0015793989225776801,0.005181755161149756,20.000042481235056,388.8569030761719,-156.69676208496094,90.58049774169922
1179,235.8,-9.167653204910026e-05,-0.00011200121920438579,0.0017284963096729352,0.0056709198326273524,20.000033719864838,388.83807373046875,-154.9086456298828,90.57208251953125
1180,236.0,0.00019086989987926695,0.00023318575668250044,0.0015204518214542873,0.004988359153900084,20.00003484789658,388.8196105957031,-153.12051391601562,90.5662841796875
1181,236.2,0.0001317487859762234,0.00016095749182715212,0.0015060550310469845,0.004941125588060188,20.000040708924317,388.8009338378906,-151.33238220214844,90.57000732421875
1182,236.4,2.283038721153194e-05,2.7891884056328568e-05,0.0015224544374149236,0.004994929416448378,20.00003365514936,388.7822265625,-149.5442657470703,90.57524108886719
1183,236.6,-1.7434445184907123e-05,-2.129966168240103e-05,0.0015974356137897483,0.005240930659145958,20.000027201104476,388.7634582519531,-147.75613403320312,90.57721710205078
1184,236.8,-2.702590110884398e-06,-3.3017543384674695e-06,0.001677157405600423,0.0055024851025900915,20.000028319408486,388.7447204589844,-145.968017578125,90.57698822021484
1185,237.0,4.558165568250698e-06,5.568710874731878e-06,0.0017239132342335992,0.005655883495402961,20.00003681826376,388.7259826660156,-144.1798858642578,90.57666015625
1186,237.2,5.207622566528814e-06,6.362152489528253e-06,0.0017893598051459212,0.005870603223114944,20.000037193552092,388.70721435546875,-142.3917694091797,90.57666015625
1187,237.4,1.1744393920357186e-05,1.4348126052500375e-05,0.0018786957274301765,0.006163700090382021,20.00003105212509,388.6884765625,-140.6036376953125,90.57666015625
1188,237.6,-0.0003479783695464927,-0.0004251251740749502,0.001955984354882475,0.006417271710872619,20.000028174811675,388.6697082519531,-138.81552124023438,90.57696533203125
1189,237.8,-5.758735301013878e-07,-7.035446917248655e-07,0.0018195483043781466,0.005969646858935998,20.00002746568881,388.6511535644531,-137.0273895263672,90.56791687011719
1190,238.0,0.0003292404976702249,0.0004022331160037138,0.001292108118164542,0.004239199998398956,20.000039661965356,388.63299560546875,-135.2392578125,90.56417846679688
1191,238.2,0.00015699419172508975,0.00019179980403054213,0.0013029012292115043,0.004274610468846272,20.000049948617697,388.61431884765625,-133.45114135742188,90.57243347167969
1192,238.4,-6.746703955800573e-07,-8.242448222801561e-07,0.00131914114678322,0.0043278910400122595,20.000032529310694,388.5956115722656,-131.6630096435547,90.57984924316406
1193,238.6,-2.0112312553457596e-05,-2.4571212246559147e-05,0.0013314633966737266,0.004368318370343029,20.000022146298868,388.576904296875,-129.87489318847656,90.58154296875
1194,238.8,-4.1915857515535855e-06,-5.1208603126730155e-06,0.0014127325484476851,0.004634949454249103,20.000017402842303,388.55816650390625,-128.08676147460938,90.5810317993164
1195,239.0,-5.365739921022777e-06,-6.555324461513527e-06,0.0014901116026014268,0.004888817750278865,20.000027790701363,388.5393981933594,-126.29863739013672,90.58060455322266
1196,239.2,4.93840526828265e-06,6.033249716260914e-06,0.001523058409270148,0.004996910951469873,20.00003936959282,388.5206604003906,-124.51051330566406,90.58028411865234
1197,239.4,-0.0003367117927290947,-0.00041136079717713506,0.0016582104008816493,0.00544032301162855,20.000035625895347,388.5018615722656,-122.7223892211914,90.58028411865234
1198,239.6,-4.310609186531019e-05,-5.266271243184946e-05,0.0016915428293591108,0.005549681376274545,20.000023707999603,388.483154296875,-120.93426513671875,90.57141876220703
1199,239.8,0.00014610773395388628,0.00017849981857146288,0.0015857988470830931,0.005202752289464096,20.00002884251901,388.4645690917969,-119.1461410522461,90.56668853759766
1200,240.0,9.596925734053857e-05,0.00011724564169293598,0.0016059276368434014,0.005268791628061305,20.000045236459254,388.44586181640625,-117.35801696777344,90.56974792480469
1201,240.2,1.2022178614036923e-05,1.4687495612768909e-05,0.0017099843942682289,0.005610185200090976,20.000042427422862,388.4270935058594,-115.56989288330078,90.57360076904297
1202,240.4,-2.686020514058502e-06,-3.281511262025272e-06,0.0017262327557120032,0.005663493474250169,20.000030931691786,388.40838623046875,-113.78176879882812,90.57489776611328
1203,240.6,8.280989041026712e-06,1.0116884311422335e-05,0.0017670174002922339,0.005797301367574772,20.000030317558775,388.3896484375,-111.99363708496094,90.57489776611328
1204,240.8,7.885283015856412e-06,9.633450260471778e-06,0.0018807693011681217,0.00617050315404442,20.000033657736164,388.3708801269531,-110.20551300048828,90.57501983642578
1205,241.0,6.652651081701263e-06,8.127543826514434e-06,0.001927604874199411,0.006324163175468396,20.000042812666738,388.3521423339844,-108.41738891601562,90.57518005371094
1206,241.2,-0.00041209738122709253,-0.000503459370645139,0.001974440447230698,0.006477823196892362,20.000041119409058,388.3334045410156,-106.62926483154297,90.57535552978516
1207,241.4,7.484276893490391e-05,9.14354108077721e-05,0.0017583388800909393,0.005768828531357557,20.000028552206807,388.31494140625,-104.84114074707031,90.56456756591797
1208,241.6,0.0004133696456691995,0.000505013696114061,0.001213643937506688,0.003981771575929442,20.000037362142454,388.29681396484375,-103.05301666259766,90.5621109008789
1209,241.8,0.00015859807163510827,0.00019375926411661177,0.0011688741790211632,0.003834889161499793,20.000045798254682,388.2781677246094,-101.264892578125,90.57333374023438
1210,242.0,-8.013205465789372e-06,-9.789733117554877e-06,0.0011566847511054635,0.0037948975988168487,20.00003914845437,388.2594909667969,-99.47676849365234,90.5816879272461
1211,242.2,-4.4172786375135544e-05,-5.39658931145031e-05,0.0012623858362875167,0.004141685947125536,20.000023665386713,388.24072265625,-97.68863677978516,90.583251953125
1212,242.4,-2.0729532296724396e-05,-2.5325269606908195e-05,0.0013092214093188054,0.00429534596854951,20.00002167668442,388.22198486328125,-95.9005126953125,90.58203125
1213,242.6,6.176210573645995e-06,7.545476457823312e-06,0.001348375308779081,0.0044238036480547605,20.000025837393814,388.2032470703125,-94.11238861083984,90.58091735839844
1214,242.8,6.266786582716148e-06,7.656133168104318e-06,0.0014639528955199379,0.004802995217737633,20.00003759248745,388.1844787597656,-92.32426452636719,90.58074951171875
1215,243.0,1.2526830182275716e-06,1.5304028433686243e-06,0.0015106802061374807,0.004956300047504092,20.000033678693725,388.1657409667969,-90.53614044189453,90.58088684082031
1216,243.2,-0.0003159642803738494,-0.00038601356133273186,0.001588031690230229,0.005210077890574945,20.000026932157247,388.14697265625,-88.74801635742188,90.58088684082031
1217,243.4,-9.525368342304692e-05,-0.00011637142503793642,0.0017363240676052088,0.005696601453961873,20.00002064046824,388.1281433105469,-86.95989227294922,90.57255554199219
1218,243.6,-0.0001719593846444421,-0.00021008278022011491,0.001620653563845855,0.005317105038408035,20.00003608821632,388.1095886230469,-85.17176818847656,90.56668853759766
1219,243.8,-0.0016173496797033155,-0.0019759161036935406,0.001150944096426671,0.0037760634293204794,20.00003785769439,388.0914611816406,-83.3836441040039,90.56088256835938
1220,244.0,-0.001690950201284962,-0.002065833860909838,0.00031935199254103927,0.0010477427912083434,19.999974711231733,388.0743408203125,-81.59553527832031,90.51673889160156
1221,244.2,-0.0008092166759281558,-0.000988620012981428,0.0017013735482655017,0.005581934392091389,19.999976258841247,388.05902099609375,-79.80741882324219,90.4555892944336
1222,244.4,-4.919688154869673e-05,-6.01038301880428e-05,0.001981189716764588,0.006499966470349931,20.000054038324325,388.0450439453125,-78.01929473876953,90.41582489013672
1223,244.6,0.0002168080036558599,0.00026487433806636403,0.0018031907124854444,0.005915980217150746,20.00011923334975,388.0315246582031,-76.23117065429688,90.40491485595703
1224,244.8,0.00015686285443805039,0.00019163934926696616,0.001777750063650333,0.005832513518826559,20.000103069080215,388.0178527832031,-74.44304656982422,90.4094009399414
1225,245.0,-0.00027886593012803985,-0.0003406905068374263,0.0018134200899431793,0.00594954116788918,20.000038781978716,388.0041198730469,-72.65492248535156,90.41557312011719
1226,245.2,-1.761204227263258e-05,-2.151663204447522e-05,0.0017160351468628798,0.005630036751233611,19.99997519805768,387.9905090332031,-70.8667984008789,90.4099349975586
1227,245.4,0.00013286342619181455,0.00016231924777853983,0.0016404949859793985,0.00538220156980065,19.999983950950476,387.97686767578125,-69.07866668701172,90.40657043457031
1228,245.6,8.835027870940532e-05,0.00010793753549928048,0.0016456047024422079,0.0053989657319604934,20.000032932284935,387.9631652832031,-67.29054260253906,90.40962219238281
1229,245.8,2.3884677729316024e-05,2.9179910781905386e-05,0.0017117914115535805,0.005616113734681449,20.00006329989045,387.94940185546875,-65.5024185180664,90.41320037841797
1230,246.0,1.601477114889077e-05,1.9565245912599853e-05,0.0017189095606295788,0.005639467242895948,20.00006639040949,387.9356994628906,-63.71429443359375,90.41471099853516
1231,246.2,8.476889901561628e-06,1.0356216392737842e-05,0.0017525662858996487,0.005749889573431003,20.000037962923894,387.92193603515625,-61.926170349121094,90.41532135009766
1232,246.4,2.1283083122509397e-05,2.600154265076973e-05,0.0017881759941050079,0.0058667193284994736,20.000015023823845,387.908203125,-60.13804626464844,90.41563415527344
1233,246.6,1.3961039208788533e-05,1.705620160137695e-05,0.0018660161423625444,0.00612210040050873,20.000012878175916,387.8944396972656,-58.34992218017578,90.41617584228516
1234,246.8,1.3976851670024902e-05,1.7075519685269422e-05,0.0018593761352266609,0.006100315599497038,20.00002234121079,387.8807067871094,-56.56179428100586,90.41666412353516
1235,247.0,-0.0003456434089007104,-0.00042227255265399794,0.0019255367189393883,0.006317377888965103,20.000032012908537,387.866943359375,-54.7736701965332,90.41710662841797
1236,247.2,3.33226183176039e-05,4.071024279861668e-05,0.0017780805229463369,0.00583359770290326,20.00002746368429,387.8533935546875,-52.98554611206055,90.40811157226562
1237,247.4,0.0003106572620269954,0.0003795299770183803,0.0013195205885624625,0.00432913592777927,20.000047205196232,387.84014892578125,-51.19742202758789,90.4052734375
1238,247.6,0.00013362500199876607,0.0001632496649418925,0.0013000095936205127,0.004265123475133923,20.00006237554045,387.8264465332031,-49.40929412841797,90.4134521484375
1239,247.8,-3.312846659040768e-06,-4.0473047633501065e-06,0.0013356540047327267,0.004382067084887319,20.00004100503737,387.8127136230469,-47.62117004394531,90.42007446289062
1240,248.0,-5.32359997191423e-06,-6.503842085687615e-06,0.0013407514923761072,0.004398791126247227,20.000014813682686,387.79901123046875,-45.833045959472656,90.42147064208984
1241,248.2,5.961461656715455e-06,7.283117706009271e-06,0.0013833923692500058,0.004538689020730189,20.00001462582171,387.7852783203125,-44.044921875,90.42127990722656
1242,248.4,5.190425318853819e-06,6.341142612043711e-06,0.001412049088689732,0.00463270713213682,20.000030199009256,387.7715148925781,-42.256797790527344,90.42127990722656
1243,248.6,2.515280908364723e-06,3.072918685749182e-06,0.0014781706576595405,0.004849641420475727,20.000043231600674,387.75775146484375,-40.46867370605469,90.42139434814453
1244,248.8,-0.00029255982727538016,-0.00035742034098233195,0.0015138145585571559,0.004966583356296659,20.000043150910017,387.7440185546875,-38.68054962158203,90.42139434814453
1245,249.0,-5.5822295173281456e-05,-6.819809801319795e-05,0.0016105210453095228,0.005283861866293295,20.00002749090358,387.730224609375,-36.89242935180664,90.41365051269531
1246,249.2,6.164654620788568e-05,7.531358550217394e-05,0.001699831979485934,0.005576876751576631,20.000027178624944,387.7164306640625,-35.104305267333984,90.40904998779297
1247,249.4,6.38534161056456e-05,7.800971845626724e-05,0.001712323553997413,0.005617859608896872,20.00003440556854,387.70269775390625,-33.316184997558594,90.40980529785156
1248,249.6,2.2734542336608117e-05,2.7774790372634137e-05,0.0017784710749734463,0.005834879041615881,20.00004201002983,387.6889343261719,-31.528060913085938,90.4119873046875
1249,249.8,0.00716208887857511,0.008749923982955212,0.0018141154044179462,0.0059518223834305745,20.000040985276932,387.6752014160156,-29.739938735961914,90.41316223144531
1250,250.0,0.030561125072218653,0.03733652650072953,0.011167349167935277,0.03663828584412877,19.999830408116768,387.65679931640625,-27.951906204223633,90.59993743896484
1251,250.2,0.05537584934252461,0.06765267514176232,0.027763176057646013,0.09108653853696734,19.994504071547155,387.614990234375,-26.16472053527832,91.46437072753906
1252,250.4,0.06845328870533912,0.0836293828113128,0.023216308802856987,0.07616899457276531,19.982883306950743,387.524169921875,-24.380483627319336,93.20399475097656
1253,250.6,0.06827328303201462,0.08340946988021225,0.017346842643940628,0.05691221521994617,19.977182948216626,387.3647155761719,-22.602033615112305,95.53801727294922
1254,250.8,0.062162923399589655,0.07594444351727868,0.017127847901375736,0.05619372850874957,19.986161343408764,387.1298828125,-20.831693649291992,98.01485443115234
1255,251.0,0.058350555928119476,0.07128687417738357,0.019512231877047776,0.06401651083149343,20.002491488357624,386.82281494140625,-19.07110595703125,100.34647369384766
1256,251.2,0.05928810244303146,0.07243227475465154,0.020396851768393925,0.06691880715581752,20.011790923562593,386.4478454589844,-17.322399139404297,102.52267456054688
1257,251.4,0.06243411826414725,0.07627576228330869,0.01832914642856827,0.060134996768703916,20.007494346597987,386.00714111328125,-15.588953971862793,104.68121337890625
1258,251.6,0.06389454066869225,0.07805996033494132,0.0154916882398351,0.05082575044478059,19.995349553977743,385.49957275390625,-13.874836921691895,106.92530822753906
1259,251.8,0.06258711784944199,0.07646268187666327,0.014137364507557593,0.046382430970975254,19.987113915840602,384.92388916015625,-12.183408737182617,109.23709106445312
1260,252.0,0.0609737600716928,0.07449164267958709,0.014118165805877159,0.046319443102554016,19.987761727550083,384.2809753417969,-10.516610145568848,111.53300476074219
1261,252.2,0.06117631208283874,0.07473910047160409,0.014039608450631569,0.04606170898917008,19.996400049659126,383.5728454589844,-8.875865936279297,113.77574157714844
1262,252.4,0.06334318486271266,0.07738636894677606,0.04107110826812904,0.13474773485040847,20.00310897173721,382.80096435546875,-7.2634711265563965,116.0067138671875
1263,252.6,0.06305718772470867,0.07703696624327658,0.03682708537981205,0.12082377479750257,20.00353191368236,381.965576171875,-5.682742118835449,118.29402160644531
1264,252.8,0.062056670286486745,0.07581463408900085,0.034038670384806596,0.11167543134528887,20.00005661757535,381.0675048828125,-4.136932373046875,120.5960922241211
1265,253.0,0.06143105714086578,0.07505032250899572,0.031943127281452516,0.10480028971008067,19.996683067118553,380.1088562011719,-2.628319263458252,122.87109375
1266,253.2,0.06141861730752951,0.0750351247646088,0.029872290201701415,0.09800620458535007,19.995936630878333,379.0917053222656,-1.1587283611297607,125.1198501586914
1267,253.4,0.06181095994541258,0.07551444976531055,0.027386248620581352,0.08984989992434812,19.997681732881436,378.0177917480469,0.26995497941970825,127.36134338378906
1268,253.6,0.062164316033786395,0.07594614489847684,0.024786621726937637,0.08132094002660607,19.99999304013977,376.8885498046875,1.6555219888687134,129.6123504638672
1269,253.8,0.062175105573786124,0.07595932647949451,0.022427776762907456,0.0735819471148173,20.001141491989618,375.7052917480469,2.995561361312866,131.87649536132812
1270,254.0,0.06204161523257187,0.07579624132963306,0.0204414643713295,0.06706517396803269,20.0008190823961,374.4699401855469,4.287770748138428,134.14453125
1271,254.2,0.06193537102435109,0.07566644278044972,0.018804691225772552,0.06169518316116362,20.000145740787104,373.18450927734375,5.530101299285889,136.40957641601562
1272,254.4,0.061873569278159755,0.07559093958712777,0.017396674468395767,0.05707570546289157,19.997031772995047,371.85113525390625,6.720597267150879,138.67129516601562
1273,254.6,0.06208439180626824,0.07584850146971792,0.016004720654968274,0.05250892771364611,19.99602962351478,370.47198486328125,7.857675075531006,140.9285125732422
1274,254.8,0.06167091597215292,0.07534335804317922,0.015086960688129536,0.04949790410404291,19.960124699760524,369.0487365722656,8.939358711242676,143.20252990722656
1275,255.0,0.060204076283428935,0.07355131999546513,0.01601159253638157,0.05253147325706211,19.944943198996413,367.583740234375,9.962148666381836,145.4706268310547
1276,255.2,0.06533758832136576,0.07982293165221255,0.01327601929321276,0.04355649513794415,19.938571776272468,366.0865478515625,10.926592826843262,147.6171875
1277,255.4,0.06433588872621515,0.07859915525681704,0.03969704180240463,0.13023964262700122,19.9837300787627,364.5506286621094,11.831120491027832,149.92111206054688
1278,255.6,0.06279122532505152,0.07671203997961544,0.03495761191613189,0.11469033147892216,19.997613104639175,362.9761657714844,12.676032066345215,152.27528381347656
1279,255.8,0.06152251354414251,0.0751620547968789,0.03253071811254887,0.10672808121237484,19.994884037163903,361.3682861328125,13.456501007080078,154.58377075195312
1280,256.0,0.061129528584246036,0.07468194507137338,0.03066514347354829,0.10060742931375617,19.985351489586893,359.7313232421875,14.172333717346191,156.84378051757812
1281,256.2,0.06140730415365105,0.0750213034845155,0.028603445032127722,0.09384332659920591,19.97888172754087,358.0682678222656,14.82320785522461,159.0792999267578
1282,256.4,0.06186850973910211,0.07558475834826105,0.026166551784802865,0.08584826975765263,19.980444751919553,356.3813171386719,15.408445358276367,161.31651306152344
1283,256.6,0.06210214922411354,0.07587019570709952,0.023759529646561094,0.0779512152456235,19.988017558751796,354.6721496582031,15.927042961120605,163.56793212890625
1284,256.8,0.06205313023070162,0.07581030920284818,0.021608039155406586,0.07089251918262414,19.995604916241426,352.9432067871094,16.377920150756836,165.83070373535156
1285,257.0,0.061895178266732846,0.07561733928846752,0.019834674257718385,0.06507439269169278,19.99847538914618,351.197265625,16.760175704956055,168.095458984375
1286,257.2,0.06181195488180942,0.07551566527910657,0.01834226160533866,0.06017802556525929,19.99659674231787,349.4376525878906,17.073171615600586,170.35601806640625
1287,257.4,0.06191698226922204,0.07564397723830857,0.01704734784590549,0.055929620706760566,20.001787783130734,347.6673278808594,17.316471099853516,172.60963439941406
1288,257.6,0.0622040632322758,0.07599470405087135,0.015661063193892984,0.05138144256905186,19.998562177826866,345.88897705078125,17.49003028869629,174.86334228515625
1289,257.8,0.061224315736571666,0.07479774653536961,0.014691264541358565,0.048199688357870835,19.998945906642863,344.1043395996094,17.593124389648438,177.13597106933594
1290,258.0,0.030527053198485206,0.037294900892589376,0.014276090573336942,0.04683756899662677,19.966143038381194,342.3173828125,17.625438690185547,179.38815307617188
1291,258.2,-0.0027358998536440257,-0.003342448851196906,0.01403421965716578,0.04604402922001578,19.949344771978016,340.5320739746094,17.608049392700195,-179.16705322265625
1292,258.4,-0.00979238805920967,-0.011963360491936453,0.015821782130451087,0.051908735684869145,19.988563675865574,338.746826171875,17.575788497924805,-178.8905487060547
1293,258.6,-0.0016397548824401689,-0.0020032885398771545,0.012980759400040457,0.04258779467002873,20.008280440625317,336.9590148925781,17.548112869262695,-179.15493774414062
1294,258.8,0.004229614146963337,0.005167319603345108,0.005831112899560401,0.019130948445393748,20.007926309696575,335.169921875,17.52472496032715,-179.29922485351562
1295,259.0,0.00385445840389827,0.0047089918320425165,0.0004080673710384808,0.0013388037535978893,19.987911946073186,333.3822326660156,17.4996337890625,-179.2113494873047
1296,259.2,0.001195020553014578,0.0014599566096179099,-0.001005869350354246,-0.0033000963994162242,19.971614612158778,331.5965576171875,17.470565795898438,-179.06858825683594
1297,259.4,-0.0005320859609130127,-0.0006500494184474276,8.20376021282588e-05,0.0002691522465664766,19.968379142676863,329.81146240234375,17.439006805419922,-178.99513244628906
1298,259.6,-0.0008528661558945669,-0.0010419465826563923,0.0015866447390349859,0.005205527525615543,19.97588534307898,328.0261535644531,17.407028198242188,-178.9942626953125
1299,259.8,-0.000509562627600831,-0.0006225326621399352,0.002479488685051179,0.008134805657463311,19.992381598019705,326.24029541015625,17.375652313232422,-179.02142333984375
1300,260.0,-0.0007353800677170783,-0.0008984138287299545,0.0026888694639082018,0.008821750491968585,19.99301497805378,324.4530944824219,17.344934463500977,-179.04379272460938
1301,260.2,0.0002714833607590128,0.00033167122183928594,0.0021403520680541768,0.007022152678954865,19.98609898730125,322.6661376953125,17.314979553222656,-179.06912231445312
1302,260.4,0.0005974852147968083,0.0007299476869172607,0.0014305433408414352,0.004693383814366214,19.982890709001286,320.8804931640625,17.28520965576172,-179.0699005126953
1303,260.6,0.000267821843474293,0.0003271979461725438,0.0011866203493399938,0.0038931115069286253,19.975653504385534,319.09478759765625,17.254972457885742,-179.0518341064453
1304,260.8,-4.956630528354259e-05,-6.055515516490399e-05,0.0013618039821156483,0.0044678609766843035,19.976709119020423,317.30914306640625,17.22431755065918,-179.0391845703125
1305,261.0,-0.0001414551648314335,-0.0001728157748745623,0.001633601264332497,0.005359584372072629,19.984330912926975,315.52392578125,17.193572998046875,-179.0372314453125
1306,261.2,-7.880317216684234e-05,-9.62738354362313e-05,0.0018046804493262328,0.005920867805367477,19.985002546916142,313.7378234863281,17.162912368774414,-179.04129028320312
1307,261.4,6.0731251671981835e-06,7.4195370167660205e-06,0.0018741434667823454,0.00614876485155819,19.987954192142272,311.9513854980469,17.132349014282227,-179.0454864501953
1308,261.6,2.8568795772901724e-05,3.490249779575404e-05,0.0018968160157583538,0.006223149857140637,19.983465922304134,310.16595458984375,17.101850509643555,-179.0460205078125
1309,261.8,-0.0003428083209763297,-0.00041880892573678205,0.0019174109021461924,0.0062907183841973136,19.977430434191813,308.38055419921875,17.071353912353516,-179.04539489746094
1310,262.0,5.679962708392165e-05,6.939210440842708e-05,0.0017166092610070554,0.005631920327882387,19.980533692956406,306.59503173828125,17.04107666015625,-179.05406188964844
1311,262.2,0.0002709142312570216,0.00033097591632670327,0.0014107653077656823,0.0046284952523299614,19.98134201228184,304.8099670410156,17.01091194152832,-179.05616760253906
1312,262.4,0.0001629564480836577,0.00019908389262380462,0.0012911667248606097,0.004236111437591683,19.98216380357382,303.0245666503906,16.980554580688477,-179.04901123046875
1313,262.6,-3.7783040428625992e-06,-4.6159540491652375e-06,0.0013782535811807093,0.0045218294792809186,19.985737373940992,301.2386779785156,16.949983596801758,-179.0419464111328
1314,262.8,-6.84126268526256e-05,-8.35797062258527e-05,0.0015352921874229014,0.005037048020184552,19.983342457076038,299.4533386230469,16.91935157775879,-179.03994750976562
1315,263.0,-4.222534603907872e-05,-5.1586705255942476e-05,0.0016790613286629154,0.0055087315695304395,19.981382068883295,297.6681213378906,16.888734817504883,-179.04193115234375
1316,263.2,-6.0369594386778224e-06,-7.375353346232696e-06,0.0017623774186282422,0.005782078330132282,19.981734910253792,295.88275146484375,16.858177185058594,-179.04376220703125
1317,263.4,1.1360232980569786e-05,1.3878796632362109e-05,0.001816887249945413,0.005960916365110909,19.980233595609807,294.09759521484375,16.827648162841797,-179.04441833496094
1318,263.6,-0.00038784372641217815,-0.000473828680557758,0.0018873707275216776,0.00619216137768222,19.98251199372207,292.312744140625,16.79711151123047,-179.0443572998047
1319,263.8,6.520576717513707e-05,7.966188575786496e-05,0.0016880510457130075,0.0055382253928170635,19.98343684451811,290.52740478515625,16.766836166381836,-179.05450439453125
1320,264.0,0.0003040670734864359,0.0003714787436783787,0.0013747092153322833,0.004510200982030768,19.98187996621141,288.7420959472656,16.736675262451172,-179.05715942382812
1321,264.2,0.00016313225586193924,0.00019929867698653117,0.0012602938904583824,0.004134822607571479,19.98607114660683,286.9573669433594,16.70632553100586,-179.0487518310547
1322,264.4,-2.5624845260118386e-05,-3.1305873454286633e-05,0.0013775479569126418,0.004519514438957272,19.98107385817188,285.1722717285156,16.675737380981445,-179.04129028320312
1323,264.6,-6.845898761982253e-05,-8.363634517513718e-05,0.0015601724097370324,0.005118676048761645,19.97869309857529,283.38739013671875,16.64508628845215,-179.0406951904297
1324,264.8,-3.583801788667995e-05,-4.3783306452156895e-05,0.0016822189468852513,0.0055190912096990076,19.98361972089253,281.6032409667969,16.61450958251953,-179.04269409179688
1325,265.0,4.194014622540759e-06,5.1238276643580454e-06,0.0017449953624209284,0.005725050584845078,19.981724767183955,279.81842041015625,16.583980560302734,-179.04441833496094
1326,265.2,2.1857855533072545e-05,2.6703742104754728e-05,0.001796599831030577,0.005894356589638359,19.98254719257023,278.0334167480469,16.5534610748291,-179.04501342773438
1327,265.4,1.7529567471766085e-05,2.1415872580256627e-05,0.0018408977393900572,0.006039690939300475,19.984679838761117,276.2492370605469,16.522958755493164,-179.04441833496094
1328,265.6,-0.00034508294882742107,-0.0004215878385824603,0.0019008121906708367,0.006236260667640508,19.98085346968018,274.46466064453125,16.4924373626709,-179.04380798339844
1329,265.8,3.104267637599488e-05,3.792483772855294e-05,0.0017400335250005398,0.005708771590162771,19.983306229702695,272.6799011230469,16.462133407592773,-179.05282592773438
1330,266.0,0.00024340580137280007,0.00029736886753714987,0.0014497458037789155,0.004756384022870017,19.98206887534323,270.89605712890625,16.431974411010742,-179.05538940429688
1331,266.2,0.00015966741633322614,0.00019506568253430237,0.0013289677069033934,0.004360130411516929,19.979876626748077,269.1118469238281,16.401639938354492,-179.04913330078125
1332,266.4,8.899221773474218e-06,1.0872179240653451e-05,0.0014028255288693328,0.0046024461081356615,19.983875255705435,267.32733154296875,16.371105194091797,-179.04244995117188
1333,266.6,-5.523016438991653e-05,-6.747469183516103e-05,0.0015557208315781553,0.005104071133074875,19.98309049544084,265.54339599609375,16.340499877929688,-179.04037475585938
1334,266.8,-4.156863560636082e-05,-5.078440212029101e-05,0.001702735601634229,0.005586403071265644,19.981324206827157,263.7593688964844,16.309900283813477,-179.0418243408203
1335,267.0,-9.791996054711977e-06,-1.1962881580041621e-05,0.0017987736422497673,0.005901488516438727,19.983483032032122,261.97515869140625,16.279348373413086,-179.0436248779297
1336,267.2,1.0268436887702536e-05,1.2544949345706189e-05,0.0018621736847823558,0.006109493911981344,19.981896649132853,260.19134521484375,16.248836517333984,-179.0444793701172
1337,267.4,-0.00036082605793059193,-0.0004408211949738042,0.001919163400061298,0.006296468049457109,19.98224380668366,258.40771484375,16.218334197998047,-179.04443359375
1338,267.6,4.642411056500305e-05,5.671633587726423e-05,0.0017325113734204672,0.005684092614372806,19.983319361837918,256.62371826171875,16.188068389892578,-179.0537567138672
1339,267.8,0.0002763566112634295,0.0003376248719805318,0.0014373106104355743,0.004715586143141449,19.981715772550626,254.8400115966797,16.157915115356445,-179.0567626953125
1340,268.0,0.0001702340783964053,0.00020797497357688834,0.0013108296911825794,0.0043006224840194535,19.98588048846309,253.0567169189453,16.127601623535156,-179.04954528808594
1341,268.2,-3.9424014557080344e-06,-4.816431858438506e-06,0.001396240804481095,0.004580842680973756,19.98678367720869,251.27296447753906,16.097068786621094,-179.0420684814453
1342,268.4,-6.011929151957314e-05,-7.344773844946251e-05,0.0015599427282772234,0.0051179225006410456,19.986574319916244,249.4891357421875,16.066455841064453,-179.04049682617188
1343,268.6,-3.789310927123722e-05,-4.629401159667051e-05,0.0016895420614439407,0.0055431171768677385,19.988995046212573,247.70559692382812,16.0358829498291,-179.0421142578125
1344,268.8,-4.547488481982081e-06,-5.555666678437508e-06,0.0017694400273600645,0.005805249619363993,19.991914122052503,245.9217987060547,16.005352020263672,-179.04380798339844
1345,269.0,1.3233049630374289e-05,1.6166816733428268e-05,0.00182532000525246,0.005988582886032481,19.993719748833527,244.13772583007812,15.97484302520752,-179.0444793701172
1346,269.2,-0.0003683293495382623,-0.000449987966330895,0.0018795533332136502,0.0061665137577406725,19.994544537474507,242.35366821289062,15.9443359375,-179.0443572998047
1347,269.4,6.162886319816449e-05,7.529198216919756e-05,0.0016858674538229711,0.005531061377200557,19.994546524822155,240.56961059570312,15.914076805114746,-179.0540008544922
1348,269.6,0.0002832030863098362,0.0003459892105447269,0.001380292957339286,0.004528520346157023,19.99482766532633,238.78550720214844,15.883928298950195,-179.0562744140625
1349,269.8,0.0001577830834634978,0.00019276359306735527,0.001263639531184785,0.00414579911949229,19.9954889932283,237.00112915039062,15.853585243225098,-179.04847717285156
1350,270.0,-1.2510414717597503e-05,-1.528397366048887e-05,0.001364848468068719,0.004477849447978576,19.996662750461777,235.2167510986328,15.823025703430176,-179.04151916503906
1351,270.2,-6.891724189556643e-05,-8.419619442381352e-05,0.0015404493928452825,0.005053967986022517,19.997657961918573,233.432373046875,15.792391777038574,-179.04017639160156
1352,270.4,-3.955959654553547e-05,-4.832995909968068e-05,0.0016702038989466874,0.0054796717598202494,19.998151812797044,231.64801025390625,15.76180362701416,-179.0421142578125
1353,270.6,-5.191769762629044e-07,-6.342785119003903e-07,0.0017448390816557548,0.0057245378526594665,19.998205507551738,229.86358642578125,15.731270790100098,-179.04397583007812
1354,270.8,1.5858105775988415e-05,1.9373847826525046e-05,0.0017959342961759803,0.005892173076266004,19.99813377901239,228.0791778564453,15.70075798034668,-179.04454040527344
1355,271.0,1.519352022476216e-05,1.856192365859193e-05,0.0018508209926230822,0.006072247545437513,19.998306958105307,226.29473876953125,15.670244216918945,-179.0442352294922
1356,271.2,-0.00033906868094364125,-0.0004142402075088465,0.0019189365646242358,0.006295723838681778,19.9986746374977,224.5100555419922,15.6397123336792,-179.04379272460938
1357,271.4,2.5902240182049796e-05,3.164476683041024e-05,0.0017611402827734882,0.005778019485334571,19.999075117814233,222.72537231445312,15.609406471252441,-179.0526580810547
1358,271.6,0.00024052359684003662,0.00029384767825947275,0.0014792803573659427,0.00485328216766048,19.99928122032546,220.940673828125,15.579224586486816,-179.05557250976562
1359,271.8,0.00015874435345325426,0.00019393797661384072,0.0013500998137365174,0.004429461472899316,19.999387138094722,219.15599060058594,15.548890113830566,-179.04928588867188
1360,272.0,1.2871887109011943e-05,1.572558448107989e-05,0.0014195480463469136,0.0046573100123768075,19.999379732023105,217.37130737304688,15.518355369567871,-179.042724609375
1361,272.2,-4.7453765921727864e-05,-5.7974265826574936e-05,0.0015696396629793692,0.005149736591889233,19.9994092149288,215.58660888671875,15.487741470336914,-179.04075622558594
1362,272.4,-3.740935918861682e-05,-4.570301412073317e-05,0.0017028280630743573,0.0055867064224568745,19.999481683397345,213.8019256591797,15.457144737243652,-179.04185485839844
1363,272.6,-7.777535474487925e-06,-9.501815089181899e-06,0.0017921538341763212,0.005879769985319042,19.999613655066106,212.01724243164062,15.426591873168945,-179.04345703125
1364,272.8,7.6445890465481e-06,9.339394438167815e-06,0.001860859554494063,0.006105182460766302,20.002681780407514,210.23252868652344,15.3960599899292,-179.04415893554688
1365,273.0,-0.00035381575715499566,-0.0004322567105162582,0.0019234309630174942,0.006310469240706315,20.003267648072885,208.4478302001953,15.365531921386719,-179.04428100585938
1366,273.2,4.583803658365197e-05,5.600032929424762e-05,0.001736177457188251,0.005696120448641501,20.004357096470585,206.66270446777344,15.335247039794922,-179.05355834960938
1367,273.4,0.0002551028290475502,0.00031165912624739214,0.0014446294305461372,0.004739598020912989,20.00829372369299,204.8776092529297,15.305068016052246,-179.05589294433594
1368,273.6,0.00015699508131600539,0.00019180089084376377,0.0013282123297256982,0.0043576521398572595,20.007012844600375,203.09255981445312,15.274714469909668,-179.04910278320312
1369,273.8,7.000509159748979e-06,8.552522040465327e-06,0.0014114387850529904,0.004630704823553253,20.00907034802091,201.30679321289062,15.244149208068848,-179.04263305664062
1370,274.0,-5.3214333421577304e-05,-6.501195114114099e-05,0.001559344160981066,0.00511595869711312,20.012274008692522,199.5210723876953,15.213518142700195,-179.04071044921875
1371,274.2,-3.658696999956153e-05,-4.4698301248464316e-05,0.0016876566178372701,0.00553693133806523,20.009324173147647,197.73548889160156,15.182910919189453,-179.0420684814453
1372,274.4,-4.22196250918405e-06,-5.157971597470154e-06,0.0017733924557662845,0.005818216904576257,20.01039576152163,195.94931030273438,15.152336120605469,-179.0437774658203
1373,274.6,1.6628794538829638e-05,2.0315398288088167e-05,0.0018209027526159462,0.005974090586892501,20.01392611149467,194.16323852539062,15.121801376342773,-179.04454040527344
1374,274.8,-0.00037672982023564575,-0.0004602508213818884,0.0018702359957277065,0.0061359450642232884,20.011564846955128,192.3772735595703,15.091266632080078,-179.0436248779297
1375,275.0,6.823839315736092e-05,8.336684492034784e-05,0.001671028970727649,0.0054823786883221,20.012660514576105,190.59071350097656,15.060970306396484,-179.0538787841797
1376,275.2,0.00028563502214726613,0.000348960306557315,0.001370958070407673,0.00449789407571631,20.01585362798756,188.80430603027344,15.030776977539062,-179.05618286132812
1377,275.4,0.0001504885820333483,0.00018385190067014162,0.0012634361828622017,0.004145131966181626,20.014851607788497,187.01800537109375,15.000391960144043,-179.04812622070312
1378,275.6,-1.7924755775315727e-05,-2.189867413070322e-05,0.0013749013825321986,0.004510831451866939,20.011633422702193,185.2311553955078,14.969779968261719,-179.0413818359375
1379,275.8,-7.440348830008323e-05,-9.089874165621169e-05,0.0015583433959301591,0.005112675347103504,20.01420562650936,183.4447784423828,14.939104080200195,-179.04010009765625
1380,276.0,-3.8828915655614056e-05,-4.7437286256463696e-05,0.0016944860321744977,0.005559337553799379,20.015471587970207,181.65830993652344,14.90847396850586,-179.04244995117188
1381,276.2,-1.995635426327008e-06,-2.4380678003437057e-06,0.0017644418335661062,0.005788851345237024,20.012856563305615,179.8711700439453,14.877896308898926,-179.04417419433594
1382,276.4,2.090085507806898e-05,2.553457464887687e-05,0.0018088150088754092,0.005934432633718797,20.015760927399693,178.08441162109375,14.847352981567383,-179.04498291015625
1383,276.6,1.9105356212754786e-05,2.3341013685122523e-05,0.001858300406707437,0.006096786306342028,20.016902052287485,176.2975616455078,14.816802978515625,-179.04457092285156
1384,276.8,-0.00033442164048978193,-0.0004085629181863666,0.0019194765795834227,0.006297495541360477,20.01489498010307,174.51022338867188,14.786232948303223,-179.04408264160156
1385,277.0,3.7248751328079145e-05,4.5506799497514295e-05,0.0017452257008441392,0.005725806288357485,20.013891071787917,172.72328186035156,14.755905151367188,-179.05288696289062
1386,277.2,0.0002369475297178446,0.00028947879705629073,0.0014597414323519247,0.004789178080917489,20.01501500669709,170.9363250732422,14.725687980651855,-179.05516052246094
1387,277.4,0.00015075910480957357,0.00018418239834585605,0.001339327475057597,0.004394119153267966,20.015399375181175,169.14894104003906,14.695297241210938,-179.04884338378906
1388,277.6,1.3133059375755612e-05,1.6044658639360632e-05,0.0014151592717887818,0.004642911145255507,20.01472243685822,167.36184692382812,14.664716720581055,-179.04275512695312
1389,277.8,-4.952463219119366e-05,-6.050424314798129e-05,0.001566749036160366,0.005140252907796375,20.016124601678097,165.57455444335938,14.63405704498291,-179.0406951904297
1390,278.0,-4.348995211824372e-05,-5.3131674502858355e-05,0.0017066424534335307,0.005599220826922865,20.01641464363766,163.7869415283203,14.60340404510498,-179.0416717529297
1391,278.2,-8.728100390124497e-06,-1.0663120246615099e-05,0.001802656816855262,0.005914228591011417,20.014225743171007,161.9997100830078,14.572798728942871,-179.04367065429688
1392,278.4,1.200915590322956e-05,1.4671585766975553e-05,0.0018709358113983415,0.0061382410474681345,20.015245278019634,160.21224975585938,14.542219161987305,-179.044677734375
1393,278.6,-0.00036244764749855375,-0.0004428022909489831,0.001924475653767646,0.006313896703907044,20.01667003621512,158.42457580566406,14.511651039123535,-179.0444793701172
1394,278.8,5.050918807006286e-05,6.17070750651958e-05,0.0017359978211951132,0.005695531091689775,20.014301201641814,156.63719177246094,14.481329917907715,-179.05401611328125
1395,279.0,0.00027663121152183884,0.0003379603511162305,0.001429966664738748,0.004691491832341473,20.015390013672448,154.84945678710938,14.451120376586914,-179.05667114257812
1396,279.2,0.0001690092314458087,0.0002064785780573445,0.0012911487509967194,0.004236052468220077,20.017299883361737,153.06163024902344,14.42074203491211,-179.0491943359375
1397,279.4,-1.3573842128717934e-06,-1.65831629286547e-06,0.0013798417318717023,0.004527039947593956,20.014477298248366,151.27406311035156,14.390140533447266,-179.0419921875
1398,279.6,-6.655742617313279e-05,-8.131320755571632e-05,0.001540040767759861,0.005052627352497263,20.015204118015017,149.48609924316406,14.359458923339844,-179.0400390625
1399,279.8,-4.2474250291770627e-05,-5.189079158145618e-05,0.001679306625522208,0.0055095363492782806,20.017233122735718,147.6981964111328,14.328801155090332,-179.04190063476562
1400,280.0,-5.588145469236597e-06,-6.827037319766351e-06,0.0017645735574115338,0.005789283510098057,20.01415247252214,145.91053771972656,14.298201560974121,-179.04379272460938
1401,280.2,1.1059400450356264e-05,1.3511269530200247e-05,0.001815744625657813,0.005957167597643179,20.015037045500264,144.12234497070312,14.267627716064453,-179.04434204101562
1402,280.4,-0.0003880443915709797,-0.00047407383318226584,0.0018810929669201004,0.006171565049590142,20.017846874019263,142.33428955078125,14.237039566040039,-179.04421997070312
1403,280.6,6.263041932599842e-05,7.651558329057226e-05,0.0016804548872538794,0.005513303612298018,20.01477032611103,140.54641723632812,14.206721305847168,-179.05429077148438
1404,280.8,0.0003019172935980518,0.0003688523575887399,0.0013733807221540575,0.004505842408471918,20.015020890489723,138.7580108642578,14.176501274108887,-179.05706787109375
1405,281.0,0.00015915304160146282,0.00019443727092450713,0.0012641877378315944,0.004147597697787408,20.02114923321852,136.96986389160156,14.146087646484375,-179.0487060546875
1406,281.2,-2.226230788552085e-05,-2.7197861543740823e-05,0.0013803043011881766,0.0045285575635102175,20.020309179696376,135.18177795410156,14.115449905395508,-179.0415496826172
1407,281.4,-6.542104251164955e-05,-7.992488763648226e-05,0.0015484755797537586,0.005080300621079321,20.01843192589742,133.39271545410156,14.08474349975586,-179.04075622558594
1408,281.6,-3.270953020007001e-05,-3.9961233045425526e-05,0.001665382380419917,0.00546385312897688,20.011048321830465,131.60423278808594,14.054096221923828,-179.04273986816406
1409,281.8,4.004534299458324e-06,4.892339553648235e-06,0.0017351044078794224,0.0056925999455471245,20.00612618517446,129.8163299560547,14.023508071899414,-179.04441833496094
1410,282.0,1.823930272449887e-05,2.2282956138520268e-05,0.0017799981766944417,0.005839889218026192,20.005353823267455,128.02867126464844,13.992948532104492,-179.04473876953125
1411,282.2,1.698377721169942e-05,2.0749080619533182e-05,0.0018357991806205488,0.006022963383747121,20.01002020208636,126.240966796875,13.96237850189209,-179.04441833496094
1412,282.4,-1.607951773677453e-05,-1.9644346819017444e-05,0.0014251149345017537,0.004675574081710734,19.990542573677704,124.45284271240234,13.932265281677246,-179.04757690429688
1413,282.6,-0.0006477349007791222,-0.0007913377282818535,0.002445748972411647,0.008024111058647029,20.038063723383935,122.6645736694336,13.900718688964844,-179.03883361816406
1414,282.8,0.00039915999407389477,0.0004876537647600772,0.002155549357437887,0.007072012553856518,20.03572096361551,120.8773193359375,13.870501518249512,-179.0733642578125
1415,283.0,0.0008701674766313713,0.0010630836062005464,0.000746476160310699,0.0024490688457937536,20.04626929629529,119.08585357666016,13.841331481933594,-179.0715789794922
1416,283.2,0.0005007787613084589,0.0006118014126905442,-1.635535186042818e-05,-5.3659292597767185e-05,20.022373794954152,117.29510498046875,13.811527252197266,-179.04498291015625
1417,283.4,6.444248686553291e-06,7.872938620362156e-06,-1.5930174036428e-05,-5.226435218567444e-05,20.00216766205808,115.50659942626953,13.780998229980469,-179.02215576171875
1418,283.6,-0.0001891010797679364,-0.0002310247891524879,0.0002593578197074304,0.000850911509208926,19.997575042297022,113.71924591064453,13.750211715698242,-179.0157928466797
1419,283.8,-0.00015084984603941097,-0.0001842932569063484,0.0004745659886446329,0.0015569750781848574,20.00623604178353,111.93160247802734,13.719482421875,-179.0198974609375
1420,284.0,-3.2061728328251545e-06,-3.916981349862491e-06,0.0004936774079776444,0.0016196765871893748,20.030393885987895,110.14291381835938,13.688931465148926,-179.0277557373047
1421,284.2,-0.0007124356585075052,-0.0008703826439986191,0.0006374539224668907,0.0020913843269862735,20.03358671059224,108.35276794433594,13.658230781555176,-179.00900268554688
1422,284.4,0.0005664034335929576,0.0006919750748205163,0.0009332396955163517,0.0030618101226378676,20.076590264828386,106.56056213378906,13.627342224121094,-179.0599365234375
1423,284.6,-0.00037017118643727337,-0.00045223813847041687,0.0019053245971655183,0.006251065151364519,20.051445792997498,104.76358795166016,13.595695495605469,-179.03903198242188
1424,284.8,-0.0009633724096371109,-0.0011769520728536584,0.0011254159609048473,0.003692309701175059,20.06835203220596,102.97166442871094,13.565888404846191,-179.05459594726562
1425,285.0,-0.008194429781188527,-0.010011134863678023,0.00044909615750611314,0.0014734126373923562,20.264075184692164,101.17333984375,13.536141395568848,-178.87509155273438
1426,285.2,-0.012221570903880895,-0.014931093173271289,0.0021572364939714127,0.00707754777888117,20.019611983988163,99.37271118164062,13.506585121154785,-178.90292358398438
1427,285.4,-0.008625762886009207,-0.01053809451783745,0.004239451954141859,0.013908963549226777,19.749528340170382,97.59752655029297,13.483052253723145,-179.27548217773438
1428,285.6,-0.0032857303172754955,-0.004014176728615473,0.00338210577438513,0.01109614790883371,19.73084902141744,95.83503723144531,13.469138145446777,-179.62548828125
1429,285.8,-5.362683482490927e-05,-6.551590410559166e-05,0.0034280110851296233,0.011246755888536674,19.925235216738812,94.06297302246094,13.46133804321289,-179.8048095703125
1430,286.0,0.0011081375383245372,0.001353811630571087,0.002018333727557435,0.006621830026719535,20.134926206533336,92.27102661132812,13.45547103881836,-179.84461975097656
1431,286.2,0.0008969561122765846,0.0010958112823683034,0.0009551304189314705,0.0031336300836471253,20.194360304316557,90.46670532226562,13.449207305908203,-179.81817626953125
1432,286.4,4.174082032403884e-05,5.099476018987825e-05,0.0008588674376879286,0.0028178066442640635,20.097755702353428,88.66505432128906,13.441987991333008,-179.78329467773438
1433,286.6,-0.00032892077421128684,-0.0004018425098539291,0.0012054741457620038,0.003954967796381812,19.955291694125876,86.87525939941406,13.434374809265137,-179.77220153808594
1434,286.8,-0.00019412844023025132,-0.00023716671542929805,0.0014281073232920484,0.004685391630549484,19.88093392100041,85.09564208984375,13.426925659179688,-179.7796630859375
1435,287.0,1.729880306897584e-05,2.1133947709367785e-05,0.0014182965396215147,0.004653204019051851,19.91360572519313,83.31755065917969,13.419716835021973,-179.7879638671875
1436,287.2,9.076677221698738e-05,0.00011088976561749349,0.0013285838549014538,0.004358871054514886,20.00460029108831,81.53314971923828,13.41256046295166,-179.78955078125
1437,287.4,7.364184555778119e-05,8.996824271794129e-05,0.00122308112762874,0.0040127334867694755,20.10125764048455,79.74121856689453,13.405388832092285,-179.78672790527344
1438,287.6,-3.0196091459075177e-05,-3.689056493555214e-05,0.001368598512146,0.004490152742589083,20.108304768878657,77.94603729248047,13.397955894470215,-179.78224182128906
1439,287.8,-7.975024956947523e-05,-9.74308798990279e-05,0.0014831642368646233,0.004866024554874931,20.065559095465527,76.15110778808594,13.390552520751953,-179.7799835205078
1440,288.0,-0.00044133706015049074,-0.0005391814863858546,0.001705670894591664,0.005596033297812115,19.990661440534687,74.36021423339844,13.383057594299316,-179.78225708007812
1441,288.2,-9.744495219231603e-06,-1.1904849809335249e-05,0.0016143316192442003,0.005296363749681142,19.95582573355819,72.57501983642578,13.375900268554688,-179.79449462890625
1442,288.4,0.00025625593808618105,0.00031306787955988737,0.001331883928929921,0.004369698069390441,19.975417433032437,70.79026794433594,13.368936538696289,-179.79937744140625
1443,288.6,0.00015946293125873354,0.00019481586311879476,0.0011916328701025427,0.003909556785547226,20.024966588879064,69.00228881835938,13.36181640625,-179.79241943359375
1444,288.8,-5.6801873798873746e-05,-6.939484922008406e-05,0.001366950079479433,0.004484744498759303,20.05432095426202,67.21086883544922,13.354368209838867,-179.78428649902344
1445,289.0,-2.081617862693121e-05,-2.5431125428521862e-05,0.0015125502235850308,0.0049624352755467125,20.058886271885477,65.4179458618164,13.346941947937012,-179.78695678710938
1446,289.2,3.1921957194315395e-05,3.899905510429512e-05,0.0016032646798406862,0.005260054892208517,20.02806678174216,63.62615966796875,13.339574813842773,-179.78982543945312
1447,289.4,9.237981467425738e-05,0.00011286041958754024,0.0014219036363916293,0.004665038326419113,19.997585852591058,61.83693313598633,13.33249282836914,-179.78993225097656
1448,289.6,6.409804618503919e-05,7.830858302426237e-05,0.0013648990377460569,0.0044780153589987735,19.9852097908048,60.049774169921875,13.325292587280273,-179.78713989257812
1449,289.8,-0.00025502099052109956,-0.0003115591441196273,0.0013851211055826507,0.004544360728039784,19.99503443852181,58.26261520385742,13.318015098571777,-179.7843475341797
1450,290.0,-3.0044880703938118e-05,-3.67058307560012e-05,0.0012895273401768827,0.004230732878745924,20.013235482239374,56.474002838134766,13.310848236083984,-179.78887939453125
1451,290.2,0.00011501347178133941,0.00014051195847526236,0.0011451897886769914,0.0037571844662830202,20.023068770330003,54.68406677246094,13.303725242614746,-179.79092407226562
1452,290.4,2.8882226366012962e-05,3.528541595135804e-05,0.001194783952605184,0.003919894983065192,20.01799216065978,52.89396667480469,13.296406745910645,-179.78720092773438
1453,290.6,-6.742140298436013e-05,-8.236872802599277e-05,0.0013523227579529315,0.004436754597202296,20.00506220495623,51.10476303100586,13.288985252380371,-179.78419494628906
1454,290.8,-7.731329721660491e-05,-9.445365520952621e-05,0.001553991653422461,0.005098397976214547,19.994906909703595,49.31672286987305,13.281522750854492,-179.78536987304688
1455,291.0,-2.9461490681838e-05,-3.5993103166001484e-05,0.0016743917089871814,0.005493411294513504,19.993710257402494,47.5291748046875,13.27414321899414,-179.78811645507812
1456,291.2,7.78633320280012e-06,9.512563273860907e-06,0.0017427127647317126,0.005717561747042392,19.999844558762877,45.74134063720703,13.266817092895508,-179.78982543945312
1457,291.4,1.8304159650480383e-05,2.2362191844991885e-05,0.001794114046833714,0.005886201129413922,20.006599295201905,43.9528694152832,13.259502410888672,-179.79006958007812
1458,291.6,1.3413909773490511e-05,1.6387773570273357e-05,0.0018576687715765577,0.006094714012539234,20.008607637186955,42.163997650146484,13.252177238464355,-179.78961181640625
1459,291.8,-0.0003563835627521245,-0.00043539379861427054,0.001928541204456449,0.0063272351252288955,20.005295078408945,40.37521743774414,13.244842529296875,-179.78916931152344
1460,292.0,2.641398005609525e-05,3.226995943453156e-05,0.0017683765066334456,0.005801760378023274,20.000144517473014,38.58684539794922,13.237740516662598,-179.79844665527344
1461,292.2,0.00025346330241211255,0.00030965611655687787,0.0014776281881235674,0.004847861664723325,19.997173974158823,36.79886245727539,13.2307710647583,-179.8015594482422
1462,292.4,0.00016702612684870425,0.00020405581917106198,0.0013456894152624587,0.004414991661169685,19.9978818492793,35.010963439941406,13.223644256591797,-179.79502868652344
1463,292.6,1.0879331830184999e-05,1.3291279696937013e-05,0.001416490746795228,0.004647279501715656,20.00084165701784,33.22287368774414,13.216312408447266,-179.78811645507812
1464,292.8,-5.4402721562283514e-05,-6.646380493264177e-05,0.001573833909495144,0.005163497243628049,20.003063481921117,31.434539794921875,13.208892822265625,-179.7860565185547
1465,293.0,-4.182894978658243e-05,-5.110242795426775e-05,0.0017111710918442456,0.005614078564966275,20.003075049544723,29.64610481262207,13.201495170593262,-179.78732299804688
1466,293.2,-9.152604170227244e-06,-1.1181736514766625e-05,0.0017984509819459205,0.005900429919607454,20.001289640170107,27.857763290405273,13.194145202636719,-179.7890625
1467,293.4,1.0914126764255679e-05,1.3333788667891162e-05,0.0018600025189930629,0.0061023706644132,19.999495172321588,26.069589614868164,13.186824798583984,-179.78990173339844
1468,293.6,-0.0003725554548115424,-0.0004551509991432613,0.001915713975563683,0.006285151039588354,19.999998119106493,24.281538009643555,13.179508209228516,-179.78981018066406
1469,293.8,5.455788674775094e-05,6.665337023972732e-05,0.0017214275696146608,0.0056477284274945635,20.00076449288448,22.493453979492188,13.172441482543945,-179.79953002929688
1470,294.0,0.00028227139408325833,0.0003448509621515167,0.0014151758735964884,0.004642965613130303,20.00225646161368,20.705156326293945,13.165486335754395,-179.80206298828125
1471,294.2,0.00016385124095701144,0.0002001770610771809,0.0012965489828437,0.004253769764872925,20.002152987890156,18.916799545288086,13.158344268798828,-179.79449462890625
1472,294.4,-8.914226624865915e-06,-1.0890510667598688e-05,0.0013914039807830327,0.004564973836312205,20.001206251676557,17.128503799438477,13.15098762512207,-179.78732299804688
1473,294.6,-7.407048589973545e-05,-9.049191262370679e-05,0.0015561097525019414,0.0051053471203984695,20.000539870722537,15.340310096740723,13.143563270568848,-179.78538513183594
1474,294.8,-3.871430336235318e-05,-4.729726441778688e-05,0.0016906153704901836,0.005546638532119014,20.007941416786164,13.552169799804688,13.136167526245117,-179.78773498535156
1475,295.0,8.300677301534842e-07,1.0140937459285116e-06,0.001771279412894483,0.005811284349000736,20.01266071170973,11.763580322265625,13.128823280334473,-179.7897186279297
1476,295.2,1.8222091165634862e-05,2.226192877705611e-05,0.0018256615999070463,0.005989703603439034,20.009132192142285,9.974372863769531,13.121505737304688,-179.79034423828125
1477,295.4,1.3439828850203903e-05,1.6419438906294108e-05,0.0018704228466388906,0.006136558092166738,20.009850450294078,8.185730934143066,13.11419677734375,-179.78970336914062
1478,295.6,-0.0003463041667084554,-0.0004230798004677199,0.0019463979121137928,0.006385820125979416,20.013611933401684,6.397552490234375,13.106861114501953,-179.78955078125
1479,295.8,2.958063805085523e-05,3.6138665506729835e-05,0.0017909605839415265,0.005875855122218718,20.021526999587437,4.608658790588379,13.099753379821777,-179.79873657226562
1480,296.0,0.0002532502571590728,0.00030939583917123924,0.0014975790107860855,0.004913317121747421,20.016497053111497,2.818718433380127,13.092778205871582,-179.8018035888672
1481,296.2,0.00016248126712597227,0.0001985033640478003,0.001354389647297459,0.004443535730439396,20.017422219242846,1.029551386833191,13.08565616607666,-179.794921875
1482,296.4,1.355301388482266e-05,1.6557717063087843e-05,0.0014266702386284819,0.004680676785701868,20.018125715899103,-0.7590734958648682,13.078322410583496,-179.78829956054688
1483,296.6,-4.796158914320175e-05,-5.859467345624958e-05,0.0015844270379191043,0.005198251603086514,20.02492479102309,-2.5484776496887207,13.070898056030273,-179.7864227294922
1484,296.8,-3.588533765854293e-05,-4.38411170174419e-05,0.0017169004116171335,0.005632875546449956,20.019039829253686,-4.338584899902344,13.063498497009277,-179.78759765625
1485,297.0,-9.419094528914524e-06,-1.1507307785974874e-05,0.0018008565497710056,0.005908322202750706,20.022445544507942,-6.127891540527344,13.056148529052734,-179.78900146484375
1486,297.2,7.87046812523902e-06,9.61535090860451e-06,0.0018639356290802108,0.0061152745693115185,20.0209628350347,-7.916742324829102,13.048820495605469,-179.7897491455078
1487,297.4,-0.00037025859657826107,-0.00045234492743966156,0.001926823466702305,0.006321599502495591,20.026834217727004,-9.706500053405762,13.041491508483887,-179.78993225097656
1488,297.6,5.6377142172249816e-05,6.88759545918376e-05,0.0017310527224131847,0.005679307013802073,20.01998666021308,-11.496613502502441,13.034419059753418,-179.79965209960938
1489,297.8,0.0002807706911772389,0.00034301755341123273,0.001421123794277535,0.004662479789217508,20.018476752413452,-13.285934448242188,13.02746295928955,-179.8020782470703
1490,298.0,0.00016359793040223832,0.00019986759157241457,0.00129939194537302,0.004263097070057619,20.015012699730008,-15.074773788452148,13.020320892333984,-179.79449462890625
1491,298.2,-5.537789201250266e-06,-6.76551706716745e-06,0.0013927798965522964,0.004569487995804636,20.01742546151551,-16.86404800415039,13.01296329498291,-179.78746032714844
1492,298.4,-6.746898322264726e-05,-8.242685680310816e-05,0.0015613157794140235,0.005122427261732705,20.014701134056175,-18.653398513793945,13.005528450012207,-179.7857666015625
1493,298.6,-4.185398960316903e-05,-5.113301909819161e-05,0.0016951486985663522,0.005561511656204431,20.011233590285777,-20.442440032958984,12.99813175201416,-179.78758239746094
1494,298.8,-5.119311443456214e-06,-6.254262790470457e-06,0.001775759172536239,0.005825981723623795,20.008251619444696,-22.231170654296875,12.990787506103516,-179.7894287109375
1495,299.0,1.4461864359382228e-05,1.7668059687857268e-05,0.0018316728276611054,0.006009425479903661,20.00653632620749,-24.019697189331055,12.983468055725098,-179.79019165039062
1496,299.2,1.4980000316237888e-05,1.8301066386347828e-05,0.001885619545637685,0.0061864160301099425,20.005992499179357,-25.808128356933594,12.976154327392578,-179.78993225097656
1497,299.4,-0.0003480873204834411,-0.00042525827943462,0.0019531642631431447,0.006408019441090555,20.006094053586178,-27.596553802490234,12.96882438659668,-179.78953552246094
1498,299.6,2.6300156338798192e-05,3.213090099910975e-05,0.0017886620874814551,0.005868314123092657,20.005647793498586,-29.384958267211914,12.961727142333984,-179.7985382080078
1499,299.8,0.00024602844874292126,0.0003005729558292269,0.0015040526724063182,0.004934556169737545,20.004685167428082,-31.17329978942871,12.954751014709473,-179.80154418945312
1500,300.0,0.0001629243225910985,0.00019904464490954504,0.0013701466530745387,0.00449523194527307,20.00350760151927,-32.9615478515625,12.947623252868652,-179.79515075683594
1501,300.2,1.587470217846875e-05,1.939412365143527e-05,0.001434973534791874,0.004707918571886572,20.002518471942327,-34.74969482421875,12.94029712677002,-179.78848266601562
1502,300.4,-4.982729290239043e-05,-6.087400373885039e-05,0.001587884512873055,0.005209595025214434,20.002077091149932,-36.53777313232422,12.93288516998291,-179.78631591796875
1503,300.6,-3.9164940224218936e-05,-4.7847807471928274e-05,0.0017223121047519841,0.0056506304457544995,20.002050120648544,-38.32582473754883,12.92548942565918,-179.78746032714844
1504,300.8,-1.0179374763133512e-05,-1.2436142148120212e-05,0.0018165774187869277,0.005959899858652903,20.002103461126172,-40.11388397216797,12.918136596679688,-179.7890625
1505,301.0,8.6993168691283e-06,1.0627955419014044e-05,0.0018818547137413517,0.006174064219031176,20.001857077669904,-41.90193176269531,12.910810470581055,-179.78993225097656
1506,301.2,-0.00037040141332420263,-0.00045251940665817835,0.0019385541008772578,0.006360085836322142,20.00135374146925,-43.68996810913086,12.90349292755127,-179.78990173339844
1507,301.4,5.1835719665614015e-05,6.332769871548064e-05,0.0017462346384013437,0.005729116451052664,20.000605347481844,-45.477962493896484,12.896425247192383,-179.7996063232422
1508,301.6,-0.000637542004938881,-0.0007788850674338309,0.0014384497286234707,0.004719323407657027,20.000167443149483,-47.26588821411133,12.889473915100098,-179.80226135253906
1509,301.8,-0.00178360221572257,-0.002179026826948264,0.0010015679796241996,0.003285984290270259,20.00020011537953,-49.05377197265625,12.882962226867676,-179.8186798095703
1510,302.0,-0.0013985385533348334,-0.001708594550609166,0.0009212768467929308,0.003022561930032119,20.000539482832163,-50.84169387817383,12.877907752990723,-179.87185668945312
1511,302.2,-0.00044510805958662973,-0.0005437885163969855,0.0018874550281964863,0.00619243795470816,20.000731841212787,-52.629661560058594,12.874544143676758,-179.92738342285156
1512,302.4,0.00014103106381417634,0.00017229765066177922,0.001871355579017163,0.006139618237862669,20.000651955330326,-54.41762924194336,12.872162818908691,-179.95480346679688
1513,302.6,0.00024631287423092826,0.0003009204384479251,0.0016444820635707021,0.005395282533445302,20.0005084119742,-56.20560073852539,12.86999225616455,-179.95684814453125
1514,302.8,0.00013506164522901045,0.00016500481197628206,0.0015702556529445869,0.005151757556406718,20.000233058933258,-57.993534088134766,12.867669105529785,-179.94943237304688
1515,303.0,-0.00032269851818129405,-0.000394240779662087,0.0016686937452824043,0.005474717187272323,20.000030967091416,-59.78142547607422,12.86517333984375,-179.94337463378906
1516,303.2,-3.760758335550053e-05,-4.5945184585414995e-05,0.0016193143960128715,0.005312711443014869,20.000023998224933,-61.56931686401367,12.862825393676758,-179.9503936767578
1517,303.4,0.00019494629443131788,0.00023816588790674106,0.0014259366953251092,0.004678270147490431,20.000181694840776,-63.35720443725586,12.860621452331543,-179.9547119140625
1518,303.6,0.00014771811034929415,0.00018046721541373266,0.0013330061077201482,0.004373379758452571,20.000215849027775,-65.14509582519531,12.858317375183105,-179.95034790039062
1519,303.8,1.9243414653093134e-05,2.350967968168388e-05,0.0014015507246610093,0.004598263679496826,20.000135986994668,-66.93299102783203,12.855853080749512,-179.94473266601562
1520,304.0,-4.319893728502564e-05,-5.277614168111582e-05,0.0015410802394414615,0.005056037692769124,19.999910016465815,-68.72088623046875,12.853316307067871,-179.94268798828125
1521,304.2,-0.0001310222795497583,-0.0001600699189259397,0.0018941055166877552,0.006214257143369855,20.00735539939659,-70.50875091552734,12.850564002990723,-179.9418487548828
1522,304.4,0.0003501590984124197,0.00042778937053045314,0.0011173777307378575,0.0036659375541139923,20.005132782660766,-72.29641723632812,12.848943710327148,-179.9557647705078
1523,304.6,-0.00026583719972873973,-0.00032477330690860133,0.0019032459218425398,0.006244245350217878,20.004597075313445,-74.08515167236328,12.845759391784668,-179.93165588378906
1524,304.8,-0.00016585347391379974,-0.00020262318908048914,0.0018878989000050057,0.006193894227092423,19.99616944436781,-75.87401580810547,12.843375205993652,-179.9355926513672
1525,305.0,-0.0007242582803398331,-0.0008848263410911742,0.0024952497198305005,0.0081865150908087,19.99280011519073,-77.66130828857422,12.840373039245605,-179.9420623779297
1526,305.2,-5.753250720179965e-05,-7.028746404843863e-05,0.0031048924748299845,0.010186655427121206,20.009197640404285,-79.44857025146484,12.83736801147461,-179.97386169433594
1527,305.4,0.001490027201362407,0.0018203662319044528,0.0012652609560917503,0.004151118755184058,20.002967358075583,-81.23661804199219,12.836810111999512,179.99453735351562
1528,305.6,0.0008763022975209828,0.0010705785168813847,-0.00045096471671056106,-0.0014795430811726771,20.018337612121933,-83.02580261230469,12.836127281188965,-179.9549560546875
1529,305.8,0.00012003009333359597,0.0001466407650256542,-0.00028212813152968177,-0.0009256172590478411,20.002647526316387,-84.8138198852539,12.833560943603516,-179.92471313476562
1530,306.0,-0.0004721232633434444,-0.000576792990826686,-0.00040604537812907423,-0.001332169918380992,20.005263286389145,-86.6032485961914,12.83128547668457,-179.89451599121094
1531,306.2,-0.0009003829447966319,-0.0010999978436580452,0.001301607576777515,0.004270366202194742,19.991284242137855,-88.390869140625,12.827180862426758,-179.8937225341797
1532,306.4,-0.0005667549051071166,-0.0006924044675693643,0.0023300995243414253,0.007644683723440322,19.992141167532015,-90.17788696289062,12.823756217956543,-179.9214324951172
1533,306.6,-0.00014020991729633625,-0.000171294455960934,0.0026008471013580304,0.00853296320401948,19.99830639968178,-91.96530151367188,12.821088790893555,-179.94602966308594
1534,306.8,-0.0003809348795778682,-0.0004653881423802816,0.0024912212416557077,0.008173298298473712,20.004206801994673,-93.75331115722656,12.818800926208496,-179.95632934570312
1535,307.0,0.0002596588762394105,0.0003172252491016878,0.0020111441664537773,0.00659824222706821,20.00557462989627,-95.54164123535156,12.816883087158203,-179.96832275390625
1536,307.2,0.00043168429362759435,0.000527388701524832,0.0015274010168377758,0.005011158352082048,20.002632982554957,-97.32986450195312,12.814969062805176,-179.9658203125
1537,307.4,0.00017001836866104036,0.00020771144099319302,0.001402687627753005,0.0046019936766371694,19.998596181484295,-99.11775207519531,12.81269645690918,-179.95228576660156
1538,307.6,-6.075375694565804e-05,-7.422286486051043e-05,0.001562652761679495,0.005126813686628554,19.996510380366928,-100.90534210205078,12.810139656066895,-179.94337463378906
1539,307.8,-0.00030354351704905876,-0.00037083911477883507,0.002059242859657576,0.006756046343678961,19.998772603650703,-102.69281768798828,12.80724811553955,-179.93728637695312
1540,308.0,-2.2796664455445485e-05,-2.785068496521775e-05,0.002063635016626832,0.006770456307949976,20.005010099761034,-104.48043823242188,12.80484676361084,-179.9493408203125
1541,308.2,0.00014459117183902756,0.00017664703463573996,0.0018992804059215847,0.006231235126963772,20.00949215184502,-106.26873016357422,12.802613258361816,-179.9547882080078
1542,308.4,0.00019186467155458042,0.0002344010692382309,0.0015121776899259423,0.0049612130522166285,20.008338052957683,-108.05742645263672,12.800601959228516,-179.9520263671875
1543,308.6,0.00011400356132518804,0.00013927815087098224,0.0013534784366975776,0.0044405461942548805,20.003528023062735,-109.84577178955078,12.798362731933594,-179.9453887939453
1544,308.8,-0.00020162326656158124,-0.0002463231447582838,0.0013593595958330984,0.004459841336393063,19.999659161712728,-111.63369750976562,12.79595947265625,-179.94024658203125
1545,309.0,-0.00023595222483852228,-0.00028826283308522267,0.0013343966939454565,0.004377942049364011,20.031661194429468,-113.42115783691406,12.793587684631348,-179.93643188476562
1546,309.2,0.00015665279390353248,0.00019138271831194563,0.0010437288638716208,0.0034243074057445683,20.010875933286187,-115.20763397216797,12.791482925415039,-179.94635009765625
1547,309.4,-0.0002636128616604229,-0.0003220558330905387,0.0013667512040038815,0.004484092020144095,20.059127622051072,-116.99801635742188,12.788759231567383,-179.93202209472656
1548,309.6,-0.00018610517884342222,-0.0002273646969930089,0.001474800576289653,0.004838584722714145,20.066791469360595,-118.79012298583984,12.786248207092285,-179.93551635742188
1549,309.8,-2.6437700853792063e-05,-3.229893913307776e-05,0.0017393135524585459,0.005706409475448096,20.073677415036006,-120.57988739013672,12.783583641052246,-179.94546508789062
1550,310.0,0.00015654458127098084,0.00019125051493875728,0.0017437559420404448,0.005720984244883973,20.071027471185264,-122.37190246582031,12.78117847442627,-179.9537811279297
1551,310.2,0.0004039958388866701,0.0004935617163678448,0.0012881649806832853,0.00422626319522495,20.05461919123972,-124.16188049316406,12.779233932495117,-179.96092224121094
1552,310.4,0.00010185334071281713,0.0001244342263488487,0.000997568427999194,0.003272862401316875,20.030483621439505,-125.95257568359375,12.77712345123291,-179.94070434570312
1553,310.6,-0.00021486650781576703,-0.0002625024125985226,0.0006597736529846978,0.002164611791658316,20.015892304169146,-127.7421875,12.77506160736084,-179.92782592773438
1554,310.8,-0.00047446949281517657,-0.0005796593793723012,0.001416340448544575,0.004646786397202984,20.007688377871744,-129.529296875,12.7719087600708,-179.92979431152344
1555,311.0,-0.00012348125704539467,-0.00015085705173235867,0.001613589473981698,0.005293928889818114,20.027829733083617,-131.31675720214844,12.769314765930176,-179.9446258544922
1556,311.2,0.00017740026233415868,0.00021672990049364168,0.001454340820149811,0.004771459536380306,20.053043480988656,-133.10479736328125,12.76707649230957,-179.9533233642578
1557,311.4,0.00013760761824769123,0.00016811522721320437,0.0013277387476043373,0.004356098392690214,20.06968687354939,-134.89480590820312,12.764802932739258,-179.94888305664062
1558,311.6,2.8988364256092002e-05,3.54150846116676e-05,0.00139404926276005,0.004573652583233682,20.048211860323956,-136.68603515625,12.762334823608398,-179.94393920898438
1559,311.8,-4.1984466077694203e-05,-5.129242220711901e-05,0.0015630200133123972,0.005128018580475845,20.01807273178081,-138.47467041015625,12.759767532348633,-179.94174194335938
1560,312.0,-4.5670906075739335e-05,-5.579614595273074e-05,0.0017239650573407767,0.005656053518725914,20.00072184455949,-140.26107788085938,12.757210731506348,-179.9425048828125
1561,312.2,-2.030956559219154e-05,-2.4812196283980405e-05,0.0018410789236852638,0.0060402853759835605,20.001934431104853,-142.04681396484375,12.754701614379883,-179.94419860839844
1562,312.4,-2.2933651288701165e-07,-2.8018041779406214e-07,0.0019223864528715804,0.006307042370039196,20.01378341244533,-143.83326721191406,12.752224922180176,-179.94529724121094
1563,312.6,-0.00035694822012039825,-0.0004360836405210905,0.0019889025481849175,0.006525271036187005,20.023601162789465,-145.6207733154297,12.749761581420898,-179.94566345214844
1564,312.8,3.39842069592065e-05,4.151850564206258e-05,0.0018116447039015567,0.005943716410348383,20.0234770899813,-147.40872192382812,12.747541427612305,-179.95504760742188
1565,313.0,0.0002572550621491853,0.00031428850942765964,0.0015157831710651438,0.004973042058957366,20.014939854083256,-149.19622802734375,12.745440483093262,-179.95803833007812
1566,313.2,0.00016810102221921397,0.0002053690188452137,0.0013775516839848313,0.004519526666884794,20.004597825986856,-150.98281860351562,12.743183135986328,-179.9512939453125
1567,313.4,1.470629909995597e-05,1.796668561041621e-05,0.00144343472246308,0.004735678374845772,19.9992438723877,-152.7686767578125,12.74072265625,-179.9443359375
1568,313.6,-5.194659565669662e-05,-6.346315591378626e-05,0.001598234452355436,0.005243551520665808,20.000425346794554,-154.5543670654297,12.738173484802246,-179.94212341308594
1569,313.8,-4.112007557916104e-05,-5.023639633506104e-05,0.0017364329939292878,0.0056969588238029644,20.00484553007496,-156.34034729003906,12.735640525817871,-179.94329833984375
1570,314.0,-1.0822928189608575e-05,-1.3222371369244797e-05,0.0018312117093060654,0.006007912624359711,20.008164505712458,-158.126708984375,12.733150482177734,-179.9449920654297
1571,314.2,6.703634500086459e-06,8.189830268755627e-06,0.00189807441703117,0.006227278470372544,20.00790494027147,-159.91323852539062,12.730688095092773,-179.94577026367188
1572,314.4,-0.0003700999483812742,-0.0004521511069374027,0.001958554829006992,0.0064257050251992995,20.004760405480877,-161.69956970214844,12.728232383728027,-179.94586181640625
1573,314.6,4.6654581257341e-05,5.6997901922093505e-05,0.001770556127622731,0.00580891136574976,20.001178723720137,-163.48558044433594,12.726025581359863,-179.95550537109375
1574,314.8,0.0002755954172710335,0.00033669492128002163,0.0014637369833659878,0.004802286844506468,19.999396940225697,-165.27130126953125,12.72393798828125,-179.95826721191406
1575,315.0,0.00016848511006667928,0.00020583825896846206,0.0013356140932344592,0.004381936141647343,20.000121846587714,-167.0569305419922,12.721672058105469,-179.95095825195312
1576,315.2,1.3576172539154744e-06,1.6586009991085352e-06,0.0014192985301091686,0.0046564913895233645,20.001798752360767,-168.8428497314453,12.719195365905762,-179.94374084472656
1577,315.4,-6.23612835346872e-05,-7.618678009432736e-05,0.0015861686553790193,0.005203965571313702,20.002761793492436,-170.6287841796875,12.716633796691895,-179.94187927246094
1578,315.6,-4.3254619431851416e-05,-5.2844168559892875e-05,0.0017225212299579436,0.005651316552095219,20.002606826541427,-172.4147186279297,12.714102745056152,-179.94342041015625
1579,315.8,-6.999732122881388e-06,-8.551572734524191e-06,0.001808329111205021,0.005932838481205881,20.001483291957754,-174.20065307617188,12.71162223815918,-179.94528198242188
1580,316.0,1.3246592464816051e-05,1.618336201426577e-05,0.0018635989817867536,0.006114170083405253,20.00032912716952,-175.98660278320312,12.709172248840332,-179.94606018066406
1581,316.2,-0.00037885723951068035,-0.0004628498895101982,0.001923133665642056,0.006309493855585083,19.999780018686476,-177.772216796875,12.706718444824219,-179.94606018066406
1582,316.4,5.771859467210155e-05,7.051480711090647e-05,0.0017261020670694103,0.005663064705724004,19.99994035174976,-179.55784606933594,12.704521179199219,-179.95578002929688
1583,316.6,0.0002907952004749056,0.00035526449642019216,0.0014172195580570666,0.004649670614855946,20.000674582743716,-181.3436737060547,12.702435493469238,-179.95834350585938
1584,316.8,0.00016389830305199926,0.0002002345568386275,0.0013018023394358476,0.004271005187314706,20.001090687284783,-183.12960815429688,12.700156211853027,-179.95046997070312
1585,317.0,-1.1905400602065238e-05,-1.4544827915543102e-05,0.0014000079756511137,0.0045932021668351995,20.00082919475685,-184.91554260253906,12.697663307189941,-179.9432373046875
1586,317.2,-6.879669166512533e-05,-8.404891820728361e-05,0.0015659244274618732,0.005137547498594012,20.00049767818866,-186.70147705078125,12.69510269165039,-179.9417266845703
1587,317.4,-4.2087419631955525e-05,-5.1418200564360064e-05,0.0016976313945918505,0.005569656984632727,20.000123239609565,-188.48731994628906,12.69257640838623,-179.94358825683594
1588,317.6,-2.3386467876991964e-06,-2.857124780532108e-06,0.0017757134765818523,0.005825831802508804,19.999867088107916,-190.27294921875,12.690103530883789,-179.9455108642578
1589,317.8,1.51849853444207e-05,1.855149659527877e-05,0.0018290575973218077,0.0060008453275972795,19.999905548370993,-192.05856323242188,12.687658309936523,-179.94607543945312
1590,318.0,1.603215537456626e-05,1.95864842211076e-05,0.0018895254946617835,0.0061992308239061655,20.000189304572476,-193.8441925048828,12.685203552246094,-179.94590759277344
1591,318.2,-0.00035421422282329806,-0.00043274351602322326,0.001959223226976398,0.006427897931993246,20.000465372902323,-195.6300506591797,12.6827392578125,-179.94537353515625
1592,318.4,2.428919803806038e-05,2.9674113243098368e-05,0.0017989833557778808,0.005902176552970303,20.000336398604524,-197.41598510742188,12.68050479888916,-179.9545135498047
1593,318.6,0.00024913363651333213,0.00030436656372833786,0.0015119253744946188,0.004960385245656925,20.00028887957794,-199.201904296875,12.678397178649902,-179.95765686035156
1594,318.8,0.00016727714596614547,0.00020436248922683993,0.001375834239389664,0.004513892005959185,19.99999402233591,-200.98760986328125,12.676138877868652,-179.9512481689453
1595,319.0,1.5013077222953162e-05,1.8341476443281877e-05,0.0014429778509432796,0.004734179452488749,19.999931042286537,-202.7732391357422,12.673677444458008,-179.94436645507812
1596,319.2,-5.056420747596738e-05,-6.177429227338935e-05,0.0015969057472742178,0.005239192251887145,20.00004027796956,-204.55886840820312,12.67112922668457,-179.94219970703125
1597,319.4,-4.135627671686416e-05,-5.052496326499294e-05,0.0017355953282341108,0.0056942105766836,20.00009717696332,-206.344482421875,12.668596267700195,-179.94329833984375
1598,319.6,-1.1355017059611694e-05,-1.3872424341727606e-05,0.0018321186772497962,0.006010888241068221,20.000239545644828,-208.1302490234375,12.666105270385742,-179.9449920654297
1599,319.8,8.663274088402748e-06,1.0583921953801636e-05,0.0018992418288289936,0.006231108561695315,20.000062916716775,-209.9158935546875,12.663643836975098,-179.94590759277344
1600,320.0,-0.00037223991333065043,-0.00045476550211605564,0.0019635244200053347,0.006442009458130302,20.000061885914203,-211.70152282714844,12.661185264587402,-179.94590759277344
1601,320.2,4.7889215243670525e-05,5.850625426319228e-05,0.0017731966575786776,0.005817574522050429,19.999992117582277,-213.4871368408203,12.658981323242188,-179.9556121826172
1602,320.4,0.0002781116124853358,0.0003397689569733348,0.0014626808334521199,0.004798821785623053,19.999978543343943,-215.27276611328125,12.65689754486084,-179.95835876464844
1603,320.6,0.0001673580394471369,0.00020446131679256716,0.0013354973433233864,0.004381553103869099,20.000207021353095,-217.0583953857422,12.654630661010742,-179.95091247558594
1604,320.8,7.212425312705293e-06,8.811420004532056e-06,0.0014233837729102474,0.004669894417514856,19.999725189189544,-218.84402465820312,12.65215015411377,-179.94407653808594
1605,321.0,-6.271159339843112e-05,-7.66147536548633e-05,0.0015780402829816747,0.005177297682017598,19.994491338681247,-220.62982177734375,12.649600982666016,-179.94175720214844
1606,321.2,-4.5494639908739924e-05,-5.558080157650756e-05,0.0017111510430079476,0.005614012787942195,19.991109042872885,-222.4153289794922,12.647073745727539,-179.9431610107422
1607,321.4,-1.088149459973544e-05,-1.3293921952496788e-05,0.0018018437603799522,0.005911561082804963,19.993736977533473,-224.20046997070312,12.6445894241333,-179.9449920654297
1608,321.6,1.0814891694648616e-05,1.3212553183352214e-05,0.0018624486539220507,0.006110396041733621,19.9980964013696,-225.98597717285156,12.642134666442871,-179.94590759277344
1609,321.8,-0.0003767179589984997,-0.0004602363305084671,0.001917657144580528,0.006291526266225579,19.991994557744047,-227.77197265625,12.639684677124023,-179.94602966308594
1610,322.0,6.317724872896784e-05,7.718364477218e-05,0.0017133846144684569,0.005621340778532692,19.99014051854308,-229.5580291748047,12.637494087219238,-179.9557647705078
1611,322.2,0.00028243188161425613,0.0003450470297681367,0.0013990054078008094,0.004589912902129208,19.983989770904223,-231.34298706054688,12.635415077209473,-179.95770263671875
1612,322.4,0.00015739040620211687,0.0001922838592571262,0.0012936648284439546,0.004244307315752064,19.98834021627074,-233.1278076171875,12.633127212524414,-179.95005798339844
1613,322.6,-3.7962483244040107e-06,-4.63787657792438e-06,0.001405917532216726,0.0046125904763979235,19.993887022631814,-234.91322326660156,12.630620956420898,-179.9436798095703
1614,322.8,-7.355541049446655e-05,-8.986264500108978e-05,0.0015678965303446092,0.005144017652615808,19.98742128178899,-236.69924926757812,12.628064155578613,-179.94151306152344
1615,323.0,-4.9163144928029765e-05,-6.006261415857396e-05,0.0016952443296674967,0.00556182540654631,19.981459191240997,-238.4847869873047,12.625542640686035,-179.9431610107422
1616,323.2,-8.998440676564019e-06,-1.0993394974558261e-05,0.0017788333950828415,0.00583606775592359,19.984547708706973,-240.26953125,12.623065948486328,-179.94517517089844
1617,323.4,1.3578187850856994e-05,1.658847209739199e-05,0.0018313825134131352,0.00600847300530635,19.991284769678526,-242.05484008789062,12.62061882019043,-179.94602966308594
1618,323.6,1.908575060011439e-05,2.331706150815975e-05,0.0018873305148457674,0.006192029446326588,19.987570600498408,-243.8408203125,12.618170738220215,-179.946044921875
1619,323.8,-0.00034549833093345866,-0.00042209531090140644,0.00194817920636112,0.006391664267397817,19.987125525847585,-245.6268768310547,12.615715026855469,-179.94544982910156
1620,324.0,1.8373507029672227e-05,2.244691353815056e-05,0.0017831993731801362,0.005850391831504318,19.981210823166077,-247.41207885742188,12.613486289978027,-179.9539794921875
1621,324.2,0.00023735073596089932,0.0002899713941234307,0.00151063460632248,0.004956150441807045,19.98511623846932,-249.1971435546875,12.61136531829834,-179.95712280273438
1622,324.4,0.00017411378370827416,0.00021271480955639853,0.0013861552050910726,0.004547753443070995,19.99054110614273,-250.9827117919922,12.609095573425293,-179.95169067382812
1623,324.6,1.5021000264855265e-05,1.8351156023573677e-05,0.0014412409359030398,0.004728480912148129,19.984700280731293,-252.768798828125,12.606645584106445,-179.94432067871094
1624,324.8,-5.610179251080325e-05,-6.853955991044833e-05,0.0015873348448170624,0.0052077916522696105,19.979379780765317,-254.55458068847656,12.604104995727539,-179.9417724609375
1625,325.0,-4.583455996632687e-05,-5.5996081910861534e-05,0.0017296424652077098,0.005674680185552063,19.98327212732196,-256.3396301269531,12.601569175720215,-179.94296264648438
1626,325.2,-1.3528089096404047e-05,-1.6527266449076825e-05,0.0018263294940187424,0.005991894857156451,19.990504781259943,-258.1252746582031,12.599078178405762,-179.9447784423828
1627,325.4,1.037892166350052e-05,1.2679928596298586e-05,0.0018925114867746943,0.006209027386269888,19.986864689919173,-259.91162109375,12.596616744995117,-179.94590759277344
1628,325.6,-0.0003640889189557095,-0.0004448074322881903,0.0019472084780727127,0.006388479463200079,19.98619026520001,-261.697998046875,12.59416675567627,-179.9458465576172
1629,325.8,3.901492545418324e-05,4.766453442737567e-05,0.00175508232370211,0.0057581442908948306,19.98005851543184,-263.4835205078125,12.591964721679688,-179.95492553710938
1630,326.0,0.00026834639782542764,0.00032783879422332497,0.0014553823579940648,0.004774876655401247,19.984117619031377,-265.2688903808594,12.58987045288086,-179.95779418945312
1631,326.2,0.00017812408360501496,0.00021761419294024677,0.001335217232051807,0.00438063410360485,19.99002204639883,-267.0548095703125,12.58759593963623,-179.9513702392578
1632,326.4,-6.710876830088356e-07,-8.198678223318944e-07,0.0014117569504186291,0.004631748673211455,19.98442282415136,-268.8412780761719,12.585124015808105,-179.9435577392578
1633,326.6,-6.962622434417346e-05,-8.506235828127671e-05,0.0015735617313693728,0.005162604270745893,19.97940148283273,-270.6274108886719,12.582569122314453,-179.94134521484375
1634,326.8,-4.91873022351196e-05,-6.009212714064562e-05,0.0017173470392154169,0.005634340860139508,19.98292304282908,-272.41278076171875,12.580031394958496,-179.9430389404297
1635,327.0,-9.625380671856898e-06,-1.1759327566807572e-05,0.0018068673144267682,0.005928042559863918,19.989941324825917,-274.19879150390625,12.577547073364258,-179.9451141357422
1636,327.2,1.744006283861035e-05,2.130652476993026e-05,0.0018582940858591448,0.006096765568650116,19.98638293094424,-275.9854736328125,12.57509994506836,-179.94622802734375
1637,327.4,-0.00037458416535595095,-0.0004576294748153653,0.0019078135103733382,0.006259230877373263,19.98602701262849,-277.77215576171875,12.572654724121094,-179.9459228515625
1638,327.6,5.264758506028041e-05,6.431955466814458e-05,0.0017056989771950899,0.005596125432340738,19.980159679222556,-279.5580139160156,12.570462226867676,-179.95523071289062
1639,327.8,0.0002830978726785897,0.00034586067105143303,0.0014045967433702754,0.004608257179518935,19.984273604131168,-281.3437194824219,12.568368911743164,-179.95782470703125
1640,328.0,0.00017475064117425577,0.0002134928583225883,0.0012982865998771853,0.004259470608341065,19.990125219272908,-283.1299743652344,12.566080093383789,-179.9508819580078
1641,328.2,-1.5377479588434824e-05,-1.8786666813190825e-05,0.001391552243663075,0.004565460263099563,19.984149292615072,-284.916748046875,12.563591003417969,-179.94296264648438
1642,328.4,-7.778046991072159e-05,-9.502440008992856e-05,0.0015587417831850478,0.005113982391944832,19.979005489572632,-286.7031555175781,12.561028480529785,-179.9412078857422
1643,328.6,-4.867440068722022e-05,-5.946551531957694e-05,0.0016973495242472675,0.005568732213131405,19.982950399417167,-288.48883056640625,12.55849552154541,-179.9432373046875
1644,328.8,-5.102136877632139e-06,-6.233280623403184e-06,0.0017759701919202453,0.005826674044459618,19.990174095001226,-290.275146484375,12.556021690368652,-179.94537353515625
1645,329.0,2.252064977465624e-05,2.751347782969753e-05,0.0018205537008648635,0.005972945403945479,19.986618041945032,-292.0621337890625,12.553580284118652,-179.94642639160156
1646,329.2,1.9882369107638514e-05,2.4290290338801974e-05,0.0018684276812685114,0.006130012273812983,19.98605411027204,-293.8491516113281,12.551138877868652,-179.94590759277344
1647,329.4,-0.00035592776030469385,-0.0004348369447642445,0.0019319941733402096,0.006338563763661494,19.980124519871683,-295.63531494140625,12.548680305480957,-179.9449005126953
1648,329.6,2.0353948107999096e-05,2.4866418403542494e-05,0.0017774149629729862,0.005831414107120292,19.984128883825345,-297.4212951660156,12.546440124511719,-179.95404052734375
1649,329.8,0.0002600330789733587,0.0003176824125817523,0.0015009417442732498,0.004924349712281449,19.990006239787853,-299.2078552246094,12.544321060180664,-179.9579620361328
1650,330.0,0.00015966732159015918,0.00019506556678669748,0.0013620964579603863,0.004468820543134754,19.984260710696834,-300.9949035644531,12.54206371307373,-179.9507293701172
1651,330.2,5.8193601466623745e-06,7.109512291177423e-06,0.0014221062905245857,0.004665703202204682,19.979298974239256,-302.7815856933594,12.539608001708984,-179.9436798095703
1652,330.4,-5.8936471382304344e-05,-7.200268708776122e-05,0.001583152075167796,0.005194068654293512,19.983164715258745,-304.5675964355469,12.537052154541016,-179.941650390625
1653,330.6,-4.254540753562286e-05,-5.197772438627045e-05,0.001724346911601279,0.00565730632145794,19.99023509039704,-306.35418701171875,12.534515380859375,-179.94314575195312
1654,330.8,-4.526513137760259e-06,-5.530041100401708e-06,0.001812271308807997,0.005945772200789629,19.986463350713873,-308.1413879394531,12.532031059265137,-179.94517517089844
1655,331.0,1.157150381630306e-05,1.4136906212377448e-05,0.0018685608020693502,0.006130449021861207,19.98596473917397,-309.9287109375,12.52957820892334,-179.94577026367188
1656,331.2,-0.00037558649506070415,-0.00045885402101566227,0.0019195249394286758,0.006297654202275176,19.980135417098484,-311.71502685546875,12.527132034301758,-179.9451904296875
1657,331.4,4.229916429977089e-05,5.167688902503009e-05,0.0017388282661264525,0.00570481732863831,19.984292550022566,-313.50128173828125,12.524917602539062,-179.95492553710938
1658,331.6,0.0002909425197895124,0.0003554444764268473,0.0014411287116336841,0.004728112722276257,19.990235317699604,-315.28802490234375,12.522819519042969,-179.95855712890625
1659,331.8,0.0001606106112034189,0.00019621798370721686,0.0013067244330255837,0.004287153788847656,19.984369565013026,-317.0753173828125,12.520557403564453,-179.9502410888672
1660,332.0,-1.4099803590955531e-05,-1.7225730047070372e-05,0.001392125328452963,0.00456734046260162,19.979262424864704,-318.8623046875,12.518075942993164,-179.94276428222656
1661,332.2,-7.236569299584139e-05,-8.840916713301943e-05,0.0015662668628231913,0.005138670974224839,19.983135239069,-320.6484680175781,12.515508651733398,-179.9412384033203
1662,332.4,-4.4002068977556316e-05,-5.3757327669880555e-05,0.0017072161795636536,0.0056011031305596174,19.990308698192965,-322.43524169921875,12.512971878051758,-179.94329833984375
1663,332.6,1.2641233382053128e-06,1.5443794822854307e-06,0.0017824973021091624,0.0058480884486518244,19.98660991810037,-324.2226257324219,12.510499954223633,-179.9455108642578
1664,332.8,1.6458719212682208e-05,2.0107617262133855e-05,0.0018307072882605797,0.00600625769961684,19.98604065123159,-326.0102844238281,12.508054733276367,-179.94595336914062
1665,333.0,-0.0003923744451373355,-0.00047936385962428274,0.0018785239656007738,0.006163136567301643,19.980220993411578,-327.79681396484375,12.505611419677734,-179.9451446533203
1666,333.2,5.718429017137338e-05,6.986204730236686e-05,0.0016872141244020345,0.005535479587903171,19.98440499566887,-329.5831604003906,12.50340747833252,-179.95529174804688
1667,333.4,0.00030967853843119137,0.00037833427040138653,0.001388385732681451,0.004555071447210611,19.990287753571057,-331.3700256347656,12.501310348510742,-179.95870971679688
1668,333.6,0.00015926755019228498,0.00019457716606991455,0.0012611312863334175,0.00413756996945413,19.984400766306106,-333.15765380859375,12.499040603637695,-179.94973754882812
1669,333.8,-3.0058899265953446e-05,-3.6722957233215326e-05,0.0013691237461298928,0.004491875951252797,19.979039788378483,-334.94482421875,12.496536254882812,-179.94212341308594
1670,334.0,-7.84991771577338e-05,-9.590244473360338e-05,0.001542239926150598,0.005059842439311928,19.983087699970255,-336.7310791015625,12.49396800994873,-179.9411163330078
1671,334.2,-4.166536917203658e-05,-5.090258151747709e-05,0.0016744015820150536,0.005493443686338268,19.99046735095447,-338.51800537109375,12.491439819335938,-179.94345092773438
1672,334.4,1.2771100513690458e-05,1.5602453497575634e-05,0.0017321483027573855,0.005682901437618541,19.981006147969246,-340.3056640625,12.488985061645508,-179.94590759277344
1673,334.6,2.4144475182710337e-05,2.9497305330717218e-05,0.0017693083042753383,0.0058048174569987005,19.97941956506474,-342.0932312011719,12.486550331115723,-179.94602966308594
1674,334.8,1.024170506359671e-05,1.25122910761961e-05,0.0018147701032370338,0.00595397034550419,19.9704899401105,-343.8791809082031,12.484112739562988,-179.94485473632812
1675,335.0,-0.0003663016516169703,-0.00044751072778045263,0.0019045768180902423,0.006248611807863191,19.978774689479614,-345.66497802734375,12.48162841796875,-179.94447326660156
1676,335.2,-0.001654981311496749,-0.002021890668255578,0.0017547653347807879,0.0057571043009622,19.98968688216714,-347.45166015625,12.479382514953613,-179.9539794921875
1677,335.4,-0.004216410300757594,-0.005151188464435552,0.0011792433624832174,0.003868908793369439,19.99619539019719,-349.2391662597656,12.478394508361816,179.9989013671875
1678,335.6,-0.004341112390722109,-0.0053035370077452,0.00042629373668186726,0.0013986015430553374,19.995992898290023,-351.0272216796875,12.480941772460938,179.87130737304688
1679,335.8,-0.002086280628620233,-0.0025488090439853388,0.0012085814932458955,0.003965162506300864,19.99219654187846,-352.8147277832031,12.488198280334473,179.7132568359375
1680,336.0,-0.00012997699361700531,-0.00015879289310189538,0.002016465137488652,0.0066156994816782685,19.98959527759123,-354.6021423339844,12.498883247375488,179.61102294921875
1681,336.2,0.0005500248575767322,0.0006719653685014937,0.0015476369997937957,0.005077549374403477,19.99053395550198,-356.3892517089844,12.510842323303223,179.58306884765625
1682,336.4,0.0004201706915797505,0.0005133225339029812,0.0011585815829980401,0.00380112080076329,19.994136566725498,-358.1767578125,12.522727012634277,179.594482421875
1683,336.6,0.00011104057102256508,0.00013565826561826776,0.0012087510328604532,0.0039657187386498895,19.98166338098791,-359.9645690917969,12.534172058105469,179.6111297607422
1684,336.8,-0.0003783005055158432,-0.00046216972758870566,0.0015052186533296066,0.0049383815665899064,19.974895729449052,-361.7516784667969,12.545366287231445,179.61773681640625
1685,337.0,-0.00016800260493630024,-0.000205248782450678,0.0016259322806071647,0.005334423663507211,19.983443179221727,-363.53759765625,12.556729316711426,179.61021423339844
1686,337.2,0.00010702220240356878,0.00013074902467643997,0.0015036114175423548,0.004933108483129659,19.99589011071907,-365.3246154785156,12.568343162536621,179.60292053222656
1687,337.4,0.000121830854994257,0.00014884075554648377,0.001478323979751964,0.004850144445729433,20.001982403738655,-367.1127014160156,12.579865455627441,179.60372924804688
1688,337.6,2.6607755245642804e-05,3.250669458360181e-05,0.0015621225671204866,0.005125074203111577,19.99875965763133,-368.90081787109375,12.591279029846191,179.6078338623047
1689,337.8,-1.9892211994473235e-06,-2.4302315393647953e-06,0.0016532758333730037,0.005424133485163485,19.991047310743554,-370.6886291503906,12.60268497467041,179.6090545654297
1690,338.0,-5.049359305856954e-06,-6.16880226396544e-06,0.0017587874808581397,0.005770300318698619,19.98588969383301,-372.47576904296875,12.614069938659668,179.6089324951172
1691,338.2,-9.014433228457196e-06,-1.1012933075206158e-05,0.0018143743256132305,0.005952671862444911,19.991648513469194,-374.2626953125,12.625506401062012,179.60955810546875
1692,338.4,-4.970450276105277e-05,-6.072399102317817e-05,0.0019861917006037755,0.0065163771790088905,19.997917711582065,-376.05029296875,12.636828422546387,179.6107940673828
1693,338.6,-0.00042260881611844934,-0.0005163011906519096,0.002087968219909855,0.006850289654609049,19.99987963290272,-377.8387145996094,12.648225784301758,179.6071319580078
1694,338.8,0.00010481581901189165,0.00012805348608682803,0.001872940026364699,0.006144816556098359,19.996110825565246,-379.6269836425781,12.659939765930176,179.59458923339844
1695,339.0,0.0003886986503974809,0.00047487314119060245,0.0014122559194457052,0.004633385710754247,19.994064857526393,-381.41448974609375,12.671895027160645,179.59255981445312
1696,339.2,0.00020217522185982434,0.0002469974685461474,0.0012483594437428351,0.0040956675974092435,19.994212118113573,-383.2019348144531,12.683551788330078,179.60345458984375
1697,339.4,-3.07932743532264e-05,-3.7620143277336686e-05,0.0013739320146432582,0.004507651110922187,19.99604943478723,-384.98944091796875,12.69491958618164,179.6127166748047
