step,time_sec,steer_norm,steer_rad,cte_m,cte_ft,speed_mph,x,y,yaw
0,0.0,0.002837575676600717,0.003466666204103096,0.0021150106542192223,0.006939011554788593,19.864417071232854,-349.4388122558594,29.980730056762695,-0.0943908542394638
1,0.2,0.0009281808238767766,0.001133958512530258,0.0006552098133207599,0.002149638563935282,19.304937422988935,-347.6824035644531,29.98149871826172,0.01970854587852955
2,0.4,-0.00014088818135682377,-0.00017212309116363162,0.0009498000337780215,0.003116141942820284,18.374004353148706,-346.0016784667969,29.984046936035156,0.07349859923124313
3,0.6,-0.0009082581385684446,-0.0011096189678890687,0.0016922087446720696,0.0055518661378699125,17.82906823612959,-344.3903503417969,29.986949920654297,0.0808216780424118
4,0.8,-0.0003143556457240002,-0.00038404829238101106,0.0019163804479975823,0.0062873376290083875,18.13548702076242,-342.7893981933594,29.989320755004883,0.05976317077875137
5,1.0,0.00014479460996075422,0.00017689557498905343,0.001699101282227697,0.005574479450783917,19.13978566811981,-341.12237548828125,29.9913387298584,0.04553787410259247
6,1.2,0.00023297018102317216,0.0002846196701560094,0.0014565165332473848,0.00477859770293935,19.97292822545457,-339.3653564453125,29.993452072143555,0.04555443301796913
7,1.4,0.00011814480524756986,0.0001443375085709561,0.0014073155625597715,0.0046171771902686004,20.078704017389423,-337.5690612792969,29.995811462402344,0.052448201924562454
8,1.6,2.4138961797011223e-06,2.949056962740861e-06,0.0015495719311510578,0.005083897574597636,19.687625602380688,-335.7903747558594,29.99833869934082,0.05748791992664337
9,1.8,-3.703295590583235e-05,-4.5243162230155376e-05,0.0017611014075523158,0.00577789194195394,19.253994956624396,-334.0519714355469,30.00088119506836,0.0582716166973114
10,2.0,-0.00042535490420651963,-0.0005196560864691051,0.0019327398710138194,0.006341010278416979,19.129685679561103,-332.33929443359375,30.00334930419922,0.05761558562517166
11,2.2,-1.008412482437719e-06,-1.2319775297941613e-06,0.0018085623781964343,0.005933603792881989,19.405727021952245,-330.6179504394531,30.00553321838379,0.046829044818878174
12,2.4,0.00024214084974214203,0.00029582347612997493,0.0015086912724501056,0.004949774674305204,19.839375179743342,-328.8623046875,30.007587432861328,0.043008070439100266
13,2.6,0.00016937586118403281,0.0002069264896085329,0.0013643410597627232,0.0044761847225119325,20.082712661101258,-327.07470703125,30.00984001159668,0.04905325174331665
14,2.8,3.06055653492261e-05,3.739081918714953e-05,0.00141947926836156,0.004657084362811341,20.022879766056768,-325.2795715332031,30.01230239868164,0.05552271381020546
15,3.0,-4.1479025840921715e-05,-5.067492586985406e-05,0.0015831836236916501,0.005194172159952513,19.818112675823336,-323.49822998046875,30.014850616455078,0.05796905979514122
16,3.2,-4.5508214353273574e-05,-5.5597385475394324e-05,0.0017289384441818486,0.005672370405209576,19.66271043293505,-321.7349548339844,30.01736068725586,0.05755497142672539
17,3.4,-1.991595818889789e-05,-2.433132611937655e-05,0.0018425365295156983,0.006045067547496284,19.685922331312593,-319.9775695800781,30.01983070373535,0.05599093437194824
18,3.6,-0.0004055924370106448,-0.0004955122802959048,0.0019263651483441835,0.006320095833293531,19.84488859589997,-318.2107849121094,30.02228355407715,0.054923735558986664
19,3.8,6.548286709018685e-05,8.000041872408128e-05,0.0017187677705258115,0.005639002052251903,19.991322755094043,-316.42864990234375,30.024465560913086,0.044135820120573044
20,4.0,0.0007478258230496261,0.0009136188080197282,0.0010677362739722612,0.0035030718770991537,20.090681378699745,-314.6358642578125,30.02621841430664,0.028980648145079613
21,4.2,0.0004946819190121355,0.0006043529004571259,0.0007358796798540475,0.002414303488852353,20.07432816953909,-312.83929443359375,30.028295516967773,0.04418954253196716
22,4.4,-5.3209812677529084e-05,-6.500642814813729e-05,0.0010060625769165988,0.003300730344851054,19.941086735516016,-311.0507507324219,30.030963897705078,0.06438557058572769
23,4.6,-0.0002515298467721291,-0.0003072940138015101,0.0014754323180175511,0.004840657366244702,19.817175805329516,-309.2742004394531,30.033815383911133,0.06826667487621307
24,4.8,-0.0001590046450839449,-0.00019425597489905548,0.001771419812118947,0.005811744976392326,19.80758151740002,-307.50347900390625,30.03648567199707,0.061443496495485306
25,5.0,-2.6354166642695423e-05,-3.2196885387381e-05,0.001881544474825577,0.0061730463747867465,19.892711787274703,-305.7292785644531,30.03897476196289,0.05459044128656387
26,5.2,3.860274253450605e-05,4.7160970554406045e-05,0.0018799246734938146,0.006167732065785447,20.001690791604638,-303.9457092285156,30.041364669799805,0.052132558077573776
27,5.4,4.428155373190281e-05,5.4098774194265665e-05,0.0018820401126126963,0.006174672483064239,20.047666479787623,-302.15496826171875,30.04376792907715,0.05263039469718933
28,5.6,-0.0003187187310651446,-0.0003893786737422872,0.0019352447190341493,0.006349228283995999,20.006599899074086,-300.3639221191406,30.046222686767578,0.05399268493056297
29,5.8,3.230148549503702e-05,3.946272482928673e-05,0.0017818647018190375,0.005846012988315971,19.939622512998653,-298.578125,30.048463821411133,0.04560385271906853
30,6.0,0.0002282025136333235,0.00027879501090583134,0.0015156798424329084,0.004972703054247583,19.909582176506554,-296.7978210449219,30.05058479309082,0.043253544718027115
31,6.2,0.0001527663711331088,0.000186634675613319,0.001390653809224533,0.004562512643456217,19.932716848344334,-295.0175476074219,30.052846908569336,0.049277737736701965
32,6.4,1.2879477672239992e-05,1.57348578721756e-05,0.001455259190694294,0.004774472563197468,19.97337300954875,-293.23358154296875,30.0553035736084,0.05570637062191963
33,6.6,-4.8882552973186606e-05,-5.971981496734208e-05,0.0016101987643662805,0.005282804514083468,20.006519476506533,-291.44586181640625,30.0578556060791,0.05769415199756622
34,6.8,-3.278966227035022e-05,-4.005913039568687e-05,0.0017491020836649057,0.005738524080171169,20.002659813289412,-289.6575622558594,30.060392379760742,0.056217484176158905
35,7.0,-3.4593224662177426e-06,-4.226254256978216e-06,0.0018288116992793316,0.006000038575463602,19.984584989568067,-287.8706359863281,30.062868118286133,0.054732732474803925
36,7.2,1.25736540216626e-05,1.5361233118265198e-05,0.0018860173220922375,0.006187721071013097,19.967549424001522,-286.0854187011719,30.065319061279297,0.05412989854812622
37,7.4,-0.0003605462395423452,-0.00044047934084888316,0.001951998091145304,0.006404193417353159,19.956008456742868,-284.3010559082031,30.067777633666992,0.05428245663642883
38,7.6,5.202986403206426e-05,6.35648848879729e-05,0.0017737156948244488,0.005819277400207845,19.964249869528544,-282.5166015625,30.069992065429688,0.04444669559597969
39,7.8,0.0002639917051510255,0.0003225186661830079,0.0014724948422572795,0.0048310199782713725,19.986124861371692,-280.73150634765625,30.072084426879883,0.04219347611069679
40,8.0,0.0001634414256390009,0.0001996763897031674,0.001338508697694583,0.0043914328757442955,20.0021482868496,-278.9445495605469,30.0743465423584,0.04932902753353119
41,8.2,2.302805256742523e-06,2.8133371821623404e-06,0.0014285984761483507,0.004687003024486555,19.99384203625958,-277.1568298339844,30.076833724975586,0.05614259093999863
42,8.4,-5.514363108797048e-05,-6.736897410017354e-05,0.0015822690697892953,0.005191171654927511,19.982193424380597,-275.369873046875,30.079383850097656,0.05789065733551979
43,8.6,-3.4273610084141885e-05,-4.187206943979614e-05,0.0017278837223142496,0.005668910031517482,19.96923968199739,-273.5848693847656,30.081918716430664,0.056173741817474365
44,8.8,-1.7154491494644335e-06,-2.0957642259006985e-06,0.0018012483593470275,0.005909607667280102,19.97519856265849,-271.8003234863281,30.08438491821289,0.054638370871543884
45,9.0,1.4914827594501062e-05,1.8221444872201947e-05,0.001852199982070507,0.006076771789176203,19.988911453024112,-270.01470947265625,30.086830139160156,0.054087135940790176
46,9.2,-0.00038264528746384904,-0.00046747774769458436,0.0019169781819301634,0.006289298698403757,19.988626583122173,-268.22802734375,30.089290618896484,0.05456658452749252
47,9.4,6.21601909034398e-05,7.594110522673241e-05,0.0017318939355078595,0.005682066899371606,19.984420859752415,-266.44134521484375,30.091501235961914,0.044139664620161057
48,9.6,0.00028691592809812754,0.0003505251893574824,0.0014147685229708754,0.004641629160903767,19.98434771000201,-264.65576171875,30.093578338623047,0.04192882403731346
49,9.8,0.00016886053209356965,0.00020629691205871405,0.0012786773878659206,0.004195135921206026,19.987537155836197,-262.87005615234375,30.095836639404297,0.049754563719034195
50,10.0,-1.2306849312121425e-05,-1.5035277804618745e-05,0.0013919576596568843,0.004566790368108692,19.982611709160608,-261.083984375,30.098344802856445,0.05702000856399536
51,10.2,-6.893433582573192e-05,-8.421707807829669e-05,0.001562417419044499,0.005126041565097954,19.983974658609313,-259.2978820800781,30.100910186767578,0.058464281260967255
52,10.4,-3.723237321993688e-05,-4.548679036279689e-05,0.0017033007865644321,0.005588257352592051,19.981312606367684,-257.5124816894531,30.103445053100586,0.05624527111649513
53,10.6,1.1480725675088673e-06,1.4026002557255831e-06,0.0017717254311678332,0.005812747663592674,19.987354775260904,-255.7270965576172,30.105907440185547,0.05449803173542023
54,10.8,1.7663836753102032e-05,2.1579909361264754e-05,0.0018241342813722916,0.005984692715697469,19.992862040638354,-253.94114685058594,30.108354568481445,0.05394652113318443
55,11.0,1.6086118844879004e-05,1.9652411392788678e-05,0.00188757801359748,0.006192841450131156,19.984376745453797,-252.15489196777344,30.11081314086914,0.0542038232088089
56,11.2,-0.0003362770483936977,-0.0004108296700225805,0.001961233659569389,0.006434493839661634,19.978037742049416,-250.369140625,30.11328125,0.05425713211297989
57,11.4,2.5180579258208067e-05,3.0763113679752796e-05,0.0017997695659470673,0.005904755982741776,19.982082936168823,-248.5844268798828,30.11551284790039,0.0456388033926487
58,11.6,0.00024634712075660947,0.0003009622774283498,0.0015000967153155865,0.004921577307475989,19.99075086764076,-246.79905700683594,30.11760711669922,0.04273635894060135
59,11.8,0.00015679131388856684,0.00019155194817766213,0.0013748767824360141,0.004510750742887372,19.9884762583266,-245.01292419433594,30.119876861572266,0.04931609705090523
60,12.0,1.160121010779292e-05,1.417319838869061e-05,0.0014442272945835916,0.004738278677161631,19.987713961952633,-243.226806640625,30.12234115600586,0.05588938668370247
61,12.2,-4.452477111521208e-05,-5.43959128714546e-05,0.001600757577564862,0.005251829490777902,19.98096228713637,-241.44171142578125,30.12489128112793,0.057580266147851944
62,12.4,-3.143566993591386e-05,-3.840495796070596e-05,0.0017196121009921722,0.005641772165419158,19.98453303771558,-239.65695190429688,30.127403259277344,0.056519605219364166
63,12.6,-5.568017979063453e-06,-6.80244756502182e-06,0.001805346087680148,0.005923051658304537,19.99091647406029,-237.87167358398438,30.1298828125,0.05513883754611015
64,12.8,2.1559092362780123e-06,2.6338743139608477e-06,0.001888497548294135,0.00619585829634533,19.984622032899225,-236.0858917236328,30.132360458374023,0.05469970405101776
65,13.0,-0.00035681791752714903,-0.000435924449842918,0.0019510978522708955,0.0064012398776444445,19.98009303066935,-234.30043029785156,30.134817123413086,0.05415257811546326
66,13.2,4.5763635554045605e-05,5.5909433556377516e-05,0.001761385161964755,0.005778822894780447,19.98414980904311,-232.5159912109375,30.137020111083984,0.04489617049694061
67,13.4,0.00026888435309493653,0.000328496014176084,0.001450704561737569,0.0047595295543310856,19.991410912497397,-230.73095703125,30.139102935791016,0.042338304221630096
68,13.6,0.00015881349205553092,0.00019402244324424214,0.0013299131219269137,0.004363232166942696,19.987780850414286,-228.94528198242188,30.141376495361328,0.04966544359922409
69,13.8,-1.8035286716080234e-06,-2.203370978103522e-06,0.001419113982886143,0.004655885919612173,19.986644478231266,-227.1597442626953,30.14385986328125,0.056539181619882584
70,14.0,-5.5192135637864035e-05,-6.742823210877849e-05,0.001586040918781975,0.005203546487976655,19.980522789141943,-225.37527465820312,30.146419525146484,0.05787797272205353
71,14.2,-3.3671532132993685e-05,-4.1136510806878384e-05,0.00170478467748702,0.005593125761286515,19.984917124044546,-223.59103393554688,30.1489315032959,0.05641563981771469
72,14.4,-1.5952494534548913e-06,-1.9489162572858407e-06,0.0017861554465822332,0.0058600902353648536,19.991771110822672,-221.80616760253906,30.15140151977539,0.054846376180648804
73,14.6,1.1579241265008482e-05,1.4146359053460862e-05,0.0018431564696509556,0.006047101471889641,19.990982164776174,-220.0207977294922,30.153852462768555,0.0544087179005146
74,14.8,-0.00036338881194970454,-0.00044395211155895403,0.0019003007125406065,0.006234582589731723,19.988525241354985,-218.23553466796875,30.15630340576172,0.05431100353598595
75,15.0,5.6408060449003366e-05,6.891372745054741e-05,0.0017084213680994501,0.0056050571613153995,19.9892128537163,-216.45089721679688,30.158504486083984,0.044850319623947144
76,15.2,0.00027881516935358115,0.00034062849239927006,0.0014036198159715534,0.004605052037032111,19.991984115441625,-214.6659698486328,30.160593032836914,0.042475078254938126
77,15.4,0.00016284721130437976,0.00019895043805056076,0.0012777815145621559,0.004192196704236103,19.99467469032884,-212.88079833984375,30.162860870361328,0.050064440816640854
78,15.6,-6.534446242283025e-06,-7.983132974197173e-06,0.001371103968974027,0.004498372745568746,19.996228267921683,-211.09548950195312,30.165348052978516,0.05712158977985382
79,15.8,-6.42291089664479e-05,-7.84687024243094e-05,0.0015368865981526393,0.005042279026683105,19.996379504585565,-209.31016540527344,30.16790771484375,0.05866464599967003
80,16.0,-4.088015347655454e-05,-4.994328350230668e-05,0.0016721487729399061,0.005486052580212161,19.995921393270752,-207.5248565673828,30.17043685913086,0.05690898001194
81,16.2,1.2264756610254075e-05,1.4983853150747403e-05,0.0017330463297426674,0.005685847720472933,19.9953521657145,-205.7395477294922,30.17289161682129,0.054451219737529755
82,16.4,2.8304202633965246e-05,3.457924435791534e-05,0.0017805924581181486,0.005841838960292347,19.995850521555493,-203.95423889160156,30.17533302307129,0.05393167585134506
83,16.6,-0.0003699436630273469,-0.00045196017312050974,0.0018393576082841256,0.0060346380155628905,19.99759585638024,-202.16876220703125,30.177785873413086,0.05463101714849472
84,16.8,6.260903212145214e-05,7.648945454277808e-05,0.0016480557124239576,0.005407007103549017,19.999028809909383,-200.3831329345703,30.179988861083984,0.0451100654900074
85,17.0,0.0002853289028799298,0.00034858632064841023,0.001351864357314757,0.004435250658052547,19.999554837145656,-198.59751892089844,30.182086944580078,0.04284311830997467
86,17.2,0.00015373982285494695,0.0001878239415818887,0.0012501931453581595,0.004101683679016864,19.999143564236235,-196.8118896484375,30.18437957763672,0.05064240097999573
87,17.4,-1.9751581607537946e-05,-2.4130507249929107e-05,0.0013602520625708905,0.00446276937696508,19.998389779281748,-195.02626037597656,30.1868839263916,0.05751205235719681
88,17.6,-6.888469070980016e-05,-8.415642664016285e-05,0.0015256445003853443,0.005005395502644253,19.998285889936767,-193.2406463623047,30.189443588256836,0.05862830579280853
89,17.8,-3.720424907815963e-05,-4.545243109878763e-05,0.0016528695398617217,0.005422800501159931,19.99877162054023,-191.45501708984375,30.191965103149414,0.05659151449799538
90,18.0,4.177347731010473e-07,5.103465722975495e-07,0.0017266888656289774,0.005664989897910175,19.99940625387482,-189.6693878173828,30.194433212280273,0.0548245869576931
91,18.2,1.6784173945391562e-05,2.0505225309084874e-05,0.0017776200283780388,0.0058320868939038045,20.00002512478319,-187.88375854492188,30.19687843322754,0.054305046796798706
92,18.4,1.6267483785604983e-05,1.9873984940873606e-05,0.0018304789980197011,0.006005508715862956,19.99989788450414,-186.09814453125,30.199325561523438,0.0546177513897419
93,18.6,-0.0003537354321143415,-0.00043215857741409097,0.0019023909768687741,0.0062414404125501486,19.99962516689357,-184.31251525878906,30.201791763305664,0.05511380732059479
94,18.8,3.5353567946388905e-05,4.319145396010333e-05,0.0017339772440268016,0.0056889019012928916,19.999291272043457,-182.52688598632812,30.204017639160156,0.045862436294555664
95,19.0,0.000253747197626834,0.0003100029513407031,0.0014473284622319072,0.00474845311202893,19.99934406596297,-180.74127197265625,30.206125259399414,0.043057315051555634
96,19.2,0.00016079921171962367,0.00019644839695786426,0.0013189690146717754,0.004327326302095748,19.99971401853487,-178.9556427001953,30.208391189575195,0.04977959021925926
97,19.4,6.1527044859153034e-06,7.516759070442726e-06,0.0014004177458877716,0.004594546557418437,20.000024441206588,-177.17001342773438,30.210866928100586,0.05648859590291977
98,19.6,-5.5225783201031055e-05,-6.746933933669964e-05,0.0015543251644682826,0.00509949217259412,19.999998557307663,-175.38438415527344,30.213415145874023,0.05836300924420357
99,19.8,-8.0125961046566e-05,-9.788988661058968e-05,0.0017265259178411776,0.0056644552922900495,20.000055027527942,-173.59877014160156,30.21598243713379,0.05857286974787712
100,20.0,-4.659803371811854e-05,-5.692881779342542e-05,0.0018564793763500283,0.006090811797104227,19.999817586620182,-171.81314086914062,30.218502044677734,0.05644652619957924
101,20.2,-1.4503426966121035e-06,-1.771883672451007e-06,0.0019169472736900038,0.006289197293413112,19.999701054530973,-170.0275115966797,30.220956802368164,0.05430501699447632
102,20.4,-0.0003673029432827346,-0.00044873400580851687,0.0019488254272316545,0.0063937844146787015,19.999822564513977,-168.2418975830078,30.2233829498291,0.053646255284547806
103,20.6,7.644950410163457e-05,9.339835916096695e-05,0.0017250986337623774,0.005659772601592958,19.999993334971617,-166.45626831054688,30.225553512573242,0.043837014585733414
104,20.8,0.0006992407321427731,0.0008542624024588259,0.0011008085275002722,0.003611576649363993,20.000221542106374,-164.67062377929688,30.227323532104492,0.030294695869088173
105,21.0,0.00046920343015867665,0.0005732258306248553,0.0007758053080589678,0.002545293086892184,20.000151041390456,-162.88485717773438,30.229393005371094,0.04455587640404701
106,21.2,-3.922519512059736e-05,-4.792142087883379e-05,0.0010210636962826511,0.003349946617311973,19.99995385427462,-161.0990753173828,30.232032775878906,0.06373847275972366
107,21.4,-0.0002303391636517732,-0.00028140535623337134,0.0014570743367604752,0.004780427767017237,19.999722471582707,-159.31329345703125,30.23486328125,0.06780491769313812
108,21.6,-0.0001526047208882164,-0.00018643718750913397,0.0017519413052927643,0.005747839112056713,19.99982577523413,-157.5275115966797,30.237552642822266,0.06154705211520195
109,21.8,-2.8628719286294186e-05,-3.497570635206561e-05,0.001857980928924946,0.00609573815085412,20.00003631751876,-155.74172973632812,30.240053176879883,0.05507413670420647
110,22.0,3.3307740595372624e-05,4.069206668536674e-05,0.001876282594320714,0.006155782986751171,20.00016038799004,-153.95594787597656,30.24246597290039,0.05251436308026314
111,22.2,-0.00034087830850042396,-0.00041645102949496797,0.0018793254843710186,0.0061657662221438125,20.000103371725938,-152.170166015625,30.244863510131836,0.052873700857162476
112,22.4,8.452304136067178e-05,0.00010326179963033272,0.001657301438075741,0.005437340850096414,20.000019415737547,-150.38438415527344,30.24703598022461,0.04413439705967903
113,22.6,0.0002890236064472397,0.00035310013999659273,0.0013475394335440496,0.0044210612751486595,19.99999447211732,-148.59860229492188,30.249120712280273,0.042770933359861374
114,22.8,0.00014780253733822436,0.00018057035986610871,0.0012475855900124775,0.0040931287071365365,19.99992653200906,-146.8128204345703,30.251415252685547,0.05093866214156151
115,23.0,-2.5656245270174372e-05,-3.134423484657203e-05,0.0013650692951537565,0.00447857394631225,20.000009440210608,-145.02703857421875,30.25392723083496,0.057710200548172
116,23.2,-7.038705601580109e-05,-8.599186633450419e-05,0.0015321447664532624,0.005026721835570521,20.000036578805343,-143.2412567138672,30.256488800048828,0.05861185863614082
117,23.4,-3.625504720073166e-05,-4.429279116513387e-05,0.0016572366530073833,0.005437128300652743,20.000050679377917,-141.45547485351562,30.259008407592773,0.05648805573582649
118,23.6,2.030302963482503e-06,2.480421130486574e-06,0.0017308513790304557,0.005678646438378281,20.00002300621087,-139.66969299316406,30.261476516723633,0.05468832701444626
119,23.8,1.7972774368993075e-05,2.195733844659884e-05,0.0017796705951171501,0.005838814475284151,19.999986813327627,-137.8839111328125,30.263919830322266,0.05421531945466995
120,24.0,1.677894729475856e-05,2.0498839910006534e-05,0.0018323045050402105,0.006011497912316124,19.999942902405337,-136.09812927246094,30.266366958618164,0.054566916078329086
121,24.2,-0.000354355427315057,-0.0004329160255508051,0.001905919231063283,0.006253016050041661,20.000074424682875,-134.31234741210938,30.268835067749023,0.0550689771771431
122,24.4,2.7700728660931695e-05,3.384198020506025e-05,0.0017293850711625374,0.005673835716872899,20.029588221317795,-132.52635192871094,30.271053314208984,0.046235229820013046
123,24.6,0.000238308178320484,0.0002911411014541353,0.0014480946198799352,0.0047509667526868865,20.04185485567003,-130.73904418945312,30.273168563842773,0.04367944970726967
124,24.8,0.00017803002903915747,0.00021749928647713868,0.0013098814191817114,0.004297511355308126,20.030756643419636,-128.94891357421875,30.27543067932129,0.049135614186525345
125,25.0,1.909830242601512e-05,2.3332396073862675e-05,0.0013783492591895941,0.004522143383519588,20.007769733232735,-127.16073608398438,30.277896881103516,0.056156858801841736
126,25.2,-5.5465178665309474e-05,-6.776180877540859e-05,0.0015388017045746714,0.005048562184436765,19.995376202079605,-125.37428283691406,30.280452728271484,0.05852864682674408
127,25.4,-4.857081303937216e-05,-5.933896229020097e-05,0.0019756446374562895,0.006481773952352093,19.98404475914566,-123.58829498291016,30.28328514099121,0.053656335920095444
128,25.6,0.0005105463487663932,0.0006237344742879026,0.0010383561727126379,0.0034066804656825308,20.017294160653506,-121.80191802978516,30.284738540649414,0.03643359616398811
129,25.8,1.827950217288222e-05,2.2332067804610206e-05,0.0009487108821099434,0.0031125686104615867,20.03512795441203,-120.01528930664062,30.287044525146484,0.06457927823066711
130,26.0,-0.0005341097442194779,-0.0006525218745129361,0.0012233677614875227,0.004013673886598724,20.057041593398882,-118.22581481933594,30.289718627929688,0.07292021811008453
131,26.2,-0.00066941282535603,-0.0008178216487374619,0.002133124583981237,0.006998440460109002,20.115232062718295,-116.43488311767578,30.29302978515625,0.06487838923931122
132,26.4,0.0004675721567951985,0.000571232903956694,0.0012797229197908891,0.004198566144166741,20.031901373351737,-114.64337921142578,30.294578552246094,0.03680185228586197
133,26.6,0.000441758134057806,0.0005396959123784216,0.0007601828552850933,0.0024940383189335454,20.094688107542503,-112.84909057617188,30.296464920043945,0.04605488479137421
134,26.8,-0.0004750805707411059,-0.0005804059332744091,0.0018832550681461664,0.006178658557776669,20.089208593686404,-111.05792999267578,30.299989700317383,0.07060644775629044
135,27.0,-0.00033013671416518296,-0.000403328023695604,0.0021942317609344227,0.0071989233305440915,19.998114283952717,-109.26283264160156,30.30270767211914,0.06186462938785553
136,27.2,-7.590437580893109e-05,-9.273237592577111e-05,0.002395434130731566,0.00785903611346935,19.97512219918476,-107.47689819335938,30.3053035736084,0.0487799234688282
137,27.4,8.569954599063174e-05,0.0001046991353367548,0.0023269844859602766,0.007634463780917914,20.000674797160823,-105.6904296875,30.30763053894043,0.0428287535905838
138,27.6,0.00010662142000849685,0.0001302593888243806,0.0022370107443742274,0.00733927433057274,20.03865778897021,-103.90071105957031,30.309940338134766,0.0438651368021965
139,27.8,6.347832362799942e-05,7.755146797632688e-05,0.0022389977629566635,0.00734579342061874,20.054795636936372,-102.10845184326172,30.312345504760742,0.04720546677708626
140,28.0,-0.00041257466995455177,-0.0005040424742834759,0.002321185421987665,0.007615437979874012,20.03999779688307,-100.3162612915039,30.314830780029297,0.049703799188137054
141,28.2,2.0246762195344975e-05,2.4735469374052957e-05,0.0021526082027861237,0.007062363096028826,20.010620207837015,-98.5262451171875,30.317062377929688,0.03930399939417839
142,28.4,0.0002939927751274544,0.000359170973373211,0.0018250945904987618,0.0059878433362919575,19.990383083945726,-96.73860931396484,30.31913185119629,0.03531155735254288
143,28.6,0.0001960162627250194,0.0002394730681711562,0.0016837361033737364,0.005524068757392689,19.990696314237795,-94.95182037353516,30.321386337280273,0.04269029200077057
144,28.8,2.003317949781621e-05,2.4474535392482064e-05,0.0017663499226824686,0.00579511148033355,20.00512983070741,-93.16421508789062,30.32386589050293,0.05056627094745636
145,29.0,-5.757863254470622e-05,-7.034381537986759e-05,0.001952067387303327,0.006404420766960247,20.01843247105736,-91.37527465820312,30.32645034790039,0.05306096747517586
146,29.2,-6.785556359043283e-05,-8.289914203843179e-05,0.002222725433074775,0.0072924065098490445,20.022312078390392,-89.58566284179688,30.329120635986328,0.051486384123563766
147,29.4,0.0001400497153505633,0.00017109873724378317,0.0021008792131889126,0.006892648557798712,20.016968888147076,-87.79635620117188,30.331398010253906,0.043267447501420975
148,29.6,0.00016846693483194954,0.00020581605428419275,0.0019608188430467926,0.006433132893021639,20.006468907884155,-86.0076904296875,30.333656311035156,0.04407008737325668
149,29.8,-0.00011755625107012657,-0.00014361847193237364,0.0016898574046674865,0.005544151767529276,20.000048632108616,-84.21955108642578,30.335783004760742,0.049199339002370834
150,30.0,8.378135551075272e-05,0.00010235568202748659,0.0014626783279575166,0.0047988135654961385,19.999471709111372,-82.43172454833984,30.33795166015625,0.04791851341724396
151,30.2,0.00017473131988445466,0.00021346925350283825,0.0012591539884216148,0.0041310827713731705,20.003882642653124,-80.64372253417969,30.34014320373535,0.048994384706020355
152,30.4,8.80954738290692e-05,0.00010762624037697385,0.001203354472257446,0.0039480134867611195,20.008070040975404,-78.85530853271484,30.342485427856445,0.054342515766620636
153,30.6,-8.69648950322587e-06,-1.0624501226091045e-05,0.0012769681068878571,0.004189528043801957,20.00845335232533,-77.06668090820312,30.34495735168457,0.05845244973897934
154,30.8,-3.8095762731921195e-05,-4.6541593329588125e-05,0.001394666112115305,0.004575676367272377,20.005007157087462,-75.27821350097656,30.34747314453125,0.059206292033195496
155,31.0,-2.7070532586249516e-05,-3.307206966062103e-05,0.00146513967031772,0.004806888835965188,20.005923379963527,-73.49009704589844,30.34994125366211,0.058814723044633865
156,31.2,-5.128266213039351e-05,-6.265202832470175e-05,0.0015825922303380551,0.005192231892982305,20.00474027759528,-71.70211029052734,30.352455139160156,0.05954638123512268
157,31.4,-3.760997675732156e-05,-4.5948108604419757e-05,0.0017379045449234989,0.005701786747166812,20.006591471448512,-69.91364288330078,30.35501480102539,0.05785725638270378
158,31.6,-1.8134953275062386e-05,-2.2155472416143718e-05,0.0018703646267556608,0.006136367082045042,20.005237674293603,-68.12516784667969,30.357540130615234,0.056253254413604736
159,31.8,-0.000377433832428002,-0.00046111091307729003,0.0019635223099795235,0.00644200253547322,20.0032410976434,-66.3368911743164,30.360031127929688,0.05524827167391777
160,32.0,3.254144002679064e-05,3.9755877280730124e-05,0.0017821927772283253,0.0058470893512417785,20.002112230861552,-64.54874420166016,30.362247467041016,0.04533722624182701
161,32.2,0.0002538446994996166,0.0003101220693786816,0.001503738110549286,0.004933524142614519,20.001179246090505,-62.760711669921875,30.36436653137207,0.04222121462225914
162,32.4,0.00015583432061216435,0.0001903827894918812,0.0014084418434061772,0.004620872337520722,20.000769196995503,-60.972713470458984,30.366668701171875,0.04870898276567459
163,32.6,2.5325766052226823e-05,3.094048838600551e-05,0.0014446400252558598,0.004739632780460435,20.002826835026482,-59.18463134765625,30.369102478027344,0.05503199249505997
164,32.8,-3.220046503628588e-05,-3.9339308134830454e-05,0.0015665306306015037,0.005139536354102638,20.00332881219929,-57.39645004272461,30.37162208557129,0.05718301609158516
165,33.0,-2.949847591713679e-05,-3.6038288027966017e-05,0.0016922626712282379,0.0055520430622724515,20.0025368815655,-55.60828399658203,30.3741455078125,0.05651305615901947
166,33.2,0.0004910180766688385,0.0005998767842663199,0.0017742667025992366,0.005821085168555679,20.001016416517693,-53.820228576660156,30.376625061035156,0.05535343289375305
167,33.4,0.0013020242940846708,0.0015906830800832424,0.0031326726591747642,0.010277797767126933,19.999965347161172,-52.03230285644531,30.37942886352539,0.0677870661020279
168,33.6,0.0012486275062798644,0.0015254482244221102,0.0026389786543151287,0.008658066728223246,20.00000793471258,-50.24441146850586,30.383302688598633,0.10678119212388992
169,33.8,0.0010092462236918384,0.001232996111484319,0.002345373181808449,0.0076947941498044315,20.00044703799815,-48.456512451171875,30.388566970825195,0.15309326350688934
170,34.0,0.00031889122668186877,0.0003895894116372391,0.001616041762913913,0.005301974457438482,20.000884460222835,-46.66852951049805,30.395097732543945,0.19309408962726593
171,34.2,-0.00011157066948991616,-0.00013630588691583058,0.00160289959177004,0.005258857096662818,20.000585739487807,-44.88055419921875,30.40234375,0.21252699196338654
172,34.4,-0.00013607111574361896,-0.00016623808210397927,0.0017279741714689547,0.005669206780722205,20.000363022215197,-43.0926513671875,30.40972900390625,0.21343521773815155
173,34.6,-1.2616311419133854e-05,-1.541334766075583e-05,0.0017537084033896159,0.005753636678176788,19.99999271695499,-41.30475616455078,30.41701316833496,0.20883570611476898
174,34.8,5.806124489370675e-05,7.093342288664154e-05,0.0017204463327102001,0.005644509146208933,19.99994429344674,-39.516868591308594,30.424240112304688,0.2069207727909088
175,35.0,5.5714327368506376e-05,6.806619374610424e-05,0.0017075966095304214,0.005602351260411788,20.000042429567955,-37.72897720336914,30.431488037109375,0.20812353491783142
176,35.2,2.573538721685038e-05,3.144092256282611e-05,0.0017530419479102062,0.005751450144381721,20.00022993129026,-35.94108963012695,30.438791275024414,0.21006636321544647
177,35.4,3.5870907355075687e-06,4.3823487515695965e-06,0.001833279286891093,0.006014696015603773,20.00034479221793,-34.1531982421875,30.44613265991211,0.211250439286232
178,35.6,-0.0003751511309520746,-0.00045832213668414956,0.0019352219891995127,0.006349153711045329,20.000202011654412,-32.36530685424805,30.453493118286133,0.21156208217144012
179,35.8,2.2640157148812345e-05,2.765947998870404e-05,0.0017771785654740343,0.00583063852474983,20.000093317875365,-30.577415466308594,30.460594177246094,0.20169062912464142
180,36.0,0.00025481091436799225,0.0003113024940833761,0.0014864137793985596,0.0048766857840019705,19.9999476480982,-28.789525985717773,30.46756362915039,0.19828282296657562
181,36.2,0.00017282191272961257,0.00021113653078176767,0.0013370557797964568,0.004386666084587407,19.99992078755326,-27.001657485961914,30.474674224853516,0.204860121011734
182,36.4,1.3094279738412658e-05,1.5997281556418743e-05,0.001410389389622043,0.004627261925047583,19.99999520283664,-25.213769912719727,30.482006072998047,0.21192850172519684
183,36.6,-5.5940933121834965e-05,-6.834303799494578e-05,0.0015752467995552946,0.005168132709852993,20.000226980783346,-23.425878524780273,30.489431381225586,0.21407397091388702
184,36.8,-4.221394438352005e-05,-5.1572775853346446e-05,0.0017138467958192878,0.005622857121595752,20.000191780484997,-21.63798713684082,30.496828079223633,0.2127610594034195
185,37.0,-9.149386707988324e-06,-1.1177805741149336e-05,0.001802641258238709,0.005914177545679886,20.000075944540335,-19.85009765625,30.50417709350586,0.21096177399158478
186,37.2,1.0298990036092618e-05,1.2582276127094352e-05,0.0018620427580322237,0.0061090643622624405,19.999959573348892,-18.062219619750977,30.511497497558594,0.21013954281806946
187,37.4,-0.0003695416015921725,-0.00045146897466515713,0.001924001981213359,0.006312342660044037,19.999994779874854,-16.27434730529785,30.518817901611328,0.21013954281806946
188,37.6,5.038114016036359e-05,6.15506389339162e-05,0.0017297827266211335,0.005675140360807679,20.006364637365255,-14.486494064331055,30.525882720947266,0.20064374804496765
189,37.8,0.0002789254199594081,0.00034076318556440884,0.0014233062725637628,0.004669640151278096,20.007400041888232,-12.698494911193848,30.5328369140625,0.1979834884405136
190,38.0,0.00016752259329247326,0.00020466235222541457,0.0013011947503526332,0.004269011784746933,20.010142901730756,-10.909804344177246,30.53997802734375,0.20533008873462677
191,38.2,-3.8136149675448327e-06,-4.659093405849522e-06,0.0013922001870833537,0.00456758606179055,20.005679524877863,-9.121116638183594,30.547330856323242,0.21250632405281067
192,38.4,-6.66294638123234e-05,-8.14012159395155e-05,0.0015540036711289592,0.005098437404386735,20.01511540241494,-7.332921028137207,30.55475425720215,0.21434399485588074
193,38.6,-4.401348956958641e-05,-5.3771280207163717e-05,0.0016929587137932166,0.0055543266665613366,20.01476325812339,-5.544669151306152,30.562152862548828,0.21260705590248108
194,38.8,-2.5447438723166928e-06,-3.1089135888093037e-06,0.0017739580711533028,0.005820072598162602,20.020894343136646,-3.7548606395721436,30.569501876831055,0.2104972004890442
195,39.0,1.673309432407861e-05,2.044282133572684e-05,0.0018223614779875124,0.00597887643144055,20.01402578144068,-1.965187668800354,30.576818466186523,0.20982486009597778
196,39.2,1.619558604874343e-05,1.9786147475749847e-05,0.001869610018126831,0.006133891331871233,20.02100077310731,-0.17629027366638184,30.58412742614746,0.21020765602588654
197,39.4,-0.0003603031919174876,-0.00044018240956559466,0.0019395227591348639,0.006363263849080027,20.020036521201746,1.6124913692474365,30.591461181640625,0.2112540304660797
198,39.6,4.290792267226434e-05,5.2420609128705344e-05,0.0017636542251749793,0.005786267328123079,20.022156070452976,3.402756929397583,30.598554611206055,0.2012595236301422
199,39.8,0.0002549115651181148,0.0003114254591048009,0.0014759587849859073,0.004842384620133164,20.01496159756535,5.192569255828857,30.605533599853516,0.19853757321834564
200,40.0,0.00016023095143172453,0.00019575415336413787,0.0013423163851848676,0.004403925289169921,20.024114331485666,6.981689929962158,30.6126651763916,0.20539264380931854
201,40.2,-8.346459352817396e-07,-1.0196869391337013e-06,0.0014194595373618131,0.004657019628558131,20.02846444135486,8.771027565002441,30.62000846862793,0.21252618730068207
202,40.4,-4.728431715545419e-05,-5.776725026881839e-05,0.0015655631801331114,0.005136362303907917,20.02410600118306,10.561721801757812,30.627424240112305,0.21384845674037933
203,40.6,-3.668478336517548e-05,-4.4817799837234884e-05,0.001693702339319089,0.00555676638293164,20.01401100078196,12.351557731628418,30.63482093811035,0.21275867521762848
204,40.8,-6.846059000689397e-06,-8.363830281142236e-06,0.001787938380984432,0.0058659397578689635,20.01485540863322,14.14056396484375,30.64217758178711,0.21108481287956238
205,41.0,5.246950340282236e-06,6.410199230722808e-06,0.0018546783020869507,0.006084902760618951,20.01810510326956,15.929652214050293,30.64950942993164,0.21055714786052704
206,41.2,-0.0003693085839867863,-0.0004511842970566568,0.0019147584682940354,0.006282016173117803,20.016913473838024,17.719446182250977,30.656837463378906,0.21038059890270233
207,41.4,5.096827688346011e-05,6.226794386852322e-05,0.0017268748604382794,0.0056656001171203245,20.0128799505702,19.50893783569336,30.663915634155273,0.20068654417991638
208,41.6,0.00027708497802591745,0.0003385147176542633,0.0014228740011197963,0.004668221937833872,20.008816587619684,21.29804229736328,30.670875549316406,0.19807636737823486
209,41.8,0.00016262913289606914,0.00019868401165912768,0.0013022602691283313,0.0042725075813669945,20.00724330429541,23.086835861206055,30.67801856994629,0.20553629100322723
210,42.0,-5.884056491006986e-06,-7.1885518150632356e-06,0.001397071692366348,0.004583568691183209,20.00705188735377,24.875526428222656,30.685375213623047,0.21257419884204865
211,42.2,-6.509676408381773e-05,-7.952871668120012e-05,0.0015622885031186954,0.00512561861257194,20.00803846416657,26.664323806762695,30.69280433654785,0.21417228877544403
212,42.4,-4.099658239579969e-05,-5.008552471294848e-05,0.0016926166788860438,0.005553204504756488,20.007381813293083,28.453170776367188,30.700199127197266,0.2124396711587906
213,42.6,-3.4826896667821635e-06,-4.254801965907769e-06,0.0017745205713035764,0.005821918071155625,20.005651848157466,30.241901397705078,30.707542419433594,0.21057824790477753
214,42.8,1.5491966204422176e-05,1.8926535111942575e-05,0.0018224553484596168,0.005979184405440249,20.00374679548491,32.03045654296875,30.714853286743164,0.20991918444633484
215,43.0,1.5561537477601592e-05,1.9011530336385865e-05,0.0018795596058981132,0.006166534337414766,20.002610574983567,33.81887435913086,30.7221736907959,0.21013861894607544
216,43.2,-0.00034564391232643995,-0.00042227316768921167,0.001950966659492871,0.006400809455130591,20.002389213369742,35.607234954833984,30.72950553894043,0.2105918973684311
217,43.4,2.3471440395327796e-05,2.867505873097197e-05,0.001792901514535658,0.005882223004949168,20.00267710167857,37.39560317993164,30.736608505249023,0.20158763229846954
218,43.6,0.0002442279339583453,0.00029837326691691045,0.0015061393052739668,0.004941402078315041,20.00282944316058,39.18400192260742,30.74358367919922,0.19851529598236084
219,43.8,0.00016495530901350407,0.00020152590102179792,0.0013712866566878595,0.004498972114727797,20.002523507555892,40.97239303588867,30.750709533691406,0.2048075795173645
220,44.0,1.5084773004096402e-05,1.8429067179104574e-05,0.001439187655790536,0.004721744428623822,20.001860959885942,42.7607307434082,30.758039474487305,0.2115471363067627
221,44.2,-4.898331023867511e-05,-5.9842910118589386e-05,0.0015853220847501398,0.005201188108531649,20.001049572965904,44.54899978637695,30.76544761657715,0.21373237669467926
222,44.4,-3.940474725940246e-05,-4.814077972681198e-05,0.0017246017466042685,0.005658142394329148,20.000643213170985,46.33720016479492,30.772846221923828,0.2125845104455948
223,44.6,-1.0974072171364735e-05,-1.3407023971756297e-05,0.0018190784583237412,0.005968105369206863,20.000683920831115,48.125404357910156,30.780202865600586,0.21096836030483246
224,44.8,8.366307829343158e-06,1.0221118275108536e-05,0.0018805491992556773,0.006169781034885996,20.00096934297364,49.91360855102539,30.78752326965332,0.21016831696033478
225,45.0,-0.00037050023271570544,-0.00045264013430877735,0.00195083937708538,0.006400391861916798,20.000779755937437,51.70182418823242,30.79485511779785,0.21006643772125244
226,45.2,8.76089040260203e-05,0.00010703179804858899,0.0017482778065916892,0.0057358197589782774,20.000233581558437,53.49006652832031,30.80191421508789,0.19904674589633942
227,45.4,0.00034135446873207966,0.0004170327544499817,0.0013862526355449334,0.0045480730968012395,19.999656836357097,55.278236389160156,30.808813095092773,0.19610244035720825
228,45.6,0.00024834072724716684,0.00030339786647786375,0.00113232529997632,0.00371497813717431,19.999132179192944,57.06633758544922,30.815818786621094,0.20447151362895966
229,45.8,6.455010397385261e-05,7.886086202485573e-05,0.0011287995004616485,0.0037034105530945947,19.999120618629156,58.854427337646484,30.823076248168945,0.21330243349075317
230,46.0,-2.9445543083769938e-05,-3.597361998544173e-05,0.0012053382164055146,0.003954521833911868,19.999666854206456,60.64250183105469,30.830411911010742,0.2175087034702301
231,46.2,-4.2504878868332485e-05,-5.19282105134418e-05,0.0013122407653506614,0.004305251992593064,20.000140428311727,62.43062973022461,30.837779998779297,0.21765023469924927
232,46.4,7.121858200128215e-06,8.70077416309664e-06,0.0013027437075159357,0.004274093665366583,20.00196013654621,64.21876525878906,30.84503173828125,0.21599067747592926
233,46.6,-8.246592055759032e-05,-0.00010074861514520809,0.001500373606272815,0.0049224857424041025,20.00616239659391,66.00690460205078,30.85249137878418,0.21933257579803467
234,46.8,-0.0005097783682606625,-0.0006227962325040514,0.0016574663437305924,0.005437881879165077,20.0205534434838,67.7953109741211,30.859909057617188,0.21899200975894928
235,47.0,-6.824124869328111e-05,-8.337033352858153e-05,0.001694844375127038,0.005560513219691791,20.018826354693637,69.58435821533203,30.867210388183594,0.20505693554878235
236,47.2,0.00027557484121396074,0.00033666978351109585,0.0014252264314645047,0.004675939885406005,20.01898742696336,71.37421417236328,30.874208450317383,0.19783493876457214
237,47.4,0.00017715589295420498,0.00021643135442215222,0.001260076038668231,0.004134107870704279,19.998976614029466,73.16344451904297,30.88130760192871,0.20533081889152527
238,47.6,-2.4144562505956996e-05,-2.9497412013527664e-05,0.0013852335310770712,0.004544729578098899,19.997572042930724,74.95176696777344,30.888694763183594,0.2131313532590866
239,47.8,-0.00011785314758150351,-0.00014398119040032284,0.001547911079896798,0.0050784485873686105,20.006683585427712,76.740234375,30.896120071411133,0.21640850603580475
240,48.0,-7.423863190871225e-05,-9.069733660287375e-05,0.001848959375637134,0.006066139877965335,20.04583593345688,78.52894592285156,30.903682708740234,0.21157267689704895
241,48.2,-1.7463393164464498e-05,-2.1335027429026276e-05,0.0019938297293743733,0.006541436329320619,20.063022066100086,80.31935119628906,30.91109848022461,0.2080887258052826
242,48.4,-1.1240716523949285e-06,-1.3732783377308841e-06,0.002172747875819303,0.007128438140903002,20.04219654609235,82.1124038696289,30.918556213378906,0.20620621740818024
243,48.6,7.284070127440654e-06,8.898948474694247e-06,0.0022728646708304163,0.007456905326647263,20.011108333881218,83.90267181396484,30.925926208496094,0.20567113161087036
244,48.8,-0.0004489036360441737,-0.0005484255721551671,0.0023591399254258697,0.00773996063293421,19.99497135563193,85.69071197509766,30.933273315429688,0.20554116368293762
245,49.0,-0.0005634129883806764,-0.0006883216479046723,0.0037196175652095694,0.012203470092642164,19.9515628460944,87.4788818359375,30.94189453125,0.19043688476085663
246,49.2,0.005808670285774012,0.007096452488130111,0.001032965087676114,0.003388993178251302,20.272440095257988,89.28593444824219,30.946544647216797,-0.022369384765625
247,49.4,0.0030506128640976414,0.0037269337360680884,-0.0017466146105034421,-0.005730363078724113,20.11564297189829,91.09308624267578,30.95110321044922,0.12951140105724335
248,49.6,-0.0008227251556323739,-0.0010051233226360712,-0.0038150394683075,-0.012516534089201978,20.0036155302509,92.89107513427734,30.95633888244629,0.4030492603778839
249,49.8,-5.765327156022026e-05,-7.04350018651211e-05,0.000989435361350263,0.0032461791109323966,19.834153083988276,94.66651153564453,30.96810531616211,0.4807398021221161
250,50.0,0.003500831986953486,0.004276966438461074,0.0036154308788794603,0.011861650244662889,19.824236163318943,96.4359130859375,30.981184005737305,0.4935447573661804
251,50.2,0.0047569811194400555,0.0058116038336199155,0.004914290084954627,0.01612299948232254,19.966159937154803,98.21453857421875,30.99936294555664,0.5890777707099915
252,50.4,0.0035481003350450934,0.004334714179324591,0.002791373101613457,0.009158048526697495,20.103054279039565,100.0062026977539,31.02184295654297,0.7488297820091248
253,50.6,0.0016641867287455218,0.002033136926508404,-0.0008177363355291404,-0.002682862079057425,20.143585321018538,101.80589294433594,31.048847198486328,0.8927881717681885
254,50.8,0.0008945199384082078,0.0010928350087533074,-0.001636410017476695,-0.00536879944173824,20.081466049244742,103.60394287109375,31.078720092773438,0.9760999083518982
255,51.0,-0.0006759834675777449,-0.000825849002339731,-0.0008555552818266653,-0.002806939990828197,19.985275144483214,105.39408874511719,31.110057830810547,1.0187393426895142
256,51.2,-0.0008187216154009002,-0.0010002321975352798,2.0086809586924298e-05,6.590160836516471e-05,19.929947468521313,107.17711639404297,31.141368865966797,1.0110955238342285
257,51.4,-0.00016741691135065156,-0.000204533240597091,0.00016319351902274477,0.000535411824950582,19.943630387863553,108.95848083496094,31.171918869018555,0.982684850692749
258,51.6,0.0001970083875664631,0.00024068514708994797,2.816999999699318e-05,9.24212627901351e-05,19.989419194010093,110.74351501464844,31.202253341674805,0.9684467315673828
259,51.8,0.0006453889539876217,0.0007884716850866775,-0.0006312402389054379,-0.0020709982254105168,20.04697430571042,112.53379821777344,31.232152938842773,0.9554196000099182
260,52.0,0.0004375868090294653,0.0005345998045912977,-0.0012046344196854795,-0.003952212789480909,20.04756176080788,114.32588958740234,31.262168884277344,0.9715400338172913
261,52.2,0.0005994519134581574,0.0007323504026718309,-0.0025401216716379234,-0.008333732785176564,20.01362691188227,116.11652374267578,31.29140281677246,0.9777993559837341
262,52.4,0.00045868119446527733,0.0005603708152782293,-0.003392252104379623,-0.011129436394132842,19.973231605519146,117.90357208251953,31.321054458618164,0.9929481744766235
263,52.6,0.0010323775820412105,0.001261255691979747,-0.0037314543650079756,-0.012242304738892767,19.966872540064994,119.68827819824219,31.351179122924805,1.0130528211593628
264,52.8,-0.00031562386931397493,-0.00038559768114088317,-0.003137808579457009,-0.010294647899825734,19.983216622380525,121.47352600097656,31.382246017456055,1.0456396341323853
265,53.0,-0.0006845244448369627,-0.0008362835142573173,-0.0026054427931950595,-0.008548040933626079,20.022076690775965,123.26057434082031,31.41328239440918,1.0487877130508423
266,53.2,-0.0009519362021970625,-0.0011629804582241512,-0.0016089355403383103,-0.005278660078163542,20.049985858559864,125.04947662353516,31.444814682006836,1.043597936630249
267,53.4,-0.00031617178315401356,-0.0003862670674792584,-0.0014452904168665492,-0.004741766611272449,20.06305527236055,126.8406982421875,31.475553512573242,1.0136069059371948
268,53.6,5.759957139474922e-05,7.036939637296512e-05,-0.0014301691690508326,-0.004692156216588733,20.040621436924702,128.63211059570312,31.506147384643555,0.9954456090927124
269,53.8,0.00015174326318582264,0.00018538474463411953,-0.0016736597697268431,-0.005491009918910616,20.00614400510362,130.42129516601562,31.53644371032715,0.9929027557373047
270,54.0,8.600282600790358e-05,0.0001050696525338558,-0.0018511879011304782,-0.006073451313544918,19.988958604166843,132.2080078125,31.566768646240234,0.9971001148223877
271,54.2,8.51493486288796e-06,1.040269592199022e-05,-0.0019143798839434973,-0.006280774098437184,19.995060696291276,133.9943084716797,31.597196578979492,1.0008167028427124
272,54.4,-2.4809687018077467e-05,-3.0309994629985244e-05,-0.0019229880925395165,-0.006309016253527347,20.02060177890907,135.78176879882812,31.62769889831543,1.001788854598999
273,54.6,0.0003484590422745883,0.00042571241194686455,-0.001955210477979216,-0.00641473274457333,20.035497505669465,137.5707244873047,31.658203125,1.0012112855911255
274,54.8,-4.4419604285017325e-05,-5.426743055500567e-05,-0.0017589610985973298,-0.005770869930722063,20.03880098938975,139.36093139648438,31.68895721435547,1.0099340677261353
275,55.0,-0.0002701315550804235,-0.0003300197208417534,-0.001446019758977281,-0.004744159466043022,20.026631839281368,141.1505584716797,31.719818115234375,1.012471318244934
276,55.2,-0.00016080627920168872,-0.0001964570313007031,-0.0013213501921091712,-0.0043351385642794536,20.009153651725434,142.9384765625,31.75046157836914,1.0051347017288208
277,55.4,1.238406221416855e-05,1.5129608807049718e-05,-0.0014060320985993554,-0.004612966350368709,20.004930560872733,144.72579956054688,31.780885696411133,0.9976823925971985
278,55.6,7.078749779774722e-05,8.648108605950779e-05,-0.001576649155619757,-0.005172733615723523,20.0121418368679,146.51303100585938,31.811222076416016,0.9961200952529907
279,55.8,4.7982420969916494e-05,5.8620123698946984e-05,-0.0017164165811729025,-0.005631288176175305,20.018325671607688,148.30068969726562,31.841596603393555,0.9979389309883118
280,56.0,1.2793846097529788e-05,1.563024177735214e-05,-0.0017991618858150694,-0.0059027622814575124,20.02486043014586,150.0894317626953,31.872045516967773,0.9997183084487915
281,56.2,-2.84492557677944e-06,-3.4756455771514417e-06,-0.001881491341389787,-0.006172872052485269,20.025998023535866,151.8781280517578,31.90250015258789,1.0004972219467163
282,56.4,0.00040496764804644946,0.0004947489756183473,-0.0019427323648310915,-0.006373794051832438,20.017578131299754,153.6662139892578,31.932960510253906,1.0005500316619873
283,56.6,-6.68383854877154e-05,-8.16564555503419e-05,-0.0017397559307358972,-0.005707860847795561,20.012980745209752,155.45423889160156,31.96368408203125,1.0112847089767456
284,56.8,-0.00030668038773143304,-0.00037467142969149173,-0.0014062171988328803,-0.004613573634618867,20.01435666657089,157.2416534423828,31.99452781677246,1.0136120319366455
285,57.0,-0.00016328458640869377,-0.00019948477921550117,-0.0012836661904717696,-0.0042115033843474,20.01507413560993,159.02891540527344,32.0251579284668,1.004984974861145
286,57.2,1.7697302838372685e-05,2.1620794877639912e-05,-0.0013850398258182046,-0.004544094062137399,20.016914352255586,160.81689453125,32.05557632446289,0.9976370334625244
287,57.4,7.602170965462549e-05,9.287572268505597e-05,-0.0015443146768546808,-0.005066649364411911,20.021232773025634,162.6046905517578,32.085933685302734,0.9959973692893982
288,57.6,5.7480661133877474e-05,7.022412370725811e-05,-0.0016791042915548452,-0.005508872523904799,20.020460856915108,164.39239501953125,32.11631393432617,0.9974643588066101
289,57.8,7.303596038975971e-06,8.922803280816943e-06,-0.0017540772172942847,-0.005754846697587781,20.015196453071553,166.1803741455078,32.146759033203125,0.9998494386672974
290,58.0,-1.563432419698982e-05,-1.9100453871462464e-05,-0.0018012555124279211,-0.005909631135394021,20.015973240617747,167.96763610839844,32.17721939086914,1.0007047653198242
291,58.2,-7.786680620467817e-06,-9.512987714025532e-06,-0.0018552425253778732,-0.006086753886960741,20.016716504132564,169.75473022460938,32.20766830444336,0.9999948143959045
292,58.4,0.0003922223068475373,0.00047917799227563634,-0.0019405100802232893,-0.006366503091599776,20.014845003973242,171.542236328125,32.23809814453125,0.9990173578262329
293,58.6,-3.3702007744733264e-05,-4.117374286174063e-05,-0.0017797318186225548,-0.005839015339809623,20.017848559925437,173.32925415039062,32.26876449584961,1.0096428394317627
294,58.8,-0.0002683771655638544,-0.00032787638316936093,-0.0014833769442205444,-0.004866722413676531,20.01978729751279,175.1165008544922,32.29956817626953,1.012894868850708
295,59.0,-0.0001618003331011236,-0.0001976714669496427,-0.0013491311372136943,-0.004426283400216177,20.018328980336374,176.90408325195312,32.33021545410156,1.0054939985275269
296,59.2,-2.1797928908587576e-07,-2.663052974762144e-07,-0.001432275309939085,-0.004699066127860548,20.015808089956725,178.6909942626953,32.360633850097656,0.9984883069992065
297,59.4,5.88641631330189e-05,7.191434809960919e-05,-0.0015947351946636306,-0.005232071016060226,20.016103548741892,180.4778594970703,32.39097213745117,0.9967696666717529
298,59.6,4.0301544882694404e-05,4.923639738318775e-05,-0.0017188854137451456,-0.005639388020831623,20.01636440464032,182.2649383544922,32.42135238647461,0.998142421245575
299,59.8,-1.7444510432933696e-06,-2.1311958395915096e-06,-0.0017899741479594326,-0.005872618783591225,20.01681335247917,184.0515899658203,32.451778411865234,1.000165581703186
300,60.0,-1.3850712979575777e-05,-1.6921416047147728e-05,-0.0018412856967234183,-0.0060409637652380594,20.019802252001423,185.83865356445312,32.48223114013672,1.0005327463150024
301,60.2,0.0003853206853293698,0.00047074628126689104,-0.0019089773684938943,-0.006263049309649508,20.019760617939728,187.62576293945312,32.51266860961914,1.000093698501587
302,60.4,-4.646709167804894e-05,-5.67688459030724e-05,-0.0017244908678848616,-0.005657778618991369,20.015400499960773,189.41232299804688,32.54335021972656,1.009963870048523
303,60.6,-0.00027320693475315174,-0.0003337769121879255,-0.001420135761416209,-0.0046592382114847555,20.015137689959218,191.19895935058594,32.574153900146484,1.0123653411865234
304,60.8,-0.00015303472452569744,-0.00018696252295304457,-0.0013131697707125366,-0.004308299910544519,20.016508621592838,192.98545837402344,32.60475540161133,1.0048651695251465
305,61.0,1.1741935950490325e-05,1.434512315071403e-05,-0.0014107731529533405,-0.004628520991135437,20.014893649111425,194.7716522216797,32.63514709472656,0.9980654716491699
306,61.2,7.11257248147737e-05,8.689429800620904e-05,-0.0015881370116223414,-0.005210423433211042,20.017244361134257,196.5582733154297,32.66546630859375,0.9965829253196716
307,61.4,4.867668710197401e-05,5.946830863248165e-05,-0.0017222432076511689,-0.005650404405390261,20.019698804499654,198.34481811523438,32.69582748413086,0.9982259273529053
308,61.6,7.731527535456293e-06,9.445607190066954e-06,-0.0018007758816341382,-0.005908057543500546,20.01646074700497,200.13101196289062,32.72623825073242,1.0001933574676514
309,61.8,-1.6351216539703503e-05,-1.997628124655577e-05,-0.0018611112818102526,-0.006106008337814349,20.016586950743022,201.91748046875,32.75667190551758,1.0012189149856567
310,62.0,-1.6581220882128793e-05,-2.0257277551696747e-05,-0.0019058375227182858,-0.00625274797803506,20.01807017723831,203.70370483398438,32.78711700439453,1.0008264780044556
311,62.2,0.00035590439945913074,0.00043480840481922004,-0.0019704918119280504,-0.006464868356246025,20.014987272010824,205.48953247070312,32.817535400390625,1.0001161098480225
312,62.4,-1.6816714053459234e-05,-2.0544979559111148e-05,-0.0018013656994537285,-0.005909992641395771,20.016060518756444,207.27574157714844,32.84819412231445,1.0089918375015259
313,62.6,-0.0002438028563083828,-0.0002978539495519513,-0.0015205912837408814,-0.004988816707348433,20.015752518899088,209.0618438720703,32.878963470458984,1.0123298168182373
314,62.8,-0.00015861404661482128,-0.00019377878074932714,-0.0013804883682364349,-0.004529161458044825,20.012410033176085,210.84754943847656,32.90958786010742,1.0056426525115967
315,63.0,-1.217024246316223e-05,-1.4868385217245296e-05,-0.0014443613947624362,-0.004738718638392391,20.011104829680388,212.63333129882812,32.940006256103516,0.9989543557167053
316,63.2,5.3207459003846644e-05,6.500355266499945e-05,-0.0015969091910856027,-0.005239203550481289,20.00849298990496,214.4189453125,32.970333099365234,0.9967668056488037
317,63.4,4.55888372458366e-05,5.569588246323858e-05,-0.0017366202862139097,-0.005697573299822043,20.006648221684568,216.20425415039062,33.000667572021484,0.9977901577949524
318,63.6,1.7013710587825158e-05,2.0785650225145996e-05,-0.001838189964826542,-0.006030807164201513,20.005653572729457,217.98956298828125,33.03104019165039,0.9994593858718872
319,63.8,-1.10147360132296e-06,-1.34567029873626e-06,-0.001916353951740597,-0.00628725069902862,20.005352349871753,219.77484130859375,33.06143569946289,1.0003809928894043
320,64.0,0.00037935150004228313,0.0004634537276016573,-0.001976136321313351,-0.0064833870884176935,20.005073896573784,221.5599365234375,33.09184646606445,1.0004980564117432
321,64.2,-4.275282415510129e-05,-5.223112527028724e-05,-0.0017826228165151396,-0.00584850024133553,20.004369270681917,223.34494018554688,33.12250900268555,1.010244369506836
322,64.4,-0.00027421960506783907,-0.000335014091511379,-0.0014670567788667719,-0.00481317856237726,20.003513120145513,225.12994384765625,33.15329360961914,1.0130127668380737
323,64.6,-0.00016471303777525139,-0.0002012299182500246,-0.001342428161730841,-0.004404292010133012,20.0027028732014,226.91493225097656,33.18388748168945,1.0056345462799072
324,64.8,5.033321742551615e-06,6.149209172875308e-06,-0.0014347415361456407,-0.004707157421448064,20.001946335832873,228.69993591308594,33.21426773071289,0.9983648657798767
325,65.0,6.525292443945187e-05,7.971949778767836e-05,-0.0015912344449312324,-0.005220585616308185,20.001587589639556,230.48468017578125,33.24457550048828,0.9964932799339294
326,65.2,4.478746166818345e-05,5.471684192001972e-05,-0.001726763797881936,-0.005665235738642971,20.001878682786476,232.26950073242188,33.274906158447266,0.998079776763916
327,65.4,1.217174914615966e-05,1.4870225931863257e-05,-0.00181787569370577,-0.005964159290937639,20.001790193984878,234.054443359375,33.30528259277344,0.9998125433921814
328,65.6,-6.318802530228435e-06,-7.719681051180078e-06,-0.001882670511368003,-0.006176740720516599,20.001467049985884,235.83914184570312,33.3356819152832,1.000583529472351
329,65.8,0.0003953134471613151,0.0004829544383969786,-0.0019468639417416257,-0.006387349094623595,20.001126393972072,237.6238250732422,33.36608123779297,1.0004634857177734
330,66.0,-5.377421040565251e-05,-6.569595285258568e-05,-0.0017440674565055332,-0.005722006274001614,20.000935123840346,239.40850830078125,33.39674758911133,1.010573148727417
331,66.2,-0.00029344616974846626,-0.00035850318558170124,-0.0014268467217224213,-0.004681255798495788,20.000708966190718,241.1931915283203,33.427528381347656,1.0133012533187866
332,66.4,-0.00016897035846601236,-0.0002064310869379273,-0.0012929652071091268,-0.004242011970091907,20.000550910054752,242.97789001464844,33.458126068115234,1.005236268043518
333,66.6,1.4745136068507944e-05,1.8014132734896154e-05,-0.0013914859123468537,-0.004565242640664051,20.000586769846347,244.7625732421875,33.48849105834961,0.9976921677589417
334,66.8,8.114655647963909e-05,9.913674805117507e-05,-0.0015774955303803507,-0.005175510435893069,20.00059562175279,246.54725646972656,33.518768310546875,0.9959906339645386
335,67.0,4.917542669764573e-05,6.007761879651379e-05,-0.0017146102796514566,-0.005625361989891685,20.000558084449292,248.3319549560547,33.54909896850586,0.9980680346488953
336,67.2,7.13635536734956e-06,8.718485352290957e-06,-0.0017946973936735656,-0.00588811499705998,19.998892187251723,250.1166534423828,33.57948303222656,1.000111699104309
337,67.4,-5.546408874246079e-06,-6.776047721666434e-06,-0.0018671280983459226,-0.0061257485501772365,19.995686504440084,251.90139770507812,33.6098747253418,1.0006557703018188
338,67.6,-1.1110110247295541e-05,-1.3573221689120962e-05,-0.0019364457380790824,-0.006353168635319376,19.99301088503407,253.6859130859375,33.64026641845703,1.0008195638656616
339,67.8,0.0003591235555812497,0.0004387412478536128,-0.0020009756667074257,-0.00656488100636039,19.99508337429341,255.4701690673828,33.670658111572266,1.0003632307052612
340,68.0,-2.1212167185102337e-05,-2.5914904650039524e-05,-0.0018287685180887851,-0.00599989690488641,19.988939072847334,257.2548522949219,33.7012939453125,1.0094472169876099
341,68.2,-0.0002524185276246988,-0.0003083797151990945,-0.0015389078395655958,-0.005048910396360389,19.985341238900176,259.0393371582031,33.7320442199707,1.0128724575042725
342,68.4,-0.0001676336515650863,-0.00020479803211706594,-0.0013939282355184416,-0.004573255512218324,19.9889748434778,260.8231506347656,33.762638092041016,1.0061790943145752
343,68.6,-1.3828117273505477e-05,-1.689381087304164e-05,-0.001443582216746806,-0.004736162279991591,19.98603100725978,262.607666015625,33.79304885864258,0.9989854693412781
344,68.8,5.8180435751813405e-05,7.107903835799044e-05,-0.0015938883897492536,-0.005229292784624941,19.985861955621132,264.3923034667969,33.823360443115234,0.9964351058006287
345,69.0,4.994496215156169e-05,6.101776026056292e-05,-0.0017397031942337545,-0.005707687827769871,19.986731818761164,266.1763610839844,33.85367202758789,0.9974893927574158
346,69.2,1.3073343925696506e-05,1.597170427402342e-05,-0.0018276267068539406,-0.005996150804914682,19.983247267057667,267.9608459472656,33.8840446472168,0.9994392395019531
347,69.4,-5.21351996713623e-06,-6.3693573438503325e-06,-0.001891607965591513,-0.006206063077831259,19.985293194132133,269.74554443359375,33.91444396972656,1.0002301931381226
348,69.6,0.0003754995472244605,0.0004587477968441234,-0.0019496914649654081,-0.00639662574591711,19.98305794211977,271.5296325683594,33.94483947753906,0.9997856616973877
349,69.8,-2.9551731698380466e-05,-3.6103350615911416e-05,-0.0017824039797717656,-0.005847782272994399,19.980073470354743,273.3139343261719,33.9754638671875,1.009521484375
350,70.0,-0.00026021923932315836,-0.0003179098446811026,-0.0014843943572117263,-0.00487006038291452,19.983366274954175,275.0986328125,34.0062255859375,1.0125595331192017
351,70.2,-0.0001630924357479809,-0.00019925002875330827,-0.0013591745348023828,-0.00445923418076105,19.9823332653959,276.8829345703125,34.036808013916016,1.0056803226470947
352,70.4,3.6405722669938842e-06,4.447687138586428e-06,-0.0014474910263155539,-0.0047489864587771215,19.98161224059166,278.66748046875,34.06718063354492,0.9984806180000305
353,70.6,6.955639331293183e-05,8.497704571040883e-05,-0.0016242373860103272,-0.005328862985518122,19.983868996342036,280.4524841308594,34.09747314453125,0.9965826272964478
354,70.8,4.2955404989107196e-05,5.247861827519226e-05,-0.0017651508287619194,-0.005791177445035256,19.981386580467312,282.2372131347656,34.1277961730957,0.9985886216163635
355,71.0,6.669635791552982e-06,8.148294046540278e-06,-0.0018440336976304327,-0.006049979516533829,19.98103840680749,284.0216979980469,34.15817642211914,1.0003646612167358
356,71.2,-7.165255664827441e-06,-8.753792845719684e-06,-0.0019006445248986835,-0.006235710583068597,19.981666370166504,285.8067321777344,34.188594818115234,1.0007286071777344
357,71.4,0.00038194797407199537,0.0004666258399237567,-0.001963656005423982,-0.006442441168835217,19.97997222246656,287.5915832519531,34.218997955322266,1.0008455514907837
358,71.6,-6.75686515566211e-05,-8.2548621606724e-05,-0.0017633243761098916,-0.005785185146116377,19.984070529747942,289.3761901855469,34.24966049194336,1.0112180709838867
359,71.8,-0.00027284154144234654,-0.00033333051118011474,-0.001441106607319496,-0.004728040201558095,19.981320522674114,291.1614685058594,34.28045654296875,1.0126144886016846
360,72.0,-0.00015112583498245026,-0.00018463043259805948,-0.0013252794693041033,-0.004348029894071674,19.978518558822604,292.9465637207031,34.31104278564453,1.0048786401748657
361,72.2,1.2021347478720653e-05,1.4686480214753023e-05,-0.001411270598124345,-0.0046301530291502765,19.983444364498624,294.7311706542969,34.3414192199707,0.9979202747344971
362,72.4,5.979671021730678e-05,7.30536408724837e-05,-0.001557818242771047,-0.005110952403612962,19.980450547707136,296.5164489746094,34.37174606323242,0.9965438842773438
363,72.6,4.550453070678377e-05,5.559288516447773e-05,-0.0016836411857309276,-0.005523757347793457,19.97933461068273,298.30181884765625,34.402095794677734,0.9977149367332458
364,72.8,1.6442983679373348e-05,2.008839316109042e-05,-0.0017764947656458314,-0.005828395086921469,19.983174991504605,300.0866394042969,34.43246841430664,0.9992755055427551
365,73.0,-3.9660122842488125e-07,-4.845277207666774e-07,-0.001858743157519594,-0.006098238900916585,19.98032925926295,301.87213134765625,34.46286392211914,1.000206708908081
366,73.2,0.000402701061297704,0.000491979886587405,-0.0019195190168066374,-0.006297634771099889,19.981666745855993,303.6577453613281,34.493282318115234,1.000489592552185
367,73.4,-5.3973883465992786e-05,-6.593989343040338e-05,-0.0017193148322951594,-0.005640796874387251,19.981820046388922,305.4427185058594,34.52395248413086,1.0105690956115723
368,73.6,-0.00029744025285261867,-0.00036338275691004423,-0.0014068655372076154,-0.004615700729092233,19.97883335102411,307.22821044921875,34.554744720458984,1.0132818222045898
369,73.8,-0.00016868173914965856,-0.00020607848071913786,-0.0012752951564592666,-0.00418403936111782,19.982283744140958,309.0139465332031,34.585357666015625,1.005115270614624
370,74.0,1.649266341834272e-05,2.01490868981893e-05,-0.0013859355323024801,-0.004547032731799269,19.98091516105403,310.7991027832031,34.615718841552734,0.9977267384529114
371,74.2,8.177752440423867e-05,9.990760156465839e-05,-0.0015671656568195795,-0.0051416197735199495,19.979191889365854,312.5845947265625,34.64601516723633,0.9960523843765259
372,74.4,5.2408856376778895e-05,6.402789983551078e-05,-0.0017055428601753103,-0.005595613237377565,19.982514170242126,314.3705139160156,34.676361083984375,0.9980672001838684
373,74.6,2.4796574054677923e-06,3.029397452260002e-06,-0.0017925725988995281,-0.005881143885373528,19.981160120617332,316.15606689453125,34.70675277709961,1.0005789995193481
374,74.8,-1.8023661631166826e-05,-2.201950741479651e-05,-0.0018417187647242848,-0.006042384592058022,19.980222891661374,317.9416809082031,34.7371826171875,1.0012638568878174
375,75.0,-1.1996945646654314e-05,-1.4656668496517575e-05,-0.00188431630593041,-0.006182140309148726,19.982185210579924,319.7277526855469,34.76762771606445,1.000530481338501
376,75.2,0.0003646786465721629,0.00044552790251721144,-0.001946654678665687,-0.006386662535953532,19.980260038145527,321.5134582519531,34.79804611206055,1.0000611543655396
377,75.4,-3.8628946163290935e-05,-4.7192983527692535e-05,-0.0017690457056076057,-0.005803955912785657,19.98066992140751,323.2991027832031,34.828704833984375,1.0096244812011719
378,75.6,-0.0002493251004715984,-0.00030460047524615176,-0.0014732163052463849,-0.00483338698290455,19.98175073724927,325.0853271484375,34.859493255615234,1.0119067430496216
379,75.8,-0.0001498327641475556,-0.00018305068795906865,-0.0013495903003300025,-0.004427789840934685,19.980050954997974,326.8713073730469,34.89010238647461,1.0049420595169067
380,76.0,-8.662236649783534e-06,-1.0582654515040544e-05,-0.0014352786251073295,-0.0047089195243971305,19.98461245320472,328.6570129394531,34.92049789428711,0.9988626837730408
381,76.2,6.11688363802752e-05,7.472996740578221e-05,-0.0015832754824613082,-0.005194473533878358,19.980698743951702,330.4432373046875,34.95083999633789,0.9964259266853333
382,76.4,5.0572132966254865e-05,6.178397484487357e-05,-0.001713299201203681,-0.0056210605512770845,19.977971758342004,332.2293395996094,34.981197357177734,0.9974654316902161
383,76.6,2.027128053400788e-05,2.4765423428397424e-05,-0.0018123282892537965,-0.0059459591445154255,19.982770110287607,334.0149230957031,35.01157760620117,0.9991761445999146
384,76.8,-4.578151238284083e-06,-5.593127367811664e-06,-0.0018708136001661744,-0.006137840091969191,19.980211584189313,335.80108642578125,35.04200744628906,1.0002403259277344
385,77.0,0.00037224230335579383,0.00045476842200977335,-0.0019206282947106766,-0.006301274134418576,19.980084674007106,337.5873718261719,35.07244873046875,1.00043523311615
386,77.2,-0.007776930218135512,-0.009501075647496155,-0.0017396612276551482,-0.005707550142140116,19.98351266268352,339.37310791015625,35.103111267089844,1.0097618103027344
387,77.4,-0.03056509884439515,-0.037341381258197553,-0.0022963657959762917,-0.007534008758070857,19.994349195885892,341.15948486328125,35.12870407104492,0.8127174973487854
388,77.6,-0.04403634154487453,-0.05379919846537321,-0.01294487155947684,-0.042470052407193995,19.949026654306824,342.94537353515625,35.1306037902832,-0.06530759483575821
389,77.8,-0.04698551715103815,-0.05740220630342331,-0.02349310091834001,-0.07707710521692664,19.93112171881572,344.7274475097656,35.09078598022461,-1.5176087617874146
390,78.0,-0.0459613627678254,-0.05615099689345229,-0.038417973695889424,-0.12604322482042185,19.943778510157195,346.5071716308594,35.000701904296875,-3.1917121410369873
391,78.2,-0.04664498471921046,-0.05698617783145942,-0.0017860917786205188,-0.005859881350969343,19.974911983621222,348.28582763671875,34.85866928100586,-4.881319522857666
392,78.4,-0.044369619028866526,-0.05420636356756624,-0.009034456194351302,-0.029640605260675527,19.99594015561735,350.06207275390625,34.66394805908203,-6.582433700561523
393,78.6,-0.04336243143884586,-0.05297588248883799,-0.02146188130747796,-0.07041299866882599,20.000078772755174,351.8329162597656,34.41798400878906,-8.232707023620605
394,78.8,-0.04342214592766872,-0.05304883567983288,-0.03780821787848701,-0.12404271354445533,19.9992668233093,353.595458984375,34.12244415283203,-9.835127830505371
395,79.0,-0.04422440310738126,-0.054028953276287685,-0.0067158524396676855,-0.02203363731815933,19.995185064757802,355.34869384765625,33.7781867980957,-11.431260108947754
396,79.2,-0.0446449505928105,-0.05454273613923659,-0.010614235162055535,-0.03482360728907828,19.986055770236007,357.0916442871094,33.38459777832031,-13.046467781066895
397,79.4,-0.044530488425348846,-0.054402897709248686,-0.0190495829494955,-0.06249863372402281,19.983784019980256,358.8221130371094,32.94175338745117,-14.678214073181152
398,79.6,-0.04433260000896359,-0.054161137430950815,-0.03201877542843984,-0.10504847917664256,19.9867079578501,360.5395202636719,32.449825286865234,-16.311689376831055
399,79.8,-0.044795591512181925,-0.05472677415043266,-0.005335754688759242,-0.01750575741306887,19.988076129844234,362.242919921875,31.908981323242188,-17.947704315185547
400,80.0,-0.04436958597708855,-0.05420632318820908,-0.00813619272451066,-0.026693546538283555,19.98404038336525,363.9302673339844,31.319250106811523,-19.595949172973633
401,80.2,-0.04401907538612399,-0.05377810439922768,-0.016197644525021378,-0.053141880063471134,19.980834715527692,365.59906005859375,30.6814022064209,-21.228992462158203
402,80.4,-0.04398149496731068,-0.053732192401563454,-0.028467677094367372,-0.09339789371828425,19.979415922587357,367.2490539550781,29.99671745300293,-22.848827362060547
403,80.6,-0.043879214305018004,-0.0536072361164405,-0.04537711897062474,-0.14887506700358447,19.98054560613918,368.87896728515625,29.26525115966797,-24.469829559326172
404,80.8,-0.044934237333484874,-0.05489615775031847,-0.00819855124918828,-0.026898134880386875,19.98095406173468,370.48779296875,28.4887638092041,-26.07505226135254
405,81.0,-0.04459998463393632,-0.05448780122728,-0.0139766485033717,-0.04585514747580201,19.984741216269025,372.07373046875,27.66604995727539,-27.71755027770996
406,81.2,-0.04434854308099291,-0.054180615082049036,-0.024386876934196555,-0.08000944132078942,19.986876197487597,373.635498046875,26.79853057861328,-29.352415084838867
407,81.4,-0.04427891546289924,-0.05409555102102401,-0.03902950496374563,-0.12804956106525522,19.990488978261293,375.1723327636719,25.8870792388916,-30.978195190429688
408,81.6,-0.04488170288052505,-0.05483197640913746,-0.0070597608195227535,-0.023161945687123032,19.989516741644895,376.68316650390625,24.932130813598633,-32.6072883605957
409,81.8,-0.04470181797939725,-0.05461221102542962,-0.01114204040073885,-0.03655525182836005,19.980710914472034,378.1656494140625,23.934476852416992,-34.2468376159668
410,82.0,-0.04429459020405658,-0.05411470085229592,-0.020176969788187518,-0.06619740955987714,19.976964542779136,379.6187438964844,22.89484405517578,-35.88895034790039
411,82.2,-0.04416490852282278,-0.05395626874233259,-0.03383976050590354,-0.11102283985818856,19.972490249608526,381.0410461425781,21.814706802368164,-37.51341247558594
412,82.4,-0.044611366111103584,-0.05450170597793525,-0.007273870892504308,-0.023864406578963833,19.981414618419155,382.43206787109375,20.69500160217285,-39.131996154785156
413,82.6,-0.044845561191841,-0.05478782210807215,-0.009559251217652776,-0.03136237376492393,19.991842933575683,383.7916259765625,19.53571891784668,-40.7620849609375
414,82.8,-0.044560994116213594,-0.054440166511778146,-0.016718639271436433,-0.054851180467299504,19.99686622157612,385.1178894042969,18.337549209594727,-42.403404235839844
415,83.0,-0.04428266445015567,-0.054100131158755185,-0.028600860773866504,-0.09383484806133219,19.995642184665545,386.4094543457031,17.10188102722168,-44.04026794433594
416,83.2,-0.04415870298662923,-0.05394868743876493,-0.04494888639089123,-0.1474701044266916,19.99169704306932,387.6652526855469,15.83020305633545,-45.667381286621094
417,83.4,-0.045012066456971575,-0.05499124159048217,-0.007830102778691839,-0.025689314400443333,19.989479791255977,388.8843994140625,14.523698806762695,-47.28794860839844
418,83.6,-0.04477351793674133,-0.05469980686331688,-0.013286915510659053,-0.04359224388399065,19.99069965370983,390.0657043457031,13.182923316955566,-48.92904281616211
419,83.8,-0.044326297885218836,-0.054153438126371856,-0.023784955374603872,-0.07803463299121537,19.994704815835178,391.2081298828125,11.808622360229492,-50.57304763793945
420,84.0,-0.04412039811358358,-0.05390189037536506,-0.03880807182547763,-0.12732307436790002,19.998499609866972,392.3112487792969,10.40202522277832,-52.20353317260742
421,84.2,-0.04477326859438914,-0.054699502241765216,-0.007072142213739863,-0.02320256706052629,19.999786244677395,393.37420654296875,8.964574813842773,-53.82427978515625
422,84.4,-0.04472768992519095,-0.05464381878160579,-0.011080758451263412,-0.03635419555724305,19.998415277018776,394.39581298828125,7.497439861297607,-55.45964431762695
423,84.6,-0.04439366350894366,-0.05423573870887646,-0.01998133383879261,-0.06555555931166435,19.996649639857228,395.3748474121094,6.001803398132324,-57.100284576416016
424,84.8,-0.04418105271447981,-0.05397599210127998,-0.03345098652364631,-0.10974733462623976,19.996173830997083,396.31085205078125,4.478945255279541,-58.7319450378418
425,85.0,-0.04463420347264068,-0.05452960638252512,-0.00686264270132203,-0.02251523268020537,19.997290214480508,397.2033386230469,2.9301326274871826,-60.354732513427734
426,85.2,-0.044751550306970936,-0.05467296901002639,-0.009332724392267788,-0.03061917549512785,19.999211130599445,398.0514221191406,1.35645592212677,-61.98679733276367
427,85.4,-0.04447179054275962,-0.054331186506089424,-0.016571369727749787,-0.05436801265759061,20.00037089874148,398.854248046875,-0.24095000326633453,-63.62733459472656
428,85.6,-0.04423321834559684,-0.05403972285281566,-0.0284602603140425,-0.0933735604487232,20.000967919794398,399.6111755371094,-1.8607091903686523,-65.26187896728516
429,85.8,-0.04413446995047856,-0.05391908193849966,-0.04485598236320015,-0.14716530117648158,20.00055567775378,400.32171630859375,-3.501345157623291,-66.88734436035156
430,86.0,-0.04496478433107002,-0.054933477017268244,-0.007995459552553624,-0.026231823518400033,19.999542766346732,400.9855651855469,-5.161365032196045,-68.50737762451172
431,86.2,-0.044772519578235886,-0.054698587168730786,-0.013433004582749201,-0.04407153875526689,19.99864210567321,401.6017150878906,-6.839573860168457,-70.14727020263672
432,86.4,-0.04435213522375485,-0.0541850036028613,-0.02379437256472597,-0.07806552928525555,19.997256211447148,402.16943359375,-8.534743309020996,-71.79088592529297
433,86.6,-0.044151734597059886,-0.053940174157228064,-0.038724254237870126,-0.12704808227377382,19.99835629522638,402.68865966796875,-10.24543285369873,-73.4216079711914
434,86.8,-0.044786566744218076,-0.05471574859141123,-0.007199864652851079,-0.023621603947659935,19.99826365319302,403.1592102050781,-11.97006607055664,-75.04297637939453
435,87.0,-0.04480858073572203,-0.05474264308483161,-0.01091772567259984,-0.03581931109569246,19.998971043514228,403.5806884765625,-13.70743179321289,-76.67853546142578
436,87.2,-0.04445520196382636,-0.05431092023920667,-0.01957149128927476,-0.06421093148150421,19.999462094391102,403.9521484375,-15.456207275390625,-78.32112121582031
437,87.4,-0.044160775489261235,-0.05395121941523045,-0.03319843045541611,-0.10891873857534738,19.99968367324714,404.2732238769531,-17.21490478515625,-79.95530700683594
438,87.6,-0.04451992159910359,-0.054389988217624856,-0.007066378887250951,-0.02318365850844841,19.999648736457107,404.5444030761719,-18.982011795043945,-81.5785140991211
439,87.8,-0.04472427308534859,-0.054639644428370375,-0.00946511084851414,-0.03105351427623913,19.999281085363243,404.7653503417969,-20.75609016418457,-83.20760345458984
440,88.0,-0.04450802852556816,-0.05437545844968663,-0.01658880031639782,-0.054425199630050616,19.99907214817636,404.93548583984375,-22.535730361938477,-84.84530639648438
441,88.2,-0.03776283732077767,-0.04613485835479408,-0.02833975091773554,-0.09297818840094348,19.999338913297358,405.0548400878906,-24.319496154785156,-86.47972869873047
442,88.4,-0.023454593388831085,-0.028654476743134937,-0.02203541797514938,-0.0722946807095891,20.002325041779326,405.1277160644531,-26.106008529663086,-87.94039916992188
443,88.6,-0.017246507531960893,-0.021070058251796624,0.002922401185448423,0.009587930705266604,20.006623935372712,405.16632080078125,-27.894054412841797,-88.9656982421875
444,88.8,0.0015544940740875035,0.001899125410312703,0.0034680203252151513,0.011378019803778876,20.00719698030213,405.1805419921875,-29.682722091674805,-89.6807861328125
445,89.0,0.008012311824470791,0.009788641355955967,-0.004242896510523791,-0.013920264587586875,20.004210528753752,405.1865539550781,-31.47136116027832,-89.8346176147461
446,89.2,0.003843624974780565,0.004695756631689417,-0.007565643729370722,-0.02482166657306864,20.00047546592209,405.1969299316406,-33.25968551635742,-89.62139129638672
447,89.4,-0.0009746525645255517,-0.0011907330380808666,-0.005423969935787807,-0.017795177524130068,19.999468547979387,405.2127685546875,-35.04776382446289,-89.43811798095703
448,89.6,-0.0022818556848867573,-0.0027877430902261513,-0.002087829583788065,-0.006849834811675235,20.00068948954946,405.22979736328125,-36.83583068847656,-89.41893768310547
449,89.8,-0.001364555744358734,-0.0016670777528830655,-0.00028735209544700864,-0.0009427562488263638,20.00238297779694,405.2453308105469,-38.624061584472656,-89.48605346679688
450,90.0,-0.00022265126379339764,-0.0002720130489763939,-0.00022291550498134555,-0.0007313501053629977,20.00300806884214,405.25909423828125,-40.412410736083984,-89.54582977294922
451,90.2,0.0003088265797609215,0.0003772934324939178,-0.0009379291516071701,-0.0030771954777588676,20.002202783606215,405.2720642089844,-42.20075988769531,-89.56734466552734
452,90.4,0.0008864807144421804,0.0010830134888340118,-0.0016629039524104511,-0.005455721803226304,20.000780855932618,405.2850646972656,-43.9890022277832,-89.5626220703125
453,90.6,0.00017573917471928841,0.00021470054975455467,-0.0018275770803666425,-0.005995987988350096,19.99981549565464,405.2986145019531,-45.77712631225586,-89.53659057617188
454,90.8,-0.0004553158787785479,-0.000556259409103752,-0.0012115318014913811,-0.003974841995604983,19.99983378669144,405.31292724609375,-47.5651741027832,-89.52273559570312
455,91.0,-0.00027894275351101597,-0.0003407843619644082,-0.0010538246344743295,-0.003457430013768759,20.0004928191904,405.3267822265625,-49.35329818725586,-89.53237915039062
456,91.2,2.109176039171071e-05,2.5767803670552974e-05,-0.0012021911424926522,-0.003944196787935593,20.001058164849592,405.34033203125,-51.14148712158203,-89.54432678222656
457,91.4,0.00021037879442709572,0.00025701977315158284,-0.0017465873043308224,-0.005730273491540735,20.00107800674238,405.353515625,-52.929691314697266,-89.54705047607422
458,91.6,7.091683413748266e-05,8.663909626576257e-05,-0.0017359438829642232,-0.005695354128984342,20.000620541425317,405.3672180175781,-54.7178840637207,-89.54165649414062
459,91.8,-2.6456458360196473e-05,-3.232185517865203e-05,-0.001767407457588509,-0.005798581083154684,20.00010103297212,405.38092041015625,-56.50600814819336,-89.53772735595703
460,92.0,-5.647156652461886e-05,-6.899131282312686e-05,-0.0017012520828747274,-0.005581535883578721,19.999870568570774,405.3946838378906,-58.29413604736328,-89.53772735595703
461,92.2,0.00027727916420511274,0.00033875195490938625,-0.0016656604330665447,-0.005464765375222043,19.999994775719117,405.4084167480469,-60.08226013183594,-89.5394515991211
462,92.4,1.3648998248189689e-06,1.6674981159813344e-06,-0.0015995300499390174,-0.005247802169041926,20.000259024664764,405.42218017578125,-61.870384216308594,-89.53292846679688
463,92.6,-0.00010019428799393454,-0.00012240736164218982,-0.0015943949014410454,-0.005230954568443839,20.000435809161946,405.4358825683594,-63.65850830078125,-89.5301513671875
464,92.8,-9.514869190434849e-05,-0.00011624315689954256,-0.001533268019589331,-0.005030407049389461,20.000383898266346,405.44964599609375,-65.4466323852539,-89.53270721435547
465,93.0,-7.177448922988979e-05,-8.768689349215636e-05,-0.0014620834053128656,-0.004796861719486662,20.000178587421157,405.46343994140625,-67.23475646972656,-89.53628540039062
466,93.2,-3.873508500884488e-05,-4.732265335530579e-05,-0.0014264683376006345,-0.004680014380733666,20.000001105991196,405.4771728515625,-69.02288055419922,-89.53929901123047
467,93.4,-3.4862272587018244e-05,-4.259123841956019e-05,-0.0013298144888840165,-0.004362908567710237,19.999952750860928,405.490966796875,-70.8110122680664,-89.541259765625
468,93.6,-3.763401541283134e-05,-4.597747662985605e-05,-0.0012558020496199153,-0.004120085596475003,20.000030040303734,405.5047302246094,-72.59913635253906,-89.54271697998047
469,93.8,-3.0542037315043674e-05,-3.7313206987788854e-05,-0.0012586002140978136,-0.004129265926420671,20.000153968402135,405.5184631347656,-74.38726043701172,-89.54418182373047
470,94.0,5.9212687279356705e-05,7.234014004919009e-05,-0.0015891029158556676,-0.005213592410455908,20.000199925270667,405.5318298339844,-76.17538452148438,-89.54549407958984
471,94.2,0.00037127267395887885,0.0004535838257755623,-0.0016145185060763298,-0.005296976895475466,20.000134474944943,405.5455017089844,-77.96350860595703,-89.54444122314453
472,94.4,0.0017978550114471456,0.002196439467484978,-0.0016254711520442776,-0.005332910774472948,20.000048608277233,405.5592041015625,-79.75163269042969,-89.53424072265625
473,94.6,0.0019655026492722784,0.0024012545866159423,-0.0011411541313450183,-0.00374394412028199,19.999936685430704,405.57427978515625,-81.53974914550781,-89.48351287841797
474,94.8,0.0007707103671545419,0.0009415768555527038,-0.0014412338948239954,-0.004728457811494357,19.999953460315645,405.5914611816406,-83.327880859375,-89.41341400146484
475,95.0,-0.0001782130891920525,-0.00021772293106593052,-0.0014855599884699617,-0.004873884632571789,20.00009406269866,405.610107421875,-85.11600494384766,-89.37188720703125
476,95.2,-0.00031387482087213796,-0.000383460868659491,-0.0013476424931595302,-0.004421399397257513,20.000189622925358,405.62890625,-86.90412902832031,-89.36737060546875
477,95.4,-0.0001563159542184953,-0.0001909712012687357,-0.00127029100906678,-0.004167621554186655,20.00016250441553,405.6476745605469,-88.69225311279297,-89.37696075439453
478,95.6,-5.841312975370174e-06,-7.136332062009742e-06,-0.0013548258749157159,-0.004444966923458477,20.000055293539006,405.6662902832031,-90.48037719726562,-89.38446044921875
479,95.8,0.0001313558755213282,0.00016047747312440667,-0.001847937141291953,-0.006062786090636291,19.999961328341538,405.6844482421875,-92.26850128173828,-89.38653564453125
480,96.0,0.0005253483301909406,0.0006418180549942721,-0.0019232365129944091,-0.006309831281292577,19.999953277512283,405.70306396484375,-94.05662536621094,-89.38335418701172
481,96.2,-8.908382515173878e-05,-0.00010883370918787927,-0.0016934264269670707,-0.005555861158650644,20.00000201407706,405.72198486328125,-95.84475708007812,-89.36839294433594
482,96.4,-0.0002873059956522674,-0.00035100173488837507,-0.0014857273148076548,-0.0048744336035135465,20.000092684713103,405.7408752441406,-97.63288116455078,-89.36529541015625
483,96.6,-0.00016263197765200744,-0.0001986874870974575,-0.0013251120813513439,-0.004347480720980743,20.000119259000215,405.75970458984375,-99.42100524902344,-89.37347412109375
484,96.8,-6.0524117950017834e-05,-7.394231489953679e-05,-0.001217249445791123,-0.003993600671729348,20.000080470433307,405.77850341796875,-101.2091293334961,-89.380859375
485,97.0,1.8624256226074727e-06,2.2753253831395494e-06,-0.0012329268686803439,-0.004045035787841219,20.000016546640627,405.79718017578125,-102.99725341796875,-89.38439178466797
486,97.2,7.029730870354937e-05,8.588222204312627e-05,-0.0014594080506068509,-0.00478808430875298,19.99998108871413,405.81561279296875,-104.7853775024414,-89.38521575927734
487,97.4,-9.26717548550826e-06,-1.1321708290645441e-05,-0.0013820565665141017,-0.004534306465682126,19.99999350190945,405.8343811035156,-106.57350158691406,-89.38348388671875
488,97.6,-3.976054737163052e-05,-4.8575460723921004e-05,-0.0013463247714765973,-0.0044170761632512795,20.00002788403788,405.8531188964844,-108.36162567138672,-89.38311767578125
489,97.8,-2.6272953449730526e-05,-3.2097667229535784e-05,-0.0013189013315129863,-0.004327104244481066,20.000066550995133,405.8717956542969,-110.14974975585938,-89.38430786132812
490,98.0,0.0004471185870641582,0.0005462447778162821,-0.0017604000798631834,-0.0057755909980183266,20.000078143441815,405.8900451660156,-111.93788146972656,-89.3855209350586
491,98.2,5.983357029518345e-05,7.309867282962562e-05,-0.0017441058136014069,-0.005722132117496039,20.00003940126638,405.90875244140625,-113.72600555419922,-89.374267578125
492,98.4,-0.0005914437211290617,-0.0007225667941033746,-0.001171987424124418,-0.0038451032205643557,19.999990000793353,405.9280090332031,-115.51412200927734,-89.35809326171875
493,98.6,-0.00045205548221377475,-0.0005522761826205686,-0.00082648818089573,-0.002711575483409947,20.00000652109041,405.947021484375,-117.30224609375,-89.3686752319336
494,98.8,9.268137238770217e-08,1.1322883264605575e-07,-0.001054367044091306,-0.0034592095729365203,20.00002954885709,405.9654846191406,-119.09037017822266,-89.3864517211914
495,99.0,0.00022950312451790205,0.00028038396722352094,-0.0015600248913316328,-0.005118192064476474,20.000038490071017,405.9836730957031,-120.87849426269531,-89.3916015625
496,99.2,0.00016329957794783057,0.0001995030943788646,-0.0018151414077496354,-0.0059551885362013135,20.00004426877472,406.0020751953125,-122.66661834716797,-89.3860092163086
497,99.4,-2.8034126906804238e-05,-3.424929284204274e-05,-0.0017987964766709883,-0.005901563432521246,20.000058243097634,406.0207824707031,-124.45474243164062,-89.37773895263672
498,99.6,-8.343314913961079e-05,-0.00010193027830386251,-0.0017649331992279412,-0.005790463437354999,20.00005151129019,406.0395202636719,-126.24286651611328,-89.37605285644531
499,99.8,0.0002456426975804425,0.0003001016836340266,-0.001690884235939192,-0.0055475206366387385,20.00003557548922,406.0582580566406,-128.03099060058594,-89.37847900390625
500,100.0,-2.1120398253684663e-06,-2.580279054652655e-06,-0.001597522437757356,-0.005241215514691844,20.000009322496968,406.0770263671875,-129.81912231445312,-89.37303924560547
501,100.2,-0.00012082568181417861,-0.000147612735472382,-0.0015811230313894165,-0.005187411686303653,20.000015540361407,406.0957336425781,-131.60723876953125,-89.37069702148438
502,100.4,-0.00011461850930802831,-0.00014002943282161818,-0.001468645479933795,-0.004818390836385991,20.000041501404997,406.1145324707031,-133.39537048339844,-89.3738021850586
503,100.6,-5.411094233328845e-05,-6.61073382485785e-05,-0.001395904152142457,-0.0045797381785150585,20.00005011189641,406.1332702636719,-135.18348693847656,-89.378173828125
504,100.8,-5.5697996781068166e-05,-6.804624266743098e-05,-0.0012881165013863582,-0.004226104142408419,20.000044088623877,406.1520690917969,-136.97161865234375,-89.38094329833984
505,101.0,-3.86118547224349e-05,-4.717210291439872e-05,-0.0012463646286440177,-0.004089122928240439,20.000040107295913,406.1708068847656,-138.75975036621094,-89.38314056396484
506,101.2,1.4593133940712934e-05,1.7828431735368992e-05,-0.0013469818685609503,-0.004419231993649508,20.00002851428456,406.1893615722656,-140.54786682128906,-89.3848876953125
507,101.4,3.9363294717322326e-05,4.809013715615269e-05,-0.0015445558592858209,-0.005067440645379293,20.00002280087738,406.2078552246094,-142.33599853515625,-89.38504028320312
508,101.6,-3.110835822942324e-06,-3.8005081248886368e-06,-0.0015123384321518336,-0.0049617404217410215,20.00002376045857,406.2265930175781,-144.12411499023438,-89.38400268554688
509,101.8,0.00022448712198934123,0.0002742559169343782,-0.0014382979003856565,-0.004718825283501277,20.000032383815977,406.2453308105469,-145.91224670410156,-89.3837890625
510,102.0,2.512104697288942e-06,3.0690383086779006e-06,-0.0013734534847323829,-0.004506081130849391,20.00003203028365,406.2640686035156,-147.7003631591797,-89.37798309326172
511,102.2,-0.00011331032305620879,-0.00013843122167777027,-0.0013266976560992062,-0.004352682738036519,20.000052899930967,406.2828063964844,-149.48849487304688,-89.375732421875
512,102.4,-8.342780664578104e-05,-0.00010192375137915069,-0.001276889624954333,-0.004189270557135174,20.000056598949183,406.3015441894531,-151.276611328125,-89.37863159179688
513,102.6,-6.007533916827176e-05,-7.339404186187761e-05,-0.0011414787768522462,-0.0037450092302479233,20.000042294165045,406.3203430175781,-153.0647430419922,-89.38204193115234
514,102.8,8.65145038999574e-06,1.0569476941457795e-05,-0.0012472838465419946,-0.004092138735088837,20.000019523107472,406.33892822265625,-154.85287475585938,-89.3846664428711
515,103.0,7.52313210230674e-05,9.191010489388143e-05,-0.001536257241074204,-0.005040214206805891,20.000013327869507,406.3573303222656,-156.6409912109375,-89.38521575927734
516,103.2,-4.1082981267087035e-06,-5.0191078214000226e-06,-0.0014587380340567151,-0.004785886091654633,20.000017913800693,406.3760986328125,-158.4291229248047,-89.3833236694336
517,103.4,-3.722989404486044e-05,-4.5483761554606e-05,-0.0014252982808546453,-0.004676175611759154,20.000029486755814,406.39483642578125,-160.2172393798828,-89.38275146484375
518,103.6,0.00020961578311909997,0.00025608760223660445,-0.0013512577490884664,-0.004433260473519404,20.00004498769892,406.41357421875,-162.00537109375,-89.38381958007812
519,103.8,1.7239854915458974e-05,2.106193075021623e-05,-0.0013183634933826537,-0.004325339683629545,20.000045188958822,406.4322814941406,-163.79348754882812,-89.37883758544922
520,104.0,-0.0001218704983348919,-0.00014888918781573744,-0.0012411312573555894,-0.004071953074382512,20.000045234062252,406.4510498046875,-165.5816192626953,-89.37635040283203
521,104.2,-8.895399555228643e-05,-0.00010867509636622832,-0.001190008729648389,-0.0039042282405796205,20.000036350648905,406.46978759765625,-167.36973571777344,-89.37932586669922
522,104.4,-5.945399069853385e-05,-7.263494043639881e-05,-0.00105603236323728,-0.0034646732186033977,20.00003215893415,406.48858642578125,-169.15786743164062,-89.38299560546875
523,104.6,9.135454220020679e-05,0.00011160784420599263,-0.0014670152005260176,-0.00481304215049378,20.000020329882567,406.5068664550781,-170.9459991455078,-89.3856430053711
524,104.8,4.765174914358997e-05,5.8216141928723866e-05,-0.0015170143650059045,-0.004977081409285972,20.00000802856376,406.5255126953125,-172.73411560058594,-89.384033203125
525,105.0,-2.0486333745828425e-05,-2.5028153937278585e-05,-0.0014343758765863624,-0.0047059577509396015,20.00002065721103,406.54425048828125,-174.52224731445312,-89.38201904296875
526,105.2,-4.40611682084748e-05,-5.382952920029366e-05,-0.0013873987333363359,-0.004551833260279184,20.00004579878426,406.56298828125,-176.31036376953125,-89.38201904296875
527,105.4,-4.3933730990919455e-05,-5.3673839151606295e-05,-0.0013103483082585483,-0.004299043143666976,20.000058527346248,406.5817565917969,-178.09849548339844,-89.38351440429688
528,105.6,0.00034266538482071444,0.00041863430063546686,-0.0015991080125052175,-0.005246417531747618,20.000043939022067,406.60015869140625,-179.88661193847656,-89.38524627685547
529,105.8,4.661185158677733e-05,5.694569908356586e-05,-0.0015828210950873788,-0.005192982761606476,20.000016421349006,406.6188659667969,-181.67474365234375,-89.37689208984375
530,106.0,-0.00010852825946624939,-0.00013258897458991688,-0.0015605781276087235,-0.005120007144183804,20.000019139916734,406.6375732421875,-183.46286010742188,-89.37224578857422
531,106.2,-0.00011859297386424851,-0.0001448850361699524,-0.001428165126748004,-0.004685581274439921,20.00003539722058,406.6563720703125,-185.25099182128906,-89.37448120117188
532,106.4,-6.848430254028089e-05,-8.366727241346116e-05,-0.0013814092981148274,-0.00453218288162705,20.000049736708853,406.67510986328125,-187.03912353515625,-89.3787612915039
533,106.6,-4.909643883754135e-05,-5.998111932782427e-05,-0.001277394634084467,-0.0041909274112896825,20.00004380255725,406.69390869140625,-188.82723999023438,-89.3819580078125
534,106.8,-2.433010004763973e-05,-2.972408322820146e-05,-0.0012267063299293288,-0.004024627195485339,20.000026416023942,406.7126159667969,-190.61537170410156,-89.38412475585938
535,107.0,7.298272259947876e-05,8.91629921997832e-05,-0.0016374753483564507,-0.005372294621901778,20.000018997575978,406.73089599609375,-192.4034881591797,-89.38542938232422
536,107.2,3.121310465434907e-05,3.813304995621826e-05,-0.0016656624689352032,-0.005464772054581372,20.000030696309437,406.74957275390625,-194.19161987304688,-89.3839111328125
537,107.4,0.0002871343612658711,0.0003507920491585147,-0.0015913202904686086,-0.00522086726178103,20.000041462377208,406.768310546875,-195.979736328125,-89.3824462890625
538,107.6,1.1854505867212288e-05,1.448264981797325e-05,-0.0015581890211796715,-0.005112168868247113,20.000033326749918,406.7870178222656,-197.7678680419922,-89.3746566772461
539,107.8,-0.0001245026715258808,-0.00015210491380316857,-0.001541894608277295,-0.005058709506620481,20.00003682264499,406.80572509765625,-199.5559844970703,-89.3714599609375
540,108.0,-0.00011720189693931592,-0.00014318555749076226,-0.0014301425500854261,-0.004692068884022269,20.000034373098284,406.82452392578125,-201.3441162109375,-89.37451171875
541,108.2,-5.388049730469832e-05,-6.582580355714994e-05,-0.0013568352178265591,-0.004451559256054088,20.00002791970161,406.84326171875,-203.1322479248047,-89.37896728515625
542,108.4,-5.3907399895277696e-05,-6.585867045206076e-05,-0.0012488880782742366,-0.004097401962725246,20.00003268858205,406.862060546875,-204.9203643798828,-89.3817367553711
543,108.6,-3.7318689025827934e-05,-4.559224238285399e-05,-0.0012078317978026437,-0.003962702875502826,20.0000290471804,406.88079833984375,-206.70849609375,-89.38387298583984
544,108.8,8.573432777173794e-05,0.00010474162823873224,-0.0016131150869297976,-0.005292372501802757,20.000032590567848,406.8990478515625,-208.49661254882812,-89.38555145263672
545,109.0,3.227345976663031e-05,3.942848579689225e-05,-0.0016273910804195432,-0.005339209752283654,20.00003598499542,406.917724609375,-210.2847442626953,-89.38385772705078
546,109.2,0.0003034101425890391,0.00037067617120102906,-0.0015804757629901429,-0.00518528810224858,20.000037928775154,406.93646240234375,-212.07286071777344,-89.38226318359375
547,109.4,-1.0049094791145244e-05,-1.2276979106342146e-05,-0.0015218586342366858,-0.004992974681549088,20.000028197957107,406.9552001953125,-213.86099243164062,-89.37401580810547
548,109.6,-0.00012746986801396575,-0.00015572993775266197,-0.0014868046169275659,-0.004877968059400635,20.000029842598426,406.9739074707031,-215.64910888671875,-89.3712158203125
549,109.8,-0.00011500596975191623,-0.00014050279324591606,-0.001409532877232928,-0.004624451844940879,20.00004259468104,406.99267578125,-217.43724060058594,-89.37456512451172
550,110.0,-6.268050452486404e-05,-7.65767723780264e-05,-0.0013300936988717587,-0.0043638246110064205,20.00004502160194,407.0114440917969,-219.22537231445312,-89.37896728515625
551,110.2,-4.006633700363008e-05,-4.8949043917334865e-05,-0.0012243084370534027,-0.004016760092622286,20.000039819695893,407.03021240234375,-221.01348876953125,-89.3819808959961
552,110.4,-4.647240677544144e-05,-5.677533935755681e-05,-0.0011472017470875546,-0.003763785379914733,20.000027971796566,407.0489807128906,-222.80162048339844,-89.38385772705078
553,110.6,7.588973116529297e-05,9.271448456463844e-05,-0.001565551586454726,-0.005136324266904123,20.000023204835273,407.0672607421875,-224.58973693847656,-89.38561248779297
554,110.8,4.870720098145159e-05,5.95055874390394e-05,-0.0016028170001312746,-0.005258586126710691,20.000018964551455,407.08587646484375,-226.37786865234375,-89.38426971435547
555,111.0,-0.00262943493767996,-0.0032123806633636075,-0.001525385771640412,-0.005004546655028729,20.000030190025115,407.1046447753906,-228.16598510742188,-89.38231658935547
556,111.2,-0.003357566278347838,-0.0041019387222575535,-0.0034314887621445123,-0.011258165590394201,20.00006453820555,407.1214294433594,-229.9541015625,-89.45049285888672
557,111.4,-0.014129191133188099,-0.0172616328074159,-0.004482756154500377,-0.014707205701931016,20.000038850504748,407.1348876953125,-231.74221801757812,-89.56543731689453
558,111.6,-0.020316109145781098,-0.024820190543400768,-0.004843666183582054,-0.015891293761743346,19.999007246924922,407.1373596191406,-233.5303497314453,-89.96932983398438
559,111.8,-0.02020048876150906,-0.02467893711993562,-0.004985538498900692,-0.016356754128733345,19.99788117568945,407.1202697753906,-235.3181610107422,-90.64495086669922
560,112.0,-0.018286663032724294,-0.022340816227079268,-0.007855184639264781,-0.025771603971885465,19.99830748540329,407.0806579589844,-237.10557556152344,-91.38784790039062
561,112.2,-0.017204739607435727,-0.021019030378404226,-0.012638778374079326,-0.041465809640814415,19.999782125550215,407.0194091796875,-238.8925323486328,-92.08427429199219
562,112.4,-0.01704307118957167,-0.02082152007229971,-0.018169828385873735,-0.05961229976150998,20.000940226594793,406.93756103515625,-240.6787567138672,-92.7333984375
563,112.6,-0.016712166290759167,-0.020417253557420474,-0.005931834086664083,-0.019461398544890988,20.000980102651397,406.8357849121094,-242.46405029296875,-93.36605072021484
564,112.8,-0.01777604892045214,-0.021716998966116383,-0.006764560632287378,-0.022193441104833723,20.000229234999715,406.7146301269531,-244.24806213378906,-93.98782348632812
565,113.0,-0.018259988279145056,-0.022308227680631516,-0.007815667053472072,-0.025641953095713314,19.999241108813198,406.5735168457031,-246.03048706054688,-94.63343048095703
566,113.2,-0.018085239638760714,-0.022094737266673964,-0.009811719930169183,-0.032190683215696264,19.99888294430117,406.4117126464844,-247.81114196777344,-95.3023452758789
567,113.4,-0.017796896814859426,-0.021742468838713763,-0.012902877859370908,-0.04233227779613845,19.99935355370903,406.2290954589844,-249.5897674560547,-95.9722900390625
568,113.6,-0.01768644623409527,-0.02160753136419419,-0.016746159031885158,-0.0549414683981701,20.000147842128236,406.0260925292969,-251.3662567138672,-96.63335418701172
569,113.8,-0.017237965894333615,-0.021059622933107376,-0.005434464036578587,-0.01782960698976849,20.00059166550989,405.8024597167969,-253.14031982421875,-97.28851318359375
570,114.0,-0.017861378119734882,-0.021821245648880105,-0.005849194124783158,-0.019190270052353575,20.000514349003605,405.55908203125,-254.91183471679688,-97.93082427978516
571,114.2,-0.018092823426744,-0.022104002380453142,-0.006873581007030186,-0.022551119511104913,19.99995597272564,405.2955017089844,-256.6803894042969,-98.58453369140625
572,114.4,-0.017946915997701627,-0.021925747274392077,-0.008829036214431667,-0.02896665517375599,19.999521458755932,405.0114440917969,-258.44573974609375,-99.2503433227539
573,114.6,-0.017781493900418905,-0.021723651098141776,-0.011648741092057525,-0.03821765572446601,19.99952917428598,404.70703125,-260.2076416015625,-99.91510772705078
574,114.8,-0.017643599085643523,-0.02155518500293069,-0.015468335496990504,-0.050749133831946326,19.999889185021413,404.3821105957031,-261.9659118652344,-100.57428741455078
575,115.0,-0.01762284242492183,-0.021529826590527,-0.019883057264526133,-0.06523312959574791,20.000252388067544,404.037109375,-263.7204284667969,-101.22810363769531
576,115.2,-0.017343523490592802,-0.021188582648457226,-0.00620077172544195,-0.020343739907698968,20.000333479176874,403.6720886230469,-265.4709167480469,-101.87989807128906
577,115.4,-0.017934396217030475,-0.02191045185834613,-0.006830185141976822,-0.022408744621203236,20.00021382981907,403.2876892089844,-267.2171936035156,-102.52416229248047
578,115.6,-0.01811091781561366,-0.02212610829533521,-0.008152320103685606,-0.026746457888975884,19.999889143629172,402.88330078125,-268.9588928222656,-103.18080139160156
579,115.8,-0.017950058726810353,-0.02192958674654421,-0.010410736422545148,-0.03415596048454302,19.99971335898107,402.458740234375,-270.6957702636719,-103.84788513183594
580,116.0,-0.01773347884593381,-0.021664991106077336,-0.01385512881056361,-0.045456460806849515,19.999803490894276,402.0137939453125,-272.4276123046875,-104.51297760009766
581,116.2,-0.017681775273483066,-0.021601824851614264,-0.01780372683859474,-0.05841117916113517,20.000058406490243,401.5492858886719,-274.1542663574219,-105.17097473144531
582,116.4,-0.017343693448847956,-0.021188790286457548,-0.00555154329152191,-0.018213725292556743,20.000223657116784,401.0648498535156,-275.87548828125,-105.8252944946289
583,116.6,-0.017884585323551555,-0.021849597889782937,-0.0060625134474386055,-0.019890136618894473,20.000258292624114,400.5611267089844,-277.59112548828125,-106.47022247314453
584,116.8,-0.018112647139756886,-0.022128221010640988,-0.0071261022508642136,-0.023379601308725347,20.000043160706905,400.0379638671875,-279.3009338378906,-107.12561798095703
585,117.0,-0.017903564112838267,-0.02187278427665451,-0.009306341667318672,-0.03053261799580579,19.999842900745698,399.4947814941406,-281.0045166015625,-107.79225158691406
586,117.2,-0.017750192021678546,-0.02168540959288468,-0.012242570091871352,-0.040165913660215206,19.999838562513336,398.93206787109375,-282.7016906738281,-108.45616912841797
587,117.4,-0.01767229852987715,-0.02159024711395091,-0.016106862834597474,-0.05284403986226078,19.999997644057323,398.3497619628906,-284.39227294921875,-109.11412048339844
588,117.6,-0.01723459680793331,-0.021055506920252123,-0.0054180095771281245,-0.017775622541025035,20.000153017304488,397.7481689453125,-286.0761413574219,-109.76836395263672
589,117.8,-0.017903453758673082,-0.021872649456970903,-0.005634642988129712,-0.018486362101175484,20.00026479100836,397.1277160644531,-287.75311279296875,-110.41038513183594
590,118.0,-0.018153372991232285,-0.02217797578338848,-0.006341908463068299,-0.020806786961973,20.00009461111464,396.48828125,-289.42291259765625,-111.06512451171875
591,118.2,-0.01798286618218163,-0.021969667614771298,-0.00811627315798698,-0.026628193627650003,19.99986636035936,395.82940673828125,-291.0851745605469,-111.73294830322266
592,118.4,-0.017749105604583423,-0.021684082317119567,-0.010924117655680979,-0.03584028216946438,19.999824960299748,395.15130615234375,-292.7396240234375,-112.39930725097656
593,118.6,-0.01765245456337484,-0.021566003740075043,-0.014435080912167886,-0.04735919085987689,19.99996905623293,394.4541015625,-294.3861999511719,-113.05805969238281
594,118.8,-0.017642439887846032,-0.021553768810981498,-0.018708297541787988,-0.0613789309069997,20.000135412762113,393.7381591796875,-296.0246887207031,-113.71183776855469
595,119.0,-0.017411243947582408,-0.02127131673076143,-0.005640652884524977,-0.018506079609664924,20.000192009605694,393.0036315917969,-297.6548767089844,-114.36422729492188
596,119.2,-0.017895464336970205,-0.0218628887804765,-0.006295997323181257,-0.020656159857785995,20.000160872637093,392.2507019042969,-299.2767028808594,-115.01045989990234
597,119.4,-0.018030002053058342,-0.022027253508221375,-0.007664706911002912,-0.025146677021894794,19.999975940953743,391.479248046875,-300.88983154296875,-115.66681671142578
598,119.6,-0.017904168936942938,-0.021873523190263186,-0.00988244844452034,-0.03242273215472011,19.999861955306425,390.6891784667969,-302.493896484375,-116.33148956298828
599,119.8,-0.017765203089556994,-0.02170374861451178,-0.012962319732582855,-0.04252729707144714,19.999908400148644,389.8807067871094,-304.08868408203125,-116.9946060180664
600,120.0,-0.017683850281688857,-0.021604359889139276,-0.01681741916831464,-0.0551752615041734,20.000044168554002,389.0538330078125,-305.6741027832031,-117.65293884277344
601,120.2,-0.017298163258026484,-0.021133166052330954,-0.005424645416044371,-0.017797393666775015,20.000154566045808,388.2088928222656,-307.24993896484375,-118.3076400756836
602,120.4,-0.017896404800953957,-0.02186403774532545,-0.005806054525626991,-0.01904873592985806,20.00020178113981,387.3462829589844,-308.816162109375,-118.95152282714844
603,120.6,-0.018101545999851025,-0.022114658748017997,-0.006791396950214398,-0.022281486770141405,20.000045712648593,386.4658508300781,-310.3724365234375,-119.60679626464844
604,120.8,-0.017946722460569598,-0.021925510830077877,-0.008697907081999141,-0.028536441470906063,19.999889485114895,385.56744384765625,-311.9183654785156,-120.27326965332031
605,121.0,-0.01774258927825172,-0.021676121321240124,-0.011580913544448457,-0.037995124393168274,19.999895380250834,384.651123046875,-313.4538269042969,-120.93819427490234
606,121.2,-0.017670316564754065,-0.02158782574716004,-0.015174938451984588,-0.04978654507080912,20.000008293280466,383.71722412109375,-314.9786071777344,-121.59637451171875
607,121.4,-0.017665616971130508,-0.021582084253630143,-0.01949817680043553,-0.0639703983739409,20.00011164341163,382.7659606933594,-316.4926452636719,-122.25053405761719
608,121.6,-0.0174673634174943,-0.021339877887152785,-0.005748849976477288,-0.018861056956825745,20.000153950383346,381.79742431640625,-317.9957580566406,-122.90367126464844
609,121.8,-0.017874474379681305,-0.02183724534965665,-0.006565913586598304,-0.021541711931455182,20.000141651862094,380.8119812011719,-319.4877624511719,-123.55162811279297
610,122.0,-0.01800656719498384,-0.021998623142111758,-0.00807383396928911,-0.026488957439802483,19.999974518236417,379.80950927734375,-320.96844482421875,-124.20799255371094
611,122.2,-0.017894540385662887,-0.02186175998916435,-0.010383765921046645,-0.034067474584406676,19.999890974701565,378.7900695800781,-322.4373779296875,-124.87186431884766
612,122.4,-0.01776045252361321,-0.02169794484809826,-0.013594855721231924,-0.04460254644444655,19.999930033108008,377.753662109375,-323.8944396972656,-125.5344467163086
613,122.6,-0.017691297726653774,-0.021613458432652916,-0.01760215766856743,-0.05774986296534277,20.00004342382172,376.7005920410156,-325.3394775390625,-126.19247436523438
614,122.8,-0.017368487506441422,-0.021219081186619485,-0.0054570921919640525,-0.017903846347083342,20.000140016989935,375.6310119628906,-326.77239990234375,-126.8472900390625
615,123.0,-0.01787027776467981,-0.021832118345109324,-0.006029499667039917,-0.019781823687611243,20.000172637597338,374.5453186035156,-328.193115234375,-127.49295806884766
616,123.2,-0.018049157812145823,-0.02205065609909855,-0.007222350535038877,-0.02369537652937695,20.000041593988477,373.4434814453125,-329.6013488769531,-128.14825439453125
617,123.4,-0.017899894253676395,-0.021868300809716454,-0.009329035529544089,-0.030607072926749426,19.999920391142126,372.32537841796875,-330.9967041015625,-128.81312561035156
618,123.6,-0.017759354193424656,-0.021696603018106903,-0.012239268695710792,-0.040155082307635794,19.999927492518975,371.1912841796875,-332.37908935546875,-129.47625732421875
619,123.8,-0.017693332711950675,-0.02161594457419014,-0.01597360151069499,-0.05240683078034855,20.000025135856145,370.04132080078125,-333.7483215332031,-130.13433837890625
620,124.0,-0.01728561099998035,-0.02111783095867599,-0.005326740305435673,-0.017476182663685575,20.000116097997694,368.8758239746094,-335.1043701171875,-130.7892608642578
621,124.2,-0.01794527321935539,-0.02192374029208648,-0.005448385259488875,-0.01787528029474148,20.000185742399996,367.6951904296875,-336.4471740722656,-131.4328155517578
622,124.4,-0.018127709628699955,-0.022146622853382734,-0.006296341209691775,-0.020657288094405164,20.00003951709409,366.4991760253906,-337.7763671875,-132.0891876220703
623,124.6,-0.01794411808580437,-0.0219223290654272,-0.008036422759260992,-0.026366217245493834,19.999891751233935,365.2878723144531,-339.0916442871094,-132.75677490234375
624,124.8,-0.017745810321225873,-0.02168005646944165,-0.010751495557351554,-0.03527393668438127,19.999909186397414,364.0613708496094,-340.3927307128906,-133.42184448242188
625,125.0,-0.01764347639910994,-0.021555035116792617,-0.014350155422173771,-0.0470805639152846,20.000024461402155,362.8199462890625,-341.6795654296875,-134.08009338378906
626,125.2,-0.01766293169153582,-0.021578803647549313,-0.01847339183711111,-0.06060824287486761,20.00012902568575,361.5638732910156,-342.95220947265625,-134.73355102539062
627,125.4,-0.017435746715946596,-0.021301251762871957,-0.00560120645927642,-0.01837666219985245,20.00013646921308,360.29339599609375,-344.21044921875,-135.3863983154297
628,125.6,-0.01787857383310333,-0.02184225365190234,-0.006256859215853894,-0.02052775398974209,20.000120343411112,359.0087890625,-345.4542236328125,-136.03347778320312
629,125.8,-0.01803171417815098,-0.022029345211447053,-0.007483822653005248,-0.02455322471288574,19.999970722659192,357.7100830078125,-346.6832275390625,-136.6895751953125
630,126.0,-0.017922847124584227,-0.02189634233210455,-0.009665972753099439,-0.031712510047278764,19.999879654968122,356.397216796875,-347.89715576171875,-137.3540802001953
631,126.2,-0.01775122738044319,-0.021686674490687445,-0.012833687650501996,-0.04210527579127297,19.999936748523794,355.0703430175781,-349.0957336425781,-138.01766967773438
632,126.4,-0.017680384628655694,-0.02160012590082866,-0.016621711522100735,-0.054533176030168974,20.000067685555017,353.72979736328125,-350.279052734375,-138.67581176757812
633,126.6,-0.01729267701411681,-0.02112646350814651,-0.005363612159549114,-0.017597153317535114,20.0001703443381,352.3758239746094,-351.4468688964844,-139.3302764892578
634,126.8,-0.01786708489241547,-0.02182821761306398,-0.005778970654319315,-0.018959878081516984,20.00019696133071,351.0086975097656,-352.5993957519531,-139.97390747070312
635,127.0,-0.01811388719068823,-0.02212973598086381,-0.0067351861881093655,-0.02209706825339673,20.000020298983827,349.62860107421875,-353.73626708984375,-140.62831115722656
636,127.2,-0.01796013174661996,-0.021941892954845606,-0.00858975187779523,-0.028181601550745703,19.999862089644306,348.2353820800781,-354.85711669921875,-141.2947998046875
637,127.4,-0.017749294788469292,-0.021684313443072933,-0.01142175789343794,-0.03747296016710693,19.999880789670616,346.8292541503906,-355.9616394042969,-141.96011352539062
638,127.6,-0.017660751731020802,-0.021576140389788116,-0.015082697052426208,-0.049483915797482,20.00003019228196,345.4105529785156,-357.04986572265625,-142.61859130859375
639,127.8,-0.017665231442845184,-0.02158161325372396,-0.019392186517272203,-0.06362266121332734,20.000153269398396,343.97943115234375,-358.1218566894531,-143.2725372314453
640,128.0,-0.01747160029334516,-0.021345054078379784,-0.0057697942626173115,-0.01892977180856538,20.00016319987711,342.53619384765625,-359.177490234375,-143.92556762695312
641,128.2,-0.017848595554363418,-0.021805629188765788,-0.006604614691193833,-0.021668684063456376,20.00012644982366,341.0810546875,-360.2166748046875,-144.57354736328125
642,128.4,-0.017988512695798542,-0.02197656596045708,-0.00804495489609098,-0.026394209821291127,19.99996954930911,339.61419677734375,-361.2391357421875,-145.2293243408203
643,128.6,-0.017906923160475742,-0.021876888025153213,-0.010359054148402908,-0.03398639921224619,19.99989199606042,338.1356506347656,-362.24462890625,-145.8924560546875
644,128.8,-0.01778524029879578,-0.021728228073038806,-0.013506227152062011,-0.04431177028957113,19.999920891613314,336.6455383300781,-363.2330017089844,-146.5551300048828
645,129.0,-0.01770755960052113,-0.021633325563956664,-0.017427108008100878,-0.05717555303729768,20.000040755947158,335.1441650390625,-364.2041320800781,-147.2139129638672
646,129.2,-0.01737574294100075,-0.021227945151020614,-0.0054111829880546525,-0.017753225594529225,20.000136512904263,333.63177490234375,-365.1579895019531,-147.86940002441406
647,129.4,-0.017860323968651354,-0.02181995779250136,-0.005978749987284537,-0.019615322108282603,20.000186912563162,332.1086730957031,-366.09466552734375,-148.51548767089844
648,129.6,-0.018053069358794086,-0.022055434835638734,-0.007108441229343912,-0.02332165832288068,20.000045973506374,330.574951171875,-367.01397705078125,-149.1706085205078
649,129.8,-0.01790374079120084,-0.021873000124610065,-0.009162579738254524,-0.030060958108454973,19.999906486445695,329.03076171875,-367.9153747558594,-149.8355255126953
650,130.0,-0.017741801000630934,-0.021675158282470814,-0.01216224468658511,-0.03990237885753589,19.999914987761617,327.47613525390625,-368.7988586425781,-150.49879455566406
651,130.2,-0.01768259888861275,-0.0216028310622182,-0.01594268696646517,-0.052305405107057584,20.000038771403872,325.9115295410156,-369.6643981933594,-151.15652465820312
652,130.4,-0.017266306581939016,-0.021094246751154896,-0.005405373856502471,-0.017734166763367566,20.0001265503164,324.3371276855469,-370.5121154785156,-151.81094360351562
653,130.6,-0.01788166789439926,-0.021846033666587578,-0.005589469318661944,-0.018338154519438852,20.000190709694163,322.7532653808594,-371.3419494628906,-152.45391845703125
654,130.8,-0.018159800676811687,-0.022185828486860838,-0.00630131016765656,-0.020673590450454346,20.000031769233555,321.16009521484375,-372.1537170410156,-153.10842895507812
655,131.0,-0.017981640516006463,-0.021968170218405098,-0.008086719534322542,-0.02653123291698677,19.999878279434494,319.5575866699219,-372.9468994140625,-153.77622985839844
656,131.2,-0.017757095373520156,-0.021693843417829574,-0.010728322450643993,-0.03519790942897084,19.999892065586955,317.9460144042969,-373.721435546875,-154.442626953125
657,131.4,-0.017663430002500043,-0.021579412434054302,-0.014136614195646935,-0.04637996931764629,20.000025696672388,316.3255920410156,-374.4773864746094,-155.1015625
658,131.6,-0.017651124325884213,-0.02156437858893274,-0.018325094953794252,-0.06012170452820633,20.00015783099603,314.69659423828125,-375.2146911621094,-155.7556915283203
659,131.8,-0.01738129317726145,-0.021234725874660316,-0.005637552047211447,-0.018495906258573204,20.00017279979484,313.0592956542969,-375.9333801269531,-156.4084014892578
660,132.0,-0.017917823233429567,-0.021890204644280903,-0.006188271665474199,-0.02030272921095437,20.000130852845427,311.4140319824219,-376.6336364746094,-157.053955078125
661,132.2,-0.018059007632548887,-0.022062689624684974,-0.007460876307609235,-0.024477941425056684,19.999946148861337,309.7608642578125,-377.31494140625,-157.71054077148438
662,132.4,-0.017896297245635573,-0.02186390634499298,-0.009642587964751065,-0.03163578829827388,19.999851665371633,308.0999755859375,-377.9770202636719,-158.3761444091797
663,132.6,-0.01774414716324093,-0.021678024589331442,-0.012708054221840098,-0.04169309261318187,19.99991895015314,306.4315490722656,-378.6198425292969,-159.039306640625
664,132.8,-0.017684965972581883,-0.021605722928703285,-0.016554582148230357,-0.054312935295200086,20.00006701190452,304.7557373046875,-379.2434997558594,-159.69700622558594
665,133.0,-0.017326238900738703,-0.021167466065032472,-0.005336993268906576,-0.01750982099635945,20.000159188309876,303.07293701171875,-379.8479919433594,-160.35147094726562
666,133.2,-0.017904165293016524,-0.021873518738478287,-0.00570293521867099,-0.01871041798282453,20.000214612317603,301.3834228515625,-380.4333801269531,-160.9959716796875
667,133.4,-0.018102240935921565,-0.022115507751415374,-0.006615206402866863,-0.02170343377478172,20.000039695933385,299.68731689453125,-380.99951171875,-161.65167236328125
668,133.6,-0.01789956401131445,-0.021867897352622862,-0.008584142270918345,-0.02816319732811974,19.99988098441787,297.9847717285156,-381.5457763671875,-162.31826782226562
669,133.8,-0.017760790020340887,-0.02169835716785046,-0.011319707168620574,-0.03713814806709712,19.99988588511092,296.27606201171875,-382.0724792480469,-162.98190307617188
670,134.0,-0.017661478926138875,-0.021577028804063862,-0.015042142951649184,-0.04935086428148871,20.00001844559443,294.5613098144531,-382.57928466796875,-163.6400604248047
671,134.2,-0.017683237168487898,-0.021603610848741666,-0.019121323494972975,-0.06273400297524713,20.000146452702836,292.8409423828125,-383.06671142578125,-164.2941436767578
672,134.4,-0.017417556835947593,-0.021279029186477175,-0.005796684890019915,-0.01901799565457294,20.00014911107102,291.1150817871094,-383.5341796875,-164.9476318359375
673,134.6,-0.017839991248277,-0.021795117308020008,-0.006608029143706756,-0.021679886335838873,20.00012131804429,289.3840026855469,-383.9822082519531,-165.59445190429688
674,134.8,-0.017986579108976154,-0.02197420369743617,-0.008162263475747437,-0.026779080501771222,19.999964066530914,287.64794921875,-384.41033935546875,-166.2494659423828
675,135.0,-0.017911318092905935,-0.021882257314103183,-0.010443239078311004,-0.03426259649768587,19.999875744395553,285.9071044921875,-384.8185119628906,-166.9124298095703
676,135.2,-0.017809729673067317,-0.02175814674158634,-0.013408375435211978,-0.043990734462860864,19.999932101786275,284.16168212890625,-385.2066650390625,-167.5751953125
677,135.4,-0.0177643893872673,-0.02170275451442446,-0.017066067027083937,-0.05599103534513806,20.00004761803809,282.4118957519531,-385.5747985839844,-168.23471069335938
678,135.6,-0.017436992570698116,-0.02130277382362189,-0.00521406701594454,-0.017106519628591485,20.000145321893637,280.657958984375,-385.9226379394531,-168.89193725585938
679,135.8,-0.017904265857452667,-0.02187364159804992,-0.005627633922660039,-0.01846336647881996,20.000174538336758,278.9002380371094,-386.250732421875,-169.54019165039062
680,136.0,-0.01798741559911653,-0.021975225637440664,-0.006915299447178523,-0.022687991038281185,20.00003772685887,277.1388244628906,-386.5584716796875,-170.19708251953125
681,136.2,-0.017867913474396365,-0.02182922989167004,-0.009018024347679404,-0.029586695000840494,19.99990839091153,275.3740234375,-386.84588623046875,-170.8607635498047
682,136.4,-0.01772980932515201,-0.02166050805253821,-0.012026550590500146,-0.0394571882393365,19.99992033473695,273.60601806640625,-387.11285400390625,-171.5224609375
683,136.6,-0.01768226214139967,-0.02160241965814798,-0.01564244851991664,-0.051320370802083314,20.000031753881604,271.8350524902344,-387.3595886230469,-172.179443359375
684,136.8,-0.01716988848419777,-0.020976452761144414,-0.005457170283482582,-0.017904102552860995,20.00011770087734,270.0614929199219,-387.58587646484375,-172.83372497558594
685,137.0,-0.017942649411518515,-0.02192053478605217,-0.005533803173924837,-0.01815552280513956,20.000213224531272,268.2853698730469,-387.79241943359375,-173.4741668701172
686,137.2,-0.01821138737442274,-0.022248851955332258,-0.006176057609036036,-0.02026265684602979,20.000046834560692,266.50701904296875,-387.9787292480469,-174.12924194335938
687,137.4,-0.017981672882719447,-0.021968209760818348,-0.007870475060230852,-0.025821769396607786,19.999875319222927,264.7266540527344,-388.1442565917969,-174.7989501953125
688,137.6,-0.017737700829652567,-0.021670149103586542,-0.010608827687499111,-0.034805866230254584,19.999877280725613,262.9444885253906,-388.2890625,-175.46592712402344
689,137.8,-0.01765485751727156,-0.021568939428850662,-0.014050790874893047,-0.0460983967339841,20.000016871457017,261.1607666015625,-388.41339111328125,-176.1243896484375
690,138.0,-0.01763846319063977,-0.02154891048000461,-0.018227372091637314,-0.05980109145312737,20.000153496808412,259.3757019042969,-388.5172119140625,-176.77810668945312
691,138.2,-0.017377975823994012,-0.021230673064173484,-0.005609557176379301,-0.018404059566552267,20.00017385829337,257.5895690917969,-388.60076904296875,-177.43038940429688
692,138.4,-0.017824582363024866,-0.02177629227290748,-0.006402693997658537,-0.021006214575278032,20.00013999810683,255.8026123046875,-388.6639404296875,-178.07569885253906
693,138.6,-0.017887718177846734,-0.021853425297875356,-0.0075886262572497035,-0.024897068569835118,19.99997147895501,254.01502990722656,-388.7069396972656,-178.72987365722656
694,138.8,-0.013020326929656528,-0.01590693340996138,-0.009475407235689058,-0.03108729507513809,19.999877011015887,252.2270965576172,-388.7293701171875,-179.39012145996094
695,139.0,-0.005868285732438174,-0.007169284679319717,-0.005115305315159127,-0.01678249829018667,20.00051046227663,250.43899536132812,-388.73443603515625,-179.92530822753906
696,139.2,-0.0009811238913466677,-0.0011986390580582239,-0.001386220022797023,-0.004547966099593385,20.001154560540456,248.65087890625,-388.72894287109375,179.77520751953125
697,139.4,0.0008375714156447094,0.0010232609984931415,-0.0019160429908062016,-0.006286230485956618,20.001166456291696,246.8627471923828,-388.71917724609375,179.67994689941406
698,139.6,0.002066311482832826,0.002524412738576864,-0.0030665428732046113,-0.010060836520124617,20.000701802015406,245.0746307373047,-388.7088317871094,179.68734741210938
699,139.8,6.701421034784055e-05,8.187126078195681e-05,-0.0027109260690395764,-0.008894114684347804,20.000165544813907,243.2864990234375,-388.6999816894531,179.7489776611328
700,140.0,-0.0010093899076989436,-0.0012331716502357994,-0.0016367560650363188,-0.005369934768413756,20.000032828332195,241.4983673095703,-388.69183349609375,179.77249145507812
701,140.2,-0.000642042739574314,-0.0007843836149379394,-0.0009899160106503608,-0.0032477560443821296,20.000180516735153,239.7102508544922,-388.6832580566406,179.748046875
702,140.4,-5.0185114510392376e-06,-6.131115439734637e-06,-0.001076437863502032,-0.0035316204000920065,20.000374157268155,237.922119140625,-388.6739501953125,179.7208251953125
703,140.6,0.00021104685921488763,0.0002578359479028282,-0.0013746478514771506,-0.004509999657040295,20.000434878527628,236.13400268554688,-388.6644592285156,179.71328735351562
704,140.8,0.00013929921435727353,0.0001701818501802811,-0.0015821990817424406,-0.005190942035343869,20.000340603556317,234.3458709716797,-388.655029296875,179.7182159423828
705,141.0,0.0007366844413404562,0.0009000073819856353,-0.0017592893341018636,-0.0057719468188947584,20.000168918811777,232.55775451660156,-388.6456298828125,179.72389221191406
706,141.2,0.00256372917259807,0.003132107930163062,-0.00024637293909135233,-0.0008083101934884724,20.000029528414814,230.76962280273438,-388.63677978515625,179.74459838867188
707,141.4,0.004349065045773859,0.005313252766421923,0.0033677909537090972,0.011049183272566954,19.99993547606663,228.98150634765625,-388.62994384765625,179.81915283203125
708,141.6,0.00542433132081259,0.006626905574636742,0.00017961996011674279,0.0005893043499494144,19.999911267438524,227.19337463378906,-388.6272277832031,179.9595184326172
709,141.8,0.005222090835120304,0.006379828373266476,-5.113912122444884e-05,-0.00016777927447802072,19.999974290047767,225.40524291992188,-388.6300354003906,-179.85243225097656
710,142.0,0.002145614693444461,0.0026212974709810977,-0.00036340354904984334,-0.001192268899864688,20.000127660499476,223.61712646484375,-388.63873291015625,-179.6573486328125
711,142.2,-0.00033023366013001525,-0.00040344646258083964,-0.0007588750723742127,-0.002489747692448212,20.000388792539795,221.82899475097656,-388.65142822265625,-179.54385375976562
712,142.4,-0.0008120258537687244,-0.0009920519855492506,-0.0004198333382561861,-0.0013774060094844257,20.000416181310857,220.04087829589844,-388.6651916503906,-179.5269012451172
713,142.6,-0.0002729364870597075,-0.00033344650624084465,-0.0004798942369065623,-0.001574456208212526,20.00020448585939,218.25274658203125,-388.6785583496094,-179.55006408691406
714,142.8,0.0001843564219623866,0.00022522824071144771,-0.0009873549156068804,-0.0032393535013196775,19.99993825529992,216.46463012695312,-388.6914367675781,-179.56581115722656
715,143.0,0.00023846760404650766,0.0002913358718636184,-0.0014778577803526392,-0.004848614920092153,19.99983358397366,214.67649841308594,-388.70440673828125,-179.56446838378906
716,143.2,0.00014424850820444,0.00017622840247336432,-0.0018223769005250873,-0.005978927030318728,19.99992944876338,212.88836669921875,-388.7174987792969,-179.55662536621094
717,143.4,0.0005952343989544884,0.0007271978652026985,-0.0021274216474764266,-0.00697973003790656,20.000102892453135,211.10025024414062,-388.7305908203125,-179.55038452148438
718,143.6,-0.00010351886449901219,-0.0001264689967584432,-0.0018341786486177087,-0.0060176466775309235,20.000189757725376,209.31211853027344,-388.7442932128906,-179.53329467773438
719,143.8,-0.00036453058575914877,-0.00044534701662195204,-0.001525587242530341,-0.0050052076487832435,20.000185334348153,207.5240020751953,-388.7580261230469,-179.52980041503906
720,144.0,-0.00026092442384887505,-0.00031877136861617066,-0.0012171799824728957,-0.003993372773696375,20.000097659613534,205.73587036132812,-388.7717590332031,-179.5401153564453
721,144.2,6.0736180837018024e-05,7.420139212858492e-05,-0.0014861863923328659,-0.004875939763421359,19.99998606443709,203.94775390625,-388.784912109375,-179.55088806152344
722,144.4,0.00015430450711500558,0.0001885138163424023,-0.0017597716452107805,-0.005773529204473337,19.999939605179687,202.1596221923828,-388.79803466796875,-179.55233764648438
723,144.6,0.00010669157756485126,0.0001303451003109788,-0.0020310674765797233,-0.006663607419861819,19.99998663641826,200.3715057373047,-388.8111877441406,-179.54794311523438
724,144.8,-8.844782046932387e-05,-0.00010805670226737298,-0.0017226880520841877,-0.005651863868799886,20.000063569405633,198.5833740234375,-388.8249206542969,-179.5436248779297
725,145.0,-8.720370687610618e-05,-0.00010653676869053891,-0.0017299531529573848,-0.005675699502348706,20.00011306058287,196.7952423095703,-388.8383483886719,-179.54486083984375
726,145.2,1.2703259521536024e-05,1.551957215746056e-05,-0.0019739644566746945,-0.0064762615480366045,20.00009449617197,195.0071258544922,-388.85150146484375,-179.54806518554688
727,145.4,0.0005324050124634686,0.0006504392037266196,-0.0022180900805183063,-0.00727719865976768,20.000033397750382,193.218994140625,-388.8646545410156,-179.54881286621094
728,145.6,-8.226379370294609e-06,-1.0050167676688923e-05,-0.0020145234236982083,-0.006609329029406029,19.999973592583732,191.43087768554688,-388.8782653808594,-179.534912109375
729,145.8,-0.0003042057321903387,-0.00037164814301693676,-0.0017060901089960847,-0.0055974086731987146,19.999989963735917,189.6427459716797,-388.8919982910156,-179.52972412109375
730,146.0,-0.000272840235360037,-0.00033332891553935725,-0.001366963079569728,-0.004484787149975546,20.000047450032973,187.85462951660156,-388.90576171875,-179.53753662109375
731,146.2,0.0001504494657772983,0.00018380411234012535,-0.0014547964833440139,-0.004772954494414374,20.000078310873963,186.06649780273438,-388.9190979003906,-179.54791259765625
732,146.4,0.0008462354477635913,0.0010338458465327795,-0.0015222193404417787,-0.004994158100895005,20.00006196988054,184.27838134765625,-388.932373046875,-179.54710388183594
733,146.6,0.0007861329843414602,0.0009604186669699619,-0.001144792877230474,-0.003755882263332828,20.000005570538697,182.49024963378906,-388.9463195800781,-179.52371215820312
734,146.8,0.0003696693711203417,0.0004516250706977214,-0.0019232673500407388,-0.006309932452707658,20.000007224797905,180.70211791992188,-388.9612121582031,-179.49444580078125
735,147.0,3.6690127790085896e-05,4.482432912114794e-05,-0.002042658198464154,-0.006701634723849136,20.00003956371571,178.91400146484375,-388.9767150878906,-179.47622680664062
736,147.2,0.00035158172744940796,0.00042952739642494167,-0.0021102025868473323,-0.0069232370550322015,20.000063821168638,177.12586975097656,-388.9923095703125,-179.4710235595703
737,147.4,-0.00018305502891110398,-0.00022363832882069573,-0.0017080990225970937,-0.005603999597297449,20.000049014627447,175.33775329589844,-389.00836181640625,-179.4613037109375
738,147.6,-0.00038834722564058964,-0.00047444380556510834,-0.0012381162690703281,-0.004062061380216695,20.000050879795538,173.54962158203125,-389.02447509765625,-179.46249389648438
739,147.8,-0.00013396783218978196,-0.00016366850058625662,-0.0011781567274607757,-0.0038653437177224113,20.000036298299456,171.76150512695312,-389.0401916503906,-179.47438049316406
740,148.0,1.668971507109189e-05,2.0389824902352962e-05,-0.0011594565480912166,-0.003803991421239587,20.000006351450846,169.97337341308594,-389.05584716796875,-179.482177734375
741,148.2,3.477958124349538e-05,4.2490214405178305e-05,-0.0011975098419156514,-0.003928838189750546,20.00000371651854,168.1852569580078,-389.07147216796875,-179.48342895507812
742,148.4,1.4833413596460539e-06,1.8121981390795842e-06,-0.0012028624573887049,-0.003946399264699158,20.00002383348147,166.39712524414062,-389.08709716796875,-179.48257446289062
743,148.6,-0.00015692799600351947,-0.00019171893271749974,-0.0012475127799631185,-0.004092889829014197,20.000054758767753,164.60899353027344,-389.10272216796875,-179.48228454589844
744,148.8,-0.003901608117629778,-0.0047665946373083,-0.0018872720363522942,-0.0061918375877460605,20.00006163984051,162.8208770751953,-389.117919921875,-179.48641967773438
745,149.0,-0.009454562257786292,-0.011550638710337513,-0.012547112868110064,-0.04116506978221022,20.000028982059685,161.03274536132812,-389.1304931640625,-179.58990478515625
746,149.2,-0.011356804978587858,-0.013874608642340787,-0.00760526942279694,-0.024951672133089114,19.999675132041176,159.24462890625,-389.13525390625,-179.8767852783203
747,149.4,-0.01700991273598391,-0.020781010389551546,-0.007953210952684569,-0.026093212622005642,19.999442247035823,157.45657348632812,-389.12823486328125,179.7272186279297
748,149.6,-0.01878967963200895,-0.022955351606425332,-0.006527488108980324,-0.021415644087467003,19.99878992293065,155.66871643066406,-389.10467529296875,179.16177368164062
749,149.8,-0.01774662073753228,-0.021681046555043184,-0.006952625908247191,-0.022810453184813714,19.998701453431018,153.88133239746094,-389.06097412109375,178.49069213867188
750,150.0,-0.01647306028887351,-0.020125137754916766,-0.009776074080535147,-0.03207373488638293,19.999437390289337,152.09451293945312,-388.99658203125,177.82473754882812
751,150.2,-0.015941253003492972,-0.019475428794367363,-0.013958694486790504,-0.045796243220041756,20.000320825615646,150.30844116210938,-388.91253662109375,177.20106506347656
752,150.4,-0.015279999161169467,-0.01866757497520074,-0.005041008601172112,-0.01653874265906951,20.000653429168246,148.52325439453125,-388.8097229003906,176.60479736328125
753,150.6,-0.016358335168144035,-0.019984978074921566,-0.0054243624686520775,-0.017796465361652483,20.000403907484426,146.7392120361328,-388.6888732910156,176.0318603515625
754,150.8,-0.016870962156379336,-0.020611254466448636,-0.006003544257221161,-0.019696668140861472,19.999696259496737,144.95655822753906,-388.549560546875,175.43829345703125
755,151.0,-0.016735702499503846,-0.02044600774364385,-0.007264393602930713,-0.0238333131082392,19.99924081252413,143.17556762695312,-388.3913269042969,174.82073974609375
756,151.2,-0.0164293578257002,-0.020071746455657936,-0.009611976983228614,-0.031535358565655765,19.999373218054576,141.3964080810547,-388.21380615234375,174.2008056640625
757,151.4,-0.016280167901061317,-0.01988948112472661,-0.01272945717659666,-0.04176331228326539,19.999893315715315,139.61920166015625,-388.0173034667969,173.58984375
758,151.6,-0.016263530335567475,-0.019869155010962786,-0.016415988173415247,-0.05385823063886768,20.000346519072504,137.8441162109375,-387.8020324707031,172.98594665527344
759,151.8,-0.01591080534113843,-0.01943823088526882,-0.005369356024504848,-0.017615998019436488,20.000409255476313,136.07135009765625,-387.5680236816406,172.3842315673828
760,152.0,-0.01650810960196582,-0.020167957500721645,-0.005713210642954242,-0.018744130005829994,20.000186530787737,134.30113220214844,-387.3157653808594,171.7918243408203
761,152.2,-0.016724568195504802,-0.020432404964448217,-0.006644148363695923,-0.02179838771754813,19.999790908147045,132.53369140625,-387.0448303222656,171.1876678466797
762,152.4,-0.016587729691478162,-0.02026522936407887,-0.008395208344670347,-0.02754333534552826,19.999608117073986,130.769287109375,-386.7550354003906,170.57200622558594
763,152.6,-0.01639336687212326,-0.020027776307672985,-0.010988161735914194,-0.036050400549656726,19.999750233636924,129.0081024169922,-386.4463195800781,169.957275390625
764,152.8,-0.016296279299084306,-0.0199091644196913,-0.014286817534994362,-0.0468727624415109,20.000070641545925,127.25025939941406,-386.1188659667969,169.3488311767578
765,153.0,-0.016293376043220707,-0.019905617512002736,-0.01815196618209544,-0.059553696728866005,20.00027221635908,125.49598693847656,-385.77288818359375,168.74501037597656
766,153.2,-0.016073411398785868,-0.019636886705896694,-0.005523996202425607,-0.01812334770076603,20.000223434222463,123.74543762207031,-385.4084777832031,168.14230346679688
767,153.4,-0.016497445113184482,-0.02015492869477748,-0.006204385742335852,-0.02035559691888516,20.000074716044228,121.998779296875,-385.0258483886719,167.54542541503906
768,153.6,-0.016640574285065973,-0.0203297896040651,-0.007453050695708691,-0.024452266844508904,19.999854469561523,120.25626373291016,-384.6247863769531,166.93984985351562
769,153.8,-0.01653109220464306,-0.020196035346412428,-0.009450318462271706,-0.031004982823759505,19.999802001409158,118.51815032958984,-384.2052001953125,166.3263702392578
770,154.0,-0.016373464338272664,-0.020003461382067714,-0.012360144643152937,-0.04055165695104188,19.99992081391182,116.78461456298828,-383.76690673828125,165.7139892578125
771,154.2,-0.016320117702671597,-0.01993828779735389,-0.015919421764611502,-0.052229075702208,20.000098512257047,115.05582427978516,-383.3103332519531,165.10670471191406
772,154.4,-0.015934588800544863,-0.019467287137625657,-0.005267489937828579,-0.017281791687625513,20.000179142518924,113.3319320678711,-382.83551025390625,164.50247192382812
773,154.6,-0.016505424857024276,-0.020164677547826557,-0.005556208787758282,-0.018229032039228883,20.000193287256852,111.61305236816406,-382.34283447265625,163.90887451171875
774,154.8,-0.0167322246539066,-0.020441758859677694,-0.0063596438705656455,-0.02086497399630659,20.00002552092183,109.89945983886719,-381.83209228515625,163.3045196533203
775,155.0,-0.01657318726054068,-0.02024746287620255,-0.008064432644834238,-0.02645811319847796,19.999859277452398,108.19145965576172,-381.3030090332031,162.6886444091797
776,155.2,-0.0163809368609995,-0.020012590563083087,-0.010595546902115019,-0.03476229409833504,19.999880485648056,106.4892349243164,-380.7556457519531,162.07427978515625
777,155.4,-0.016293850262054124,-0.019906196865151524,-0.013830910911164035,-0.04537700575378341,20.000028442155333,104.79291534423828,-380.1902160644531,161.46627807617188
778,155.6,-0.01630811778315506,-0.019923627495680534,-0.017534520549832733,-0.057527956400713225,20.000146772691867,103.10263061523438,-379.60699462890625,160.86264038085938
779,155.8,-0.0160550656787942,-0.019614473739782878,-0.005409406425272267,-0.017747396976290266,20.000148529863782,101.41859436035156,-379.00592041015625,160.25962829589844
780,156.0,-0.01650450966193798,-0.02016355945398963,-0.006017328617893725,-0.01974189242273045,20.000100279604464,99.74092864990234,-378.3873596191406,159.66310119628906
781,156.2,-0.01664694441473472,-0.020337571991481406,-0.007174107617343821,-0.0235370992352863,19.999944502514044,98.06987762451172,-377.7511291503906,159.05751037597656
782,156.4,-0.01654548529618435,-0.02021361938634842,-0.009095137044840954,-0.029839689422195993,19.99987841586174,96.4057388305664,-377.09710693359375,158.44381713867188
783,156.6,-0.016375574076247363,-0.020006038848951403,-0.0119263995693204,-0.039128608763009144,19.99994737790039,94.7486801147461,-376.4252624511719,157.8309783935547
784,156.8,-0.01630993541939429,-0.019925848101874005,-0.015289273677078885,-0.05016166065070749,20.000077621861045,93.09882354736328,-375.73590087890625,157.2235107421875
785,157.0,-0.015898732161937046,-0.01942348108223849,-0.005138329901020422,-0.016858038272463842,20.00015308914693,91.45634460449219,-375.0291748046875,156.6195068359375
786,157.2,-0.016490683375567437,-0.02014666787993074,-0.005481737221204652,-0.01798470274481707,20.000187109371165,89.8212890625,-374.3053283691406,156.02691650390625
787,157.4,-0.01679474181745979,-0.020518136078390623,-0.006122150061160986,-0.02008579480665941,20.000020011225857,88.19391632080078,-373.56451416015625,155.42332458496094
788,157.6,-0.016601265363721904,-0.02028176589485905,-0.007660668759332863,-0.02513342849236963,19.999861214186662,86.5746078491211,-372.8062438964844,154.80599975585938
789,157.8,-0.016366649375049017,-0.019995135541497382,-0.010088861986248851,-0.03309994195896468,19.999891572595267,84.96355438232422,-372.03057861328125,154.19020080566406
790,158.0,-0.01627332545262233,-0.0198811217054687,-0.013354652904350256,-0.043814479434708495,20.00003208175846,83.36082458496094,-371.23779296875,153.58229064941406
791,158.2,-0.016277028575075864,-0.019885645810170185,-0.017114666944066936,-0.05615048389677257,20.00014763887654,81.76652526855469,-370.42816162109375,152.97926330566406
792,158.4,-0.015995695609668258,-0.01954194132633171,-0.005427846912039791,-0.017807897262896628,20.00014836763724,80.18083953857422,-369.6018371582031,152.37730407714844
793,158.6,-0.01652494702081762,-0.020188527775332886,-0.005905686478400091,-0.019375612425794154,20.000117518419714,78.60382080078125,-368.7590637207031,151.7825927734375
794,158.8,-0.01668401016398812,-0.020382855217344287,-0.006962341788200904,-0.022842329432401054,19.99997091722078,77.0357894897461,-367.8996887207031,151.1771240234375
795,159.0,-0.01655554151077335,-0.020225905063711802,-0.00877581517192616,-0.028792045448662224,19.99988405405047,75.47703552246094,-367.02362060546875,150.56227111816406
796,159.2,-0.016391552456267576,-0.020025559635822098,-0.011468962404364763,-0.03762783061473609,19.999926072599724,73.92776489257812,-366.13092041015625,149.9488067626953
797,159.4,-0.01630174176700842,-0.01991583791675419,-0.014868019125042875,-0.04877959186620567,20.00005646167641,72.3880615234375,-365.22174072265625,149.34075927734375
798,159.6,-0.015845788470489657,-0.019358799774397216,-0.005158640712291718,-0.01692467479451516,20.000151252289925,70.85802459716797,-364.29644775390625,148.73675537109375
799,159.8,-0.01650880065076132,-0.020168801755035104,-0.005340979080662056,-0.0175228978069993,20.00019435118364,69.33765411376953,-363.3552551269531,148.14561462402344
800,160.0,-0.016797003132494128,-0.020520898726968075,-0.005926437942132157,-0.019443694658064864,20.000034099628703,67.8272476196289,-362.3982238769531,147.54208374023438
801,160.2,-0.016637254721246865,-0.020325734092947294,-0.007364467885645515,-0.02416164081794123,19.999872138703967,66.32721710205078,-361.4250793457031,146.92457580566406
802,160.4,-0.016361379183084397,-0.01998869694797421,-0.009821217500581347,-0.032221843224607305,19.999874691718652,64.8377456665039,-360.43572998046875,146.30783081054688
803,160.6,-0.016273661763645805,-0.01988153257664608,-0.012846856872350654,-0.04214848190108292,20.000030951062545,63.35887908935547,-359.4306945800781,145.69969177246094
804,160.8,-0.016292326443210655,-0.019904335215670456,-0.016534402354647315,-0.054246728621221096,20.000165147250467,61.89067840576172,-358.41009521484375,145.0967254638672
805,161.0,-0.01596840055165813,-0.019508594953960737,-0.005381510265871192,-0.01765587414068084,20.00016841100476,60.43329620361328,-357.3740539550781,144.49440002441406
806,161.2,-0.016471682686111076,-0.0201234547376219,-0.005865667576512135,-0.01924431681172407,20.000115421815014,58.986751556396484,-356.3228454589844,143.90025329589844
807,161.4,-0.016721877908420363,-0.020429118240717158,-0.0067229922186673174,-0.022057061790692483,19.99996923597367,57.55134963989258,-355.2566223144531,143.2964324951172
808,161.6,-0.016590420624130287,-0.020268516876499974,-0.008458187863207046,-0.027749961069124206,19.999882598183902,56.12745666503906,-354.17510986328125,142.68116760253906
809,161.8,-0.016380263384001285,-0.02001176777623437,-0.011087014028257486,-0.03637471910446829,19.999920608685958,54.71524429321289,-353.0782775878906,142.06643676757812
810,162.0,-0.016305468676253883,-0.019920391081779367,-0.014395220742432269,-0.04722841602060148,20.00006312264372,53.31475830078125,-351.966552734375,141.4583282470703
811,162.2,-0.016301607732535042,-0.019915674166838062,-0.018280358939968155,-0.05997493282460512,20.00015048349309,51.92607116699219,-350.8401184082031,140.8543243408203
812,162.4,-0.01607838182850399,-0.019642959079883327,-0.00556956203528669,-0.018272841907849984,20.00013844339379,50.54933166503906,-349.6991271972656,140.25132751464844
813,162.6,-0.01650509000802255,-0.02016426846280115,-0.006238691036870941,-0.02046814710140766,20.000090265226916,49.184574127197266,-348.5438537597656,139.6542205810547
814,162.8,-0.016644140964850198,-0.020334147016757488,-0.007490735438041268,-0.024575904454543315,19.99994646493855,47.83207321166992,-347.3742370605469,139.0483856201172
815,163.0,-0.016518784396721196,-0.020180998897474284,-0.009541652861373165,-0.031304636373707534,19.99990540027334,46.49217224121094,-346.1902160644531,138.43470764160156
816,163.2,-0.016391114479225123,-0.020025024559269335,-0.012333531578666845,-0.040464343744553335,19.999964333555535,45.16499328613281,-344.9920349121094,137.8225555419922
817,163.4,-0.016329697523820685,-0.01994999146485173,-0.015856370183878143,-0.05202221355407477,20.000076306267704,43.850608825683594,-343.7797546386719,137.2149200439453
818,163.6,-0.015933608658816364,-0.019466089698475953,-0.005238479386135642,-0.017186612709209258,20.00013496476875,42.549095153808594,-342.5535888671875,136.61033630371094
819,163.8,-0.01649847502923486,-0.020156186943216227,-0.005567585522889662,-0.01826635728691732,20.000167588670177,41.26039505004883,-341.3140563964844,136.0166473388672
820,164.0,-0.016716904366839768,-0.020423042064968144,-0.006400407844349559,-0.020998714072055807,20.00001488554374,39.98480987548828,-340.0610046386719,135.41250610351562
821,164.2,-0.016566700454594817,-0.02023953794537849,-0.008106430569182997,-0.026595901668598345,19.99989889264206,38.72272872924805,-338.79437255859375,134.79696655273438
822,164.4,-0.01637951426178581,-0.020010852573623724,-0.010656136591065263,-0.034961079173430554,19.999908266821365,37.47429275512695,-337.5142822265625,134.18287658691406
823,164.6,-0.01630761224762842,-0.01992300988292764,-0.01386559235985424,-0.04549079003790418,20.000034572247234,36.23951721191406,-336.22100830078125,133.5750732421875
824,164.8,-0.016299012196794013,-0.019912503200823245,-0.017662094265546824,-0.05794650535017664,20.000136901288485,35.018455505371094,-334.9147644042969,132.97109985351562
825,165.0,-0.016054281435699667,-0.019613515629994284,-0.005430714748988097,-0.017817306177070107,20.00014410795906,33.811214447021484,-333.59576416015625,132.36817932128906
826,165.2,-0.01650475936530206,-0.020163864516589528,-0.0060418399782585785,-0.019822310274269873,20.00010000862928,32.617794036865234,-332.26422119140625,131.77174377441406
827,165.4,-0.016640811641627458,-0.020330079582576266,-0.007250058260489162,-0.02378628114334326,19.99996650684256,31.43848991394043,-330.9201354980469,131.16615295410156
828,165.6,-0.01653388913949958,-0.020199452361726638,-0.00917231252944141,-0.030092889839092554,19.99990013118087,30.27362060546875,-329.5635986328125,130.5525360107422
829,165.8,-0.01639695087409124,-0.020032154882877268,-0.011940710324601644,-0.039175560061366056,19.99996495846728,29.123310089111328,-328.1946716308594,129.9400177001953
830,166.0,-0.01632590134149615,-0.019945353668905846,-0.015363985082649856,-0.050406776818560955,20.00005554992438,27.987600326538086,-326.8135986328125,129.33206176757812
831,166.2,-0.015898358498236037,-0.019423024577294966,-0.0051731211691172785,-0.01697218285648673,20.00012022969305,26.866544723510742,-325.4205627441406,128.72738647460938
832,166.4,-0.01650183827959048,-0.020160295826175692,-0.005429104905308513,-0.017812024537532382,20.000164090757785,25.76000213623047,-324.0159606933594,128.13465881347656
833,166.6,-0.01674478448296992,-0.02045710320284435,-0.006171424829523098,-0.02024745743769256,20.000028879052334,24.668292999267578,-322.5998229980469,127.53074645996094
834,166.8,-0.016578518445067088,-0.020253975984338462,-0.007764116256383614,-0.025472823178593614,19.99990272185006,23.591833114624023,-321.1720886230469,126.91460418701172
835,167.0,-0.016387811747388327,-0.02002098961178432,-0.01018409428198691,-0.03341238388411394,19.999907893851148,22.530752182006836,-319.7329406738281,126.29998779296875
836,167.2,-0.01629974642976994,-0.019913400213249936,-0.013364590931728648,-0.043847084512452617,20.000024780339334,21.485021591186523,-318.28253173828125,125.69181060791016
837,167.4,-0.016297215697031332,-0.019910308417063177,-0.017100252268281935,-0.0561031916518701,20.000134360523344,20.45465660095215,-316.8211364746094,125.08795166015625
838,167.6,-0.016024331209983582,-0.019576925439236944,-0.005377832450137121,-0.017643807815707874,20.00014395460297,19.439727783203125,-315.3490295410156,124.4852066040039
839,167.8,-0.016496387116834942,-0.020153636140637247,-0.0059070911909973045,-0.019380221063071596,20.00011329806783,18.4401912689209,-313.86639404296875,123.88959503173828
840,168.0,-0.016674920040644685,-0.020371749813655613,-0.006947891626068972,-0.022794920762472127,19.999976574241355,17.45633316040039,-312.3733215332031,123.28459167480469
841,168.2,-0.01654604130255095,-0.020214298659326498,-0.008821145657699925,-0.02894076751960822,19.99989629255203,16.488506317138672,-310.8698425292969,122.67025756835938
842,168.4,-0.016392786423572666,-0.020027067173678727,-0.011479234735011806,-0.03766153248801613,19.999954935831056,15.536818504333496,-309.3561096191406,122.0571517944336
843,168.6,-0.016320897758724143,-0.019939240791833287,-0.01483683708743666,-0.048677288589945696,20.00005619533715,14.601259231567383,-307.8323669433594,121.44921112060547
844,168.8,-0.015859181023250086,-0.01937516145610463,-0.005128062306396786,-0.01682435193731883,20.000124850348847,13.681842803955078,-306.29876708984375,120.8447265625
845,169.0,-0.01652276472806069,-0.020185861668271746,-0.005272947234836123,-0.017299696205939744,20.000175375962346,12.778369903564453,-304.7557373046875,120.2530517578125
846,169.2,-0.016781567751427907,-0.020502041321919472,-0.005915409945643574,-0.019407513566065262,20.000028497511877,11.891166687011719,-303.2032775878906,119.64901733398438
847,169.4,-0.016588571377704295,-0.020266257652141337,-0.007445210945354601,-0.024426545877957187,19.99990387935754,11.02069091796875,-301.6413879394531,119.03173828125
848,169.6,-0.016368573616762618,-0.01999748638759889,-0.009819646708789986,-0.032216689708066536,19.999922108596152,10.167034149169922,-300.0702819824219,118.4164047241211
849,169.8,-0.016279065407049736,-0.019888134207792663,-0.01292402498394185,-0.04240165812831578,20.000039610679234,9.330117225646973,-298.4901428222656,117.80860137939453
850,170.0,-0.016291587297976643,-0.019903432201938066,-0.01656942071138162,-0.054361618246729276,20.000142340647585,8.509902954101562,-296.9012756347656,117.20545196533203
851,170.2,-0.01598409442073379,-0.01952776815381047,-0.005343007526103671,-0.01752955281194197,20.000143717859995,7.706445693969727,-295.3038635253906,116.60305786132812
852,170.4,-0.016518313950195252,-0.020180424152953538,-0.005756493218602721,-0.01888613321132055,20.000121358146362,6.919645309448242,-293.69818115234375,116.00851440429688
853,170.6,-0.01671483483590722,-0.02042051371902785,-0.0066727724012590195,-0.021892298604946642,19.99997053929112,6.149805068969727,-292.0843200683594,115.40335845947266
854,170.8,-0.016562582118679378,-0.020234506574390597,-0.008465055656590465,-0.027772493200368262,19.999876297588614,5.397304534912109,-290.4622802734375,114.78781127929688
855,171.0,-0.016384590460041367,-0.02001705416503254,-0.011071668097745957,-0.036324371561808844,19.999932143433526,4.6622233390808105,-288.8323059082031,114.17386627197266
856,171.2,-0.01630161586655541,-0.019915684104170744,-0.014386596582364852,-0.0472001215312859,20.000059872331224,3.944498300552368,-287.1945495605469,113.56595611572266
857,171.4,-0.01629767501477401,-0.019910869565549407,-0.01826805781711799,-0.05993457480871338,20.00014184216547,3.244093179702759,-285.5492858886719,112.96210479736328
858,171.6,-0.016084882589883154,-0.01965090106006025,-0.005542563629843178,-0.01818426445933469,20.00012716522232,2.5610451698303223,-283.8968200683594,112.35928344726562
859,171.8,-0.016493551525920518,-0.020150171899217095,-0.006261776649434392,-0.02054388730253033,20.000089192275933,1.895288348197937,-282.2373046875,111.76207733154297
860,172.0,-0.01663326958314212,-0.02032086544972473,-0.007533362371390101,-0.0247157566025515,19.999966117726032,1.247072458267212,-280.5708312988281,111.15650939941406
861,172.2,-0.01652625133477067,-0.020190121255689326,-0.009579663301006888,-0.031429342544475436,19.999915687740348,0.6166963577270508,-278.8975830078125,110.54325866699219
862,172.4,-0.01639266661264724,-0.020026920800671134,-0.012414346020442113,-0.0407294829977073,19.999964159005152,0.004230156075209379,-277.2176818847656,109.93108367919922
863,172.6,-0.016319998437393558,-0.01993814209096371,-0.01594670612591992,-0.0523185913261631,20.000062428321797,-0.5903671383857727,-275.53131103515625,109.32337188720703
864,172.8,-0.015947138991982742,-0.019482619706505316,-0.005202182811811673,-0.01706752945630421,20.00010997411706,-1.1671253442764282,-273.8388366699219,108.7189712524414
865,173.0,-0.016503170758449367,-0.020161923715597593,-0.005571311959030628,-0.018278583127666045,20.000137878356313,-1.726252555847168,-272.140380859375,108.12503051757812
866,173.2,-0.016715127122329993,-0.02042087080535055,-0.0064330638404790225,-0.021105853170397197,20.000024818335646,-2.2674784660339355,-270.4361877441406,107.5206298828125
867,173.4,-0.016566559538530104,-0.02023936578822223,-0.008110656554636553,-0.02660976645071379,19.999914413605126,-2.790417432785034,-268.726318359375,106.90521240234375
868,173.6,-0.01638636135092878,-0.020019217662429693,-0.010659711073019718,-0.034972806476806007,19.999918090417925,-3.2950053215026855,-267.01092529296875,106.29116821289062
869,173.8,-0.01630249726208727,-0.019916760905092017,-0.013903531644492567,-0.04561526276051699,20.000024368303475,-3.7813374996185303,-265.2902526855469,105.68313598632812
870,174.0,-0.016296041402884612,-0.01990887378190413,-0.01769232188626707,-0.05804567733734046,20.000115609374486,-4.249483585357666,-263.5644836425781,105.0792007446289
871,174.2,-0.01604174237198092,-0.01959819665584909,-0.005469101029311696,-0.017943245421006983,20.000181403044774,-4.699435234069824,-261.83392333984375,104.47626495361328
872,174.4,-0.016489890730347727,-0.02014569950526582,-0.006103084856930119,-0.02002324492201061,20.000187845831608,-5.131320476531982,-260.0987548828125,103.8801040649414
873,174.6,-0.01665759760793468,-0.0203505869976138,-0.007257201885745274,-0.023809718234828522,20.00000666258744,-5.544898986816406,-258.3591613769531,103.27507781982422
874,174.8,-0.016542076872427352,-0.020209455315044495,-0.009209797544699382,-0.030215872176551518,19.999866561299886,-5.939859390258789,-256.6152648925781,102.66122436523438
875,175.0,-0.016394834171520795,-0.020029568907346956,-0.011973891774390663,-0.039284423089091865,19.99986582892945,-6.316147804260254,-254.8672332763672,102.04837799072266
876,175.2,-0.016319274897615577,-0.019937258142416953,-0.015419659415379733,-0.050589435396354444,20.00000554892383,-6.673846244812012,-253.1153106689453,101.44037628173828
877,175.4,-0.015898080866906975,-0.01942268539510025,-0.005182153080910107,-0.017001815113973116,20.00014671917562,-7.0130228996276855,-251.3596649169922,100.83592987060547
878,175.6,-0.016509585897320263,-0.020169761090756164,-0.005435497506884018,-0.017832997640485362,20.0002205096079,-7.333958148956299,-249.60061645507812,100.24324798583984
879,175.8,-0.01674929450300666,-0.020462613094323234,-0.006181355186573867,-0.020280037350319007,20.000066088411902,-7.636382102966309,-247.8383026123047,99.63912200927734
880,176.0,-0.016579388102144963,-0.020255038444390503,-0.0077900658355906476,-0.02555795959603922,19.999892024377623,-7.919888019561768,-246.0728302001953,99.02277374267578
881,176.2,-0.016376868188937577,-0.020007619866425037,-0.01025965664698611,-0.033660291913697904,19.999873219606993,-8.184438705444336,-244.30442810058594,98.40798950195312
882,176.4,-0.016294157034111398,-0.019906571648573894,-0.013425885797484105,-0.044048183159817754,19.999993081142804,-8.430182456970215,-242.5333709716797,97.80006408691406
883,176.6,-0.016294540066872306,-0.019907039599697897,-0.01713816558317069,-0.056227579171889724,20.000111633350045,-8.657230377197266,-240.759765625,97.19639587402344
884,176.8,-0.016015190777146672,-0.01956575857244009,-0.005391034526430305,-0.0176871217156936,20.000150298417086,-8.86559772491455,-238.9838409423828,96.59368133544922
885,177.0,-0.016506487264607808,-0.02016597549117136,-0.005918413256633809,-0.019417366948894465,20.000141261238344,-9.05545711517334,-237.20587158203125,95.99826049804688
886,177.2,-0.016678925563888673,-0.02037664336140279,-0.006971463258567028,-0.022872255517237046,19.999997916571292,-9.226574897766113,-235.42599487304688,95.39303588867188
887,177.4,-0.016546861452510265,-0.02021530063653179,-0.008837745423330991,-0.028995228694681248,19.999886306940883,-9.378637313842773,-233.64439392089844,94.7784652709961
888,177.6,-0.016387605518381646,-0.020020737661806856,-0.011534961460304603,-0.037844362957425756,19.999919477067976,-9.511628150939941,-231.86129760742188,94.16522216796875
889,177.8,-0.016312763122383524,-0.019929302706615953,-0.014910799759461052,-0.048919948282830195,20.000039591055824,-9.625670433044434,-230.07687377929688,93.557373046875
890,178.0,-0.01585458623350543,-0.019369548001473585,-0.005156653632826427,-0.016918155504722254,20.000138872228607,-9.720867156982422,-228.2913055419922,92.9531478881836
891,178.2,-0.016524021727782195,-0.02018739734483151,-0.005308094003161859,-0.017415007129333554,20.000207693970506,-9.797552108764648,-226.5048828125,92.36162567138672
892,178.4,-0.016781885955253772,-0.02050243007153353,-0.005940854138789753,-0.019490991892706973,20.000057263408582,-9.855461120605469,-224.7177276611328,91.75757598876953
893,178.6,-0.016160472480741574,-0.019743249229721982,-0.007457162842060583,-0.024465758138746043,19.999879921419723,-9.89417552947998,-222.9300994873047,91.14021301269531
894,178.8,-0.010990655205734912,-0.013427283464846342,-0.009344498463996499,-0.030657804340618273,19.999936141668293,-9.913979530334473,-221.14210510253906,90.53596496582031
895,179.0,-0.004657545238693823,-0.005690123018112244,-0.003946384658319264,-0.012947456642400176,20.000573777252885,-9.918548583984375,-219.35397338867188,90.07181549072266
896,179.2,-0.0006409537276866995,-0.0007830531691148409,-0.0012618644215185914,-0.0041399752686950555,20.001056593330205,-9.914215087890625,-217.56585693359375,89.82588195800781
897,179.4,0.0007625567374818757,0.0009316155661816075,-0.0019468656361882784,-0.006387354653831951,20.000961578351536,-9.906511306762695,-215.77772521972656,89.75334930419922
898,179.6,0.0017582843334927494,0.002148095970228092,-0.0029671946813406474,-0.00973489099832965,20.000523572452543,-9.898473739624023,-213.98960876464844,89.76313018798828
899,179.8,0.00010857014839828037,0.00013264015029817913,-0.002693301924140762,-0.008836292684797978,20.000089604088153,-9.891730308532715,-212.20147705078125,89.81621551513672
900,180.0,-0.0008664622712220854,-0.0010585569567520218,-0.001640275048412369,-0.005381479989833237,20.00001266573481,-9.88576602935791,-210.41336059570312,89.83760833740234
901,180.2,-0.0006004284013337373,-0.0007335433779094268,-0.00101823587825596,-0.003340668998817284,20.00018461650676,-9.87937068939209,-208.62522888183594,89.81712341308594
902,180.4,-3.666660838501337e-05,-4.4795595463970836e-05,-0.0011000895682530352,-0.003609217859107288,20.000364687172816,-9.872270584106445,-206.83709716796875,89.79247283935547
903,180.6,0.00021438561025342965,0.000261914900046615,-0.0014909272028064725,-0.004891493604055587,20.000388931500154,-9.864861488342285,-205.04898071289062,89.7846450805664
904,180.8,0.000173239686729153,0.00021164692527700623,-0.0018082902705713068,-0.005932711051301167,20.000274027998014,-9.857526779174805,-203.26084899902344,89.78937530517578
905,181.0,5.518280246892761e-05,6.741682977628886e-05,-0.0019454701616107946,-0.006382776325019159,20.00012342135403,-9.850372314453125,-201.4727325439453,89.79598999023438
906,181.2,-1.738706241225784e-05,-2.1241774149055406e-05,-0.0019723865643967928,-0.006471084735935574,20.000034435374303,-9.843328475952148,-199.68460083007812,89.79924774169922
907,181.4,0.0003406949197384492,0.00041622698344446335,-0.001975200438935694,-0.006480316608077782,20.000042302135512,-9.836307525634766,-197.896484375,89.79938507080078
908,181.6,-6.864385563273413e-05,-8.386219842651128e-05,-0.001748120685065995,-0.005735304268391919,20.000094670471377,-9.829516410827637,-196.1083526611328,89.80805969238281
909,181.8,-0.00027319709758708705,-0.00033376489412214423,-0.0014345459567749082,-0.004706515756825389,20.000162178795833,-9.8228120803833,-194.3202362060547,89.80970001220703
910,182.0,-0.00015119403276602538,-0.0001847137498302532,-0.0013179905519324474,-0.0043241161224020505,20.000170868506082,-9.815911293029785,-192.5321044921875,89.80195617675781
911,182.2,1.2834696738288642e-05,1.5680149005167233e-05,-0.001409334547152383,-0.0046238011556794245,20.000108855739878,-9.808802604675293,-190.7439727783203,89.7950210571289
912,182.4,6.906458559160135e-05,8.437620421725937e-05,-0.001576152347988192,-0.00517110366937358,20.00004291049176,-9.801618576049805,-188.9558563232422,89.79351043701172
913,182.6,4.491302841212395e-05,5.4870246811091836e-05,-0.001705744041264487,-0.00559627328034218,20.000009452746305,-9.79447078704834,-187.167724609375,89.79522705078125
914,182.8,8.95854895954382e-06,1.0944659263874687e-05,-0.0017855286611516905,-0.005858033852652912,20.000033309606984,-9.787372589111328,-185.37960815429688,89.79701232910156
915,183.0,-8.063877244483232e-06,-9.851638829585164e-06,-0.0018415632878325395,-0.006041874497252509,20.000071730851733,-9.780299186706543,-183.5914764404297,89.79762268066406
916,183.2,0.0003991350060488217,0.0004876232368898455,-0.0018996423573536918,-0.006232422631700286,20.000093711481288,-9.773223876953125,-181.80335998535156,89.79743194580078
917,183.4,-6.297070292702249e-05,-7.693130776594337e-05,-0.0016934722915242263,-0.005556011632924343,20.000063925306033,-9.766412734985352,-180.01522827148438,89.80767059326172
918,183.6,-0.00030051496952411875,-0.0003671391382676159,-0.0013716650811490486,-0.004500213664837045,20.000052805623802,-9.759716987609863,-178.22711181640625,89.81006622314453
919,183.8,-0.0001596322919179898,-0.00019502277103620815,-0.0012591976317131665,-0.004131225958029825,20.000043897325877,-9.752811431884766,-176.43898010253906,89.80172729492188
920,184.0,2.812407328003605e-05,3.435918032622004e-05,-0.0013724047185664395,-0.004502640296861518,20.000026885368975,-9.745680809020996,-174.65084838867188,89.79429626464844
921,184.2,8.316117841333181e-05,0.00010159801166756746,-0.00155161720514773,-0.0050906077913368784,20.0000238981047,-9.738483428955078,-172.86273193359375,89.79309844970703
922,184.4,4.6498811130725176e-05,5.6807597558406945e-05,-0.0016811078792781967,-0.005515445974651079,20.000034553637704,-9.73133659362793,-171.07460021972656,89.79535675048828
923,184.6,3.940477339724791e-06,4.8140811659417765e-06,-0.0017536702394330148,-0.005753511468341412,20.000045636558237,-9.724246978759766,-169.28648376464844,89.79732513427734
924,184.8,-1.4066889194775984e-05,-1.718551852925782e-05,-0.0018018882970910807,-0.005911707200628301,20.000050210441806,-9.717180252075195,-167.49835205078125,89.79788208007812
925,185.0,-1.1387722304775219e-05,-1.3912380339743885e-05,-0.0018602669106290296,-0.006103238091068146,20.000044751596526,-9.710104942321777,-165.71023559570312,89.79749298095703
926,185.2,0.0003749418934270339,0.00045806651119980734,-0.0019307312517046517,-0.006334420319842689,20.000038987131607,-9.70301628112793,-163.92210388183594,89.79694366455078
927,185.4,-3.0807105530081274e-05,-3.763704082610029e-05,-0.0017555271615536275,-0.0057596037327116035,20.00001904616361,-9.696173667907715,-162.1339874267578,89.8065185546875
928,185.6,-0.0002621211905276293,-0.0003202334584676047,-0.0014559275790675308,-0.004776665438507918,20.00002719821116,-9.68945598602295,-160.3458709716797,89.80948638916016
929,185.8,-0.0001611486122356631,-0.0001968752595683096,-0.001327812458521318,-0.0043563402264150805,20.000041977399977,-9.68256664276123,-158.5577392578125,89.80243682861328
930,186.0,1.8134879002283286e-06,2.215538167708949e-06,-0.001409795377171128,-0.004625313065238124,20.000038224341242,-9.675466537475586,-156.76962280273438,89.79540252685547
931,186.2,6.524816492674862e-05,7.97136830910088e-05,-0.0015727507289119889,-0.00515994350144361,20.000032516166886,-9.668286323547363,-154.9814910888672,89.79351043701172
932,186.4,4.7472781990632474e-05,5.7997497757955696e-05,-0.0017097844052608832,-0.005609529068156116,20.000033295733314,-9.661130905151367,-153.193359375,89.7950210571289
933,186.6,1.2399868857404861e-05,1.5148919783091518e-05,-0.0017973736137166805,-0.005896895246826234,20.000035623925616,-9.65402603149414,-151.40524291992188,89.79683685302734
934,186.8,-6.571235334478084e-06,-8.028078208131875e-06,-0.0018557286633650095,-0.006088348827914458,20.000043998834208,-9.646950721740723,-149.6171112060547,89.79757690429688
935,187.0,0.00039042290809708236,0.0004769796668222055,-0.0019138552222206693,-0.006279052767270461,20.00004458579049,-9.639874458312988,-147.82899475097656,89.79757690429688
936,187.2,-5.668963323327983e-05,-6.925772492109797e-05,-0.0017109793647988808,-0.00561344953920676,20.000025954150644,-9.63305950164795,-146.04086303710938,89.80752563476562
937,187.4,-0.00029179679495600823,-0.0003564881443977553,-0.0013929989149155286,-0.004570206560011463,20.000035710997086,-9.626359939575195,-144.25274658203125,89.80998992919922
938,187.6,-0.0001589013076206219,-0.00019412972752011378,-0.0012757510380150578,-0.004185535035561322,20.000043439932227,-9.61945915222168,-142.46461486816406,89.8018798828125
939,187.8,2.1525666277691952e-05,2.629790649145626e-05,-0.001380506251980594,-0.004529220131748012,20.00003073189673,-9.612337112426758,-140.67649841308594,89.79457092285156
940,188.0,7.837243563812044e-05,9.574760461909173e-05,-0.001554861144054268,-0.005101250635859004,20.000028156609623,-9.605145454406738,-138.88836669921875,89.79319763183594
941,188.2,4.711489756474176e-05,5.756027035484501e-05,-0.0016881246158524555,-0.00553846676467337,20.000030502139904,-9.597993850708008,-137.10023498535156,89.79527282714844
942,188.4,5.521553532674317e-06,6.7456819508682134e-06,-0.0017635600695477518,-0.005785958418575046,20.000032968656374,-9.590901374816895,-135.31211853027344,89.7972412109375
943,188.6,-1.2276168344529713e-05,-1.4997794866511951e-05,-0.0018126988020806807,-0.0059471747378183806,20.00004386806159,-9.583833694458008,-133.52398681640625,89.79781341552734
944,188.8,-1.060426019459755e-05,-1.2955224679739825e-05,-0.0018697706674080529,-0.006134418396459036,20.000046855643113,-9.576759338378906,-131.73587036132812,89.79745483398438
945,189.0,0.00036961699564251095,0.00045156108357645566,-0.0019401339892271973,-0.006365269197216158,20.000036845589882,-9.569671630859375,-129.94773864746094,89.79690551757812
946,189.2,-2.5904917064781032e-05,-3.1648037178042985e-05,-0.001770871525586621,-0.005809946136005609,20.000017244437316,-9.562823295593262,-128.1596221923828,89.80635833740234
947,189.4,-0.00025441168264864905,-0.00031081475269185456,-0.0014743583787514912,-0.004837133943343042,20.000027214408686,-9.55610179901123,-126.37149047851562,89.80937194824219
948,189.6,-0.00016107451405623026,-0.0001967847338224965,-0.0013434242904619266,-0.004407560149119107,20.000043730162037,-9.549215316772461,-124.58336639404297,89.80258178710938
949,189.8,-2.5618489874057077e-06,-3.129810907913553e-06,-0.001419643174100219,-0.004657622111314963,20.00004005040304,-9.542120933532715,-122.79524230957031,89.7956314086914
950,190.0,6.124262337972754e-05,7.482011298301313e-05,-0.0015787274649498053,-0.005179552216105919,20.00003032593403,-9.534944534301758,-121.00711822509766,89.79364013671875
951,190.2,4.6211636183372985e-05,5.6456755925226775e-05,-0.0017151231974173364,-0.005627044791014694,20.00002702140424,-9.527791023254395,-119.218994140625,89.79499816894531
952,190.4,1.3858070357199352e-05,1.6930404555390448e-05,-0.0018034366833181755,-0.005916787208097603,20.000029403514727,-9.520684242248535,-117.43087005615234,89.79670715332031
953,190.6,-4.9599039179943585e-06,-6.059514616613708e-06,-0.001866572160450725,-0.006123924606893157,20.00003341456638,-9.513604164123535,-115.64273834228516,89.79750061035156
954,190.8,0.000387078381231218,0.000472893658350179,-0.0019256224420759836,-0.0063176591328605695,20.00004458235411,-9.506526947021484,-113.8546142578125,89.79750061035156
955,191.0,-5.1817085787501325e-05,-6.330493370659037e-05,-0.0017256254371552458,-0.005661500959236417,20.000032566082677,-9.499709129333496,-112.06649017333984,89.8073959350586
956,191.2,-0.00028558927802445854,-0.000348904420962481,-0.001410737242541479,-0.004628403174819786,20.000033506774123,-9.493006706237793,-110.27836608886719,89.80994415283203
957,191.4,-0.00016048000431927623,-0.00019605842127685976,-0.0012892953607070194,-0.0042299717912220175,20.00003238022725,-9.48611068725586,-108.49024200439453,89.80205535888672
958,191.6,1.5354436702841924e-05,1.875851531986198e-05,-0.001387493047991395,-0.004552142691572088,20.000017672598688,-9.478994369506836,-106.70211791992188,89.79481506347656
959,191.8,7.529777551094456e-05,9.199129234172097e-05,-0.0015599826393141122,-0.005118053442367312,20.00001545212237,-9.47180461883545,-104.91399383544922,89.79325866699219
960,192.0,4.7844145345848514e-05,5.845119236902313e-05,-0.0016923102920718815,-0.005552199298641112,20.00002431159372,-9.464653968811035,-103.12586975097656,89.79515838623047
961,192.2,7.861206473533064e-06,9.604035948715345e-06,-0.0017722402241821147,-0.00581443661710565,20.000037377948352,-9.45755672454834,-101.3377456665039,89.79710388183594
962,192.4,-1.0445360411998078e-05,-1.2761096815338051e-05,-0.0018267370249829622,-0.005993231901045102,20.000048138806296,-9.450485229492188,-99.54961395263672,89.7977523803711
963,192.6,-1.0710046702176547e-05,-1.3084464056049088e-05,-0.0018825094058188912,-0.006176212158986851,20.000044645487552,-9.443410873413086,-97.76148986816406,89.79750061035156
964,192.8,0.0003620703486030201,0.0004423413448883096,-0.0019509953342559659,-0.006400903532440343,20.0000410290013,-9.436325073242188,-95.9733657836914,89.79698944091797
965,193.0,-2.2268578598041712e-05,-2.720552247322756e-05,-0.001784585621012576,-0.005854939888842899,20.000021842854768,-9.429473876953125,-94.18524169921875,89.80622863769531
966,193.2,-0.0002480956228123519,-0.00030309842238985033,-0.0014909716661802973,-0.004891639481270966,20.000025102866722,-9.422749519348145,-92.3971176147461,89.80929565429688
967,193.4,-0.00016146700757646524,-0.0001972642431561676,-0.0013563265294187915,-0.004449890330778348,20.00003700506012,-9.41586685180664,-90.60899353027344,89.80270385742188
968,193.6,-7.628242607918133e-06,-9.319423994093583e-06,-0.0014257756281983829,-0.004677741712018383,20.00003127531295,-9.408780097961426,-88.82086944580078,89.79581451416016
969,193.8,5.926400826128196e-05,7.240283889280817e-05,-0.0015829430817326886,-0.005193382980271874,20.000032526468363,-9.401604652404785,-87.03274536132812,89.79364776611328
970,194.0,4.6668590535415484e-05,5.70150170571171e-05,-0.0017231356377914963,-0.005653332325891852,20.000031409748413,-9.394447326660156,-85.24461364746094,89.79493713378906
971,194.2,1.4634080462007172e-05,1.787845610043416e-05,-0.0018123906944014184,-0.0059461638858199495,20.000040132712876,-9.38733959197998,-83.45648956298828,89.79666137695312
972,194.4,-3.894785684611779e-06,-4.758259670890211e-06,-0.001877061954947439,-0.006158339944269756,20.000044108749194,-9.380257606506348,-81.66836547851562,89.79745483398438
973,194.6,0.00038200930995106925,0.0004667007739672213,-0.0019359812730934236,-0.006351644800015828,20.00003602859332,-9.373181343078613,-79.88023376464844,89.79745483398438
974,194.8,-4.808871144144927e-05,-5.874997876801857e-05,-0.001739963416766075,-0.005708541576262809,20.000022180980753,-9.36635971069336,-78.09210968017578,89.8072738647461
975,195.0,-0.0002796949351153587,-0.0003417033022304337,-0.0014263669224340646,-0.004679681653798577,20.000024963889437,-9.359655380249023,-76.30398559570312,89.80987548828125
976,195.2,-0.00016082460662587034,-0.00019647942191482578,-0.0013030298029070508,-0.004275032298569568,20.00003417737893,-9.352761268615723,-74.51586151123047,89.80219268798828
977,195.4,0.00010515784191868086,0.0001284713354720524,-0.0014765550847867536,-0.004844340984371772,20.000048391509406,-9.345569610595703,-72.72773742675781,89.79188537597656
978,195.6,0.0001530878923323111,0.00018702747806238445,-0.0017109790664846393,-0.005613448560485464,20.000041185842406,-9.33831787109375,-70.93961334228516,89.79145812988281
979,195.8,5.760702144269004e-05,7.037849809653442e-05,-0.001825241009614351,-0.005988323713983147,20.00002947235755,-9.331186294555664,-69.1514892578125,89.79625701904297
980,196.0,-1.926399228048597e-05,-2.353481936906971e-05,-0.0018444043601212362,-0.006051195600860156,20.000021436283497,-9.324150085449219,-67.36336517333984,89.79930877685547
981,196.2,-3.629442097206675e-05,-4.4340894101573946e-05,-0.0018462462137765812,-0.006057238428006759,20.00003379843501,-9.317130088806152,-65.57524108886719,89.79930877685547
982,196.4,-2.543396377552234e-05,-3.107267354455564e-05,-0.0018742525005472081,-0.006149122573895303,20.0000421775099,-9.310083389282227,-63.787113189697266,89.79816436767578
983,196.6,0.000345738738292277,0.00042238901657167476,-0.0019389237610932305,-0.006361298632345114,20.000041339576875,-9.303001403808594,-61.99898910522461,89.79701232910156
984,196.8,-1.1622528522983406e-05,-1.4199243096528827e-05,-0.0017870976485402567,-0.005863181449236816,20.00002507579324,-9.296135902404785,-60.21086120605469,89.8056411743164
985,197.0,-0.0002323508317885493,-0.0002838630111960707,-0.0015094024658642582,-0.0049521079861060925,20.000029727479607,-9.289396286010742,-58.42273712158203,89.8088150024414
986,197.2,-0.00015680481672510234,-0.00019156844459305753,-0.0013784925664284383,-0.004522613551641077,20.00004724601452,-9.282509803771973,-56.634613037109375,89.80272674560547
987,197.4,-1.2489873310757235e-05,-1.5258878223752115e-05,-0.0014394501819956545,-0.004722605735098623,20.000037125028314,-9.275430679321289,-54.84648895263672,89.79611206054688
988,197.6,5.259057077813844e-05,6.424990031965173e-05,-0.0015880225437979634,-0.00521004788259411,20.000023768575538,-9.268263816833496,-53.05836486816406,89.79391479492188
989,197.8,4.4063851706372965e-05,5.383280762967585e-05,-0.0017222965230739755,-0.005650579324762022,20.000012351299304,-9.261112213134766,-51.27023696899414,89.79493713378906
990,198.0,1.5507271898882104e-05,1.894523407886427e-05,-0.0018174851267484214,-0.005962877903241291,20.000025433306543,-9.253999710083008,-49.482112884521484,89.79653930664062
991,198.2,-1.769306947657009e-06,-2.161562297952568e-06,-0.0018854430700112905,-0.006185837041815842,20.000033601853403,-9.246914863586426,-47.69398880004883,89.79730224609375
992,198.4,0.000380016266550299,0.00046426587284450024,-0.0019464006855785068,-0.0063858292252733885,20.000042484868885,-9.239835739135742,-45.90586471557617,89.79730224609375
993,198.6,-4.522716868936752e-05,-5.5254031987800304e-05,-0.0017536627976469706,-0.005753487053032087,20.00003089553005,-9.233010292053223,-44.11773681640625,89.80718231201172
994,198.8,-0.0002741073091914133,-0.00033487689963914965,-0.0014429053584542272,-0.004733941616230967,20.00004415575045,-9.226303100585938,-42.329612731933594,89.80984497070312
995,199.0,-0.0001612077182529172,-0.00019694746938958893,-0.0013158745871930993,-0.004317173980646608,20.000050929688925,-9.219412803649902,-40.54148483276367,89.80233001708984
996,199.2,6.719913658841611e-06,8.209718517006796e-06,-0.001402405336704032,-0.004601067524872057,20.000032140952555,-9.212308883666992,-38.75334167480469,89.79515838623047
997,199.4,6.853560879212743e-05,8.372995326134209e-05,-0.0015701058530282808,-0.0051512660868493045,20.000011210632888,-9.205123901367188,-36.965206146240234,89.79340362548828
998,199.6,4.761787357393463e-05,5.817475614527593e-05,-0.001706403159302806,-0.005598435741167018,20.000005438680507,-9.197969436645508,-35.17708206176758,89.79505157470703
999,199.8,1.1213580502373012e-05,1.3699631299749109e-05,-0.001789940861448359,-0.005872509575874234,20.00002272899357,-9.19086742401123,-33.38895034790039,89.79690551757812
1000,200.0,-7.5985364096631095e-06,-9.28313193168542e-06,-0.0018468907654779407,-0.006059353099010647,20.00004184301967,-9.183793067932129,-31.600805282592773,89.79762268066406
1001,200.2,0.0003973789426714485,0.0004854778542617086,-0.001904736654397333,-0.006249136205212946,20.00004888954595,-9.176717758178711,-29.81264305114746,89.79745483398438
1002,200.4,-6.162088800424083e-05,-7.528223887478101e-05,-0.0016993779439749214,-0.005575387133710681,20.000034141269303,-9.169905662536621,-28.02448272705078,89.80765533447266
1003,200.6,-0.00029836605867709915,-0.00036451381388581206,-0.001378348581604205,-0.0045221411604703405,20.000037855060196,-9.163208961486816,-26.23632049560547,89.81006622314453
1004,200.8,-0.00015910799805024317,-0.00019438224121798208,-0.0012648637596562027,-0.004149815617230456,20.000043776554804,-9.156304359436035,-24.44817352294922,89.80176544189453
1005,201.0,2.5490559449660112e-05,3.114181647964976e-05,-0.0013751687464328521,-0.004511708630046758,20.000026733738622,-9.149176597595215,-22.660030364990234,89.7944107055664
1006,201.2,8.140392727959826e-05,9.94511779574852e-05,-0.0015514640244229502,-0.005090105229887792,20.000015373781075,-9.141982078552246,-20.87190055847168,89.79312896728516
1007,201.4,4.791887238502425e-05,5.8542486392784125e-05,-0.00168471697045842,-0.005527286825358802,20.000026115931608,-9.134831428527832,-19.083755493164062,89.7952880859375
1008,201.6,4.860005735302434e-06,5.937469006818983e-06,-0.0017581226563140135,-0.005768119135741268,20.000037120329836,-9.127740859985352,-17.295610427856445,89.79729461669922
1009,201.8,-1.3516405117403063e-05,-1.651299213193132e-05,-0.0018072303773533998,-0.005929233711236128,20.000043795990305,-9.120673179626465,-15.507466316223145,89.79788208007812
1010,202.0,-1.1614525941408329e-05,-1.4189466342618555e-05,-0.0018627274457710253,-0.006111310713183411,20.0000383134064,-9.113600730895996,-13.719322204589844,89.79750061035156
1011,202.2,0.00037226660006954137,0.0004547981053049587,-0.0019321827674215362,-0.006339182510667273,20.00003044156379,-9.106513023376465,-11.931178092956543,89.79694366455078
1012,202.4,-2.9790811905388794e-05,-3.639543490481349e-05,-0.0017578120712883026,-0.005767100155965515,20.000019191337948,-9.099669456481934,-10.143033027648926,89.80644989013672
1013,202.6,-0.00025936004454642475,-0.0003168601664223671,-0.0014609645372471128,-0.004793190892381818,20.000037917027647,-9.092948913574219,-8.354888916015625,89.8094253540039
1014,202.8,-0.00016073897696197313,-0.0001963748081544426,-0.001332801173021344,-0.004372707400495346,20.00005253847889,-9.0860595703125,-6.566744327545166,89.8024673461914
1015,203.0,-2.041536485255706e-07,-2.494145124036896e-07,-0.0014108552943340267,-0.004628790483862848,20.00004451437012,-9.078963279724121,-4.778599739074707,89.79547119140625
1016,203.2,6.432159794309781e-05,7.85816962070826e-05,-0.0015728111384096604,-0.00516014169533995,20.000024006845376,-9.071784019470215,-2.990455150604248,89.79351043701172
1017,203.4,4.706947412549705e-05,5.750477653911974e-05,-0.0017097965188860203,-0.0056095688110220105,20.00001842095652,-9.064628601074219,-1.2023122310638428,89.79499816894531
1018,203.6,1.301375020771788e-05,1.5898898628768934e-05,-0.0017982337604254422,-0.005899717250554208,20.000025047453168,-9.057522773742676,0.5858312845230103,89.7967758178711
1019,203.8,-5.329589876687629e-06,-6.511159952349277e-06,-0.0018594035017413279,-0.006100405384653018,20.000037647222708,-9.050444602966309,2.373976230621338,89.79751586914062
1020,204.0,0.00038994578011583076,0.0004763967595675105,-0.00191646179117961,-0.006287604502973712,20.000033900252717,-9.04336929321289,4.162120819091797,89.79751586914062
1021,204.2,-5.56048469816519e-05,-6.793244155748413e-05,-0.0017144829755195625,-0.005624944325403601,20.000021711829397,-9.036553382873535,5.950265407562256,89.80747985839844
1022,204.4,-0.00029120198065131064,-0.0003557614597617062,-0.0013973499490261012,-0.004584481606762794,20.000044200843107,-9.029852867126465,7.738409996032715,89.81001281738281
1023,204.6,-0.00016010827504204473,-0.00019560427961886606,-0.0012790937182071563,-0.004196501834442767,20.000054003865618,-9.022953033447266,9.526555061340332,89.80195617675781
1024,204.8,2.0159784368791277e-05,2.4629208563352302e-05,-0.0013827865128086857,-0.004536701302683248,20.000032830572003,-9.01583194732666,11.314699172973633,89.79462432861328
1025,205.0,7.786832696994262e-05,9.51317350591789e-05,-0.0015570891148730102,-0.0051085602516399665,20.000017505364767,-9.00864028930664,13.10284423828125,89.79320526123047
1026,205.2,4.7323469372531965e-05,5.7815082532422304e-05,-0.001689347785545687,-0.005542479788729712,20.00001773959998,-9.001489639282227,14.89098834991455,89.79523468017578
1027,205.4,-9.965827648895554e-05,-0.00012175251638655698,-0.0017646696802879262,-0.00578959887387584,20.000030874521087,-8.994397163391113,16.67913246154785,89.79719543457031
1028,205.6,-0.0005338560507251862,-0.00065221193717096,-0.0020468458323859304,-0.0067153736807250555,20.00004395367222,-8.987255096435547,18.46727752685547,89.79505157470703
1029,205.8,-0.0005885825034013135,-0.0007190712444053848,-0.003041994652899833,-0.009980297737019887,20.00005619191443,-8.979716300964355,20.255420684814453,89.7800064086914
1030,206.0,-0.00023484947527483915,-0.000286915603943271,-0.002176074151691034,-0.007139351119834012,20.00004419335082,-8.971558570861816,22.043546676635742,89.75891876220703
1031,206.2,-0.00014858054269215965,-0.00018152084900701143,-0.0017402552906232273,-0.005709499167688309,20.000016252256636,-8.962970733642578,23.83167266845703,89.74625396728516
1032,206.4,-9.303288600024279e-05,-0.00011365827682649661,-0.0015468726214158094,-0.005075041571245844,20.000013006963417,-8.954140663146973,25.619796752929688,89.73946380615234
1033,206.6,-3.661923723395443e-05,-4.4737722128722124e-05,-0.001508546061969511,-0.004949298261952051,20.000023260678688,-8.94515609741211,27.407920837402344,89.7352294921875
1034,206.8,-1.426332199919316e-06,-1.7425500486414283e-06,-0.0015514829374092187,-0.005090167280369661,20.000038183622657,-8.936089515686035,29.196046829223633,89.73310089111328
1035,207.0,7.71335252747107e-06,9.423402782811408e-06,-0.0016238689609005682,-0.00532765424168102,20.000048894665955,-8.926993370056152,30.98417091369629,89.73251342773438
1036,207.2,6.055479666409175e-06,7.397979508452089e-06,-0.0017004768684983945,-0.005578992529244273,20.000046429727814,-8.91789436340332,32.77229690551758,89.73251342773438
1037,207.4,2.7039013747001455e-07,3.303356309471168e-07,-0.001771522941714565,-0.0058120833280948135,20.00003346444275,-8.908798217773438,34.560420989990234,89.73270416259766
1038,207.6,-1.4708786497232928e-06,-1.7969724463669469e-06,-0.0018452780211667282,-0.0060540619429646485,20.000037983154197,-8.899702072143555,36.34854507446289,89.73270416259766
1039,207.8,0.00039639514149465157,0.0004842759443640158,-0.0019225197841252952,-0.006307479808549634,20.000031877260195,-8.89060115814209,38.13667297363281,89.73255157470703
1040,208.0,-4.2394407172740946e-05,-5.1793247242937614e-05,-0.001734669614708092,-0.005691173458718897,20.000014677803005,-8.881765365600586,39.92479705810547,89.7427749633789
1041,208.2,-0.00028157720460803725,-0.0003440028708696391,-0.0014230704377264105,-0.004668866414910317,20.00002791661553,-8.873053550720215,41.71292495727539,89.74566650390625
1042,208.4,-0.00016435855869323832,-0.00020079685115552927,-0.0012969605303690805,-0.004255119986456094,20.000044002529705,-8.864156723022461,43.50104904174805,89.73800659179688
1043,208.6,1.1511975787566351e-05,1.406418081966981e-05,-0.0013913882468848972,-0.004564922215909846,20.000044292170998,-8.8550386428833,45.2891731262207,89.73068237304688
1044,208.8,7.350723206114611e-05,8.98037854091022e-05,-0.001562126619514849,-0.005125087498369097,20.00003102175217,-8.845844268798828,47.07729721069336,89.72899627685547
1045,209.0,4.9398413022341504e-05,6.035004118939462e-05,-0.0016984954372156354,-0.005572491770234545,20.000030330779005,-8.836684226989746,48.86542510986328,89.73078918457031
1046,209.2,9.841637467150079e-06,1.2023528493617252e-05,-0.0017793015569429165,-0.005837603720080599,20.00003423460795,-8.827579498291016,50.65354919433594,89.73274230957031
1047,209.4,-9.885052956822381e-06,-1.2076569197349904e-05,-0.0018339634707978231,-0.00601694071353233,20.000040624563013,-8.818502426147461,52.441673278808594,89.73345947265625
1048,209.6,-1.0392609985059274e-05,-1.2696651618746915e-05,-0.0018892902541481345,-0.006198459037419365,20.00004160279276,-8.809423446655273,54.22979736328125,89.73322296142578
1049,209.8,0.000356811436225894,0.0004359165316371747,-0.001957949057547346,-0.006423717585963634,20.000033843232252,-8.800331115722656,56.01792526245117,89.73279571533203
1050,210.0,-2.0849929935710627e-05,-2.5472359402457674e-05,-0.0017913636967175853,-0.005877177670738923,20.0000088043225,-8.791474342346191,57.80604934692383,89.74187469482422
1051,210.2,-0.00024414238356237276,-0.0002982687499981508,-0.0015002392193608034,-0.004922044840447698,20.000019909752915,-8.782742500305176,59.594173431396484,89.74492645263672
1052,210.4,-0.00016037201619265837,-0.00019592649218257074,-0.001366740892405313,-0.004484058189439047,20.000042024947938,-8.773852348327637,61.38229751586914,89.73847961425781
1053,210.6,-8.982153668621896e-06,-1.097349713695537e-05,-0.0014344652840080252,-0.0047062510823848895,20.00004463947412,-8.764760971069336,63.1704216003418,89.73164367675781
1054,210.8,5.6686160942333536e-05,6.925348282324888e-05,-0.001588002416656362,-0.0052099818486628586,20.00003509520808,-8.755583763122559,64.95854949951172,89.72948455810547
1055,211.0,4.672154786713816e-05,5.707971502928269e-05,-0.0017260520239689137,-0.005662900522318171,20.000026881747523,-8.746421813964844,66.74667358398438,89.73062133789062
1056,211.2,1.6128487896994018e-05,1.9704173663757592e-05,-0.0018197622095000939,-0.005970348647416288,20.000028642008147,-8.737305641174316,68.53479766845703,89.7322998046875
1057,211.4,-3.2957361279751237e-06,-4.0264008275472085e-06,-0.0018836891636409944,-0.00618008275563992,20.000036716516266,-8.728218078613281,70.32292175292969,89.73314666748047
1058,211.6,0.00037899425469828336,0.00046301728096489277,-0.001942847806915355,-0.006374172798840173,20.000041550959715,-8.719135284423828,72.11104583740234,89.73314666748047
1059,211.8,-4.463231426883872e-05,-5.4527298342240264e-05,-0.0017511799807938132,-0.005745341328187574,20.00002134217677,-8.71030330657959,73.899169921875,89.74291229248047
1060,212.0,-0.000276373611976893,-0.0003376456417521702,-0.0014364393685871862,-0.004712727738035584,20.0000280896448,-8.701594352722168,75.68730163574219,89.74559020996094
1061,212.2,-0.00016192284155317193,-0.00019782113552551016,-0.0013116639002865274,-0.0043033593906160504,20.000039479892926,-8.692695617675781,77.47542572021484,89.73805236816406
1062,212.4,8.359707903730454e-06,1.0213055145987496e-05,-0.0014021332900257559,-0.004600174983248101,20.00003967397082,-8.683582305908203,79.2635498046875,89.73085021972656
1063,212.6,7.050122587747331e-05,8.613134765450914e-05,-0.0015700498335662295,-0.005151082295957428,20.0000287772519,-8.67439079284668,81.05167388916016,89.72911071777344
1064,212.8,4.8159120075209925e-05,5.8835996995883964e-05,-0.0017062069881199978,-0.005597792134903613,20.00002613371703,-8.665230751037598,82.83980560302734,89.7308120727539
1065,213.0,9.818403451292414e-06,1.1995143496443943e-05,-0.0017874183377791595,-0.005864233579319378,20.00003008650563,-8.656126976013184,84.6279296875,89.73270416259766
1066,213.2,-8.448417547411515e-06,-1.0321431717672648e-05,-0.0018437808761280349,-0.006049150049635902,20.00004290618627,-8.64704704284668,86.41605377197266,89.73338317871094
1067,213.4,0.00039835561253285867,0.00048667105183139344,-0.001900997772528304,-0.006236869532021761,20.000041647382712,-8.63796615600586,88.20417785644531,89.73320007324219
1068,213.6,-6.367534591826352e-05,-7.779217010834254e-05,-0.0016931350856016786,-0.0055549053142454115,20.00002420932255,-8.629150390625,89.99229431152344,89.74342346191406
1069,213.8,-0.0002991886418731363,-0.00036551876377641056,-0.0013736774960778895,-0.004506816076232183,20.000032658701148,-8.62044620513916,91.7804183959961,89.74578857421875
1070,214.0,-0.0001578689044124246,-0.00019286844052065913,-0.0012622849652306391,-0.00414135500532729,20.000045548233214,-8.611534118652344,93.56855010986328,89.73744201660156
1071,214.2,2.829057756098285e-05,3.456259860625275e-05,-0.0013755955807699964,-0.004513109005213435,20.000047275765112,-8.602397918701172,95.35667419433594,89.73006439208984
1072,214.4,8.1668194748338e-05,9.977403352404453e-05,-0.0015519793516701385,-0.005091795936133457,20.00003067286324,-8.5931978225708,97.14480590820312,89.72888946533203
1073,214.6,4.625395045081236e-05,5.650845126575746e-05,-0.0016827076333869855,-0.005520694511921357,20.00001465521725,-8.584043502807617,98.93292999267578,89.73111724853516
1074,214.8,4.024570417420929e-06,4.916817678963149e-06,-0.0017542294623854844,-0.005755346189372792,20.00001885997397,-8.57494831085205,100.72105407714844,89.73307037353516
1075,215.0,-1.298093321569606e-05,-1.5858806109615877e-05,-0.0018044245586153933,-0.005920028268887727,20.00004269511494,-8.565874099731445,102.5091781616211,89.73359680175781
1076,215.2,-1.1603717304512446e-05,-1.4176261430922855e-05,-0.0018591476230702467,-0.006099565887673788,20.000043819199323,-8.55679702758789,104.29730224609375,89.73322296142578
1077,215.4,0.0003730355138047208,0.0004557374872152274,-0.001928796550250994,-0.006328072873925472,20.00003828709189,-8.547703742980957,106.0854263305664,89.73270416259766
1078,215.6,-2.9079390948503863e-05,-3.552629192178717e-05,-0.0017562024524152386,-0.005761819253982011,20.000022703559324,-8.53885269165039,107.87355041503906,89.74219512939453
1079,215.8,-0.0002606576756608783,-0.000318445482354895,-0.001457967465926792,-0.004783357980911256,20.000030386124486,-8.53012752532959,109.66166687011719,89.74520111083984
1080,216.0,-0.00016202156804924565,-0.0001979417496857634,-0.001328999308148008,-0.004360234090144311,20.00004507467912,-8.521233558654785,111.44979858398438,89.73822021484375
1081,216.2,5.773405592919266e-07,7.053369612869468e-07,-0.0014090994202138826,-0.004623029741814514,20.000043321939035,-8.512129783630371,113.23793029785156,89.7311782836914
1082,216.4,6.503811019444046e-05,7.945705922454791e-05,-0.0015731230002131932,-0.0051611648640194525,20.000035180707773,-8.502942085266113,115.02605438232422,89.72925567626953
1083,216.6,4.7901380450135264e-05,5.852111649593025e-05,-0.0017104819416988055,-0.005611817573603109,20.00002005839567,-8.493781089782715,116.81417846679688,89.7307357788086
1084,216.8,1.2608912690651934e-05,1.5404308634169467e-05,-0.0017960665287480467,-0.005892606910177741,20.000015437605306,-8.484671592712402,118.60230255126953,89.73255157470703
1085,217.0,-6.335138713536373e-06,-7.739638966327387e-06,-0.0018573705927666727,-0.00609373573557261,20.000023745894797,-8.475587844848633,120.39042663574219,89.73331451416016
1086,217.2,0.00039382266086062094,0.00048113314477342064,-0.0019146219116944162,-0.006281568152763508,20.000030876103093,-8.466506958007812,122.17855072021484,89.73320007324219
1087,217.4,-5.864731591634686e-05,-7.164942585500095e-05,-0.001709654633642569,-0.005609103308239887,20.000028758447527,-8.457688331604004,123.96666717529297,89.7433090209961
1088,217.6,-0.0002947266561473273,-0.00036006755581518977,-0.0013901988429358327,-0.004561019971857597,20.000051685835558,-8.448984146118164,125.75479125976562,89.74578857421875
1089,217.8,-0.000159607052529923,-0.00019499193607580692,-0.0012737916419151326,-0.004179106570460844,20.000051504197238,-8.44007682800293,127.54293060302734,89.73760986328125
1090,218.0,2.2891490692011805e-05,2.796653417843082e-05,-0.0013807543711239878,-0.004530034170958424,20.000032074762995,-8.430946350097656,129.3310546875,89.73025512695312
1091,218.2,7.876978538405842e-05,9.623304680370418e-05,-0.0015562045607512677,-0.005105658171095189,20.000017990717016,-8.421748161315918,131.11917114257812,89.72892761230469
1092,218.4,4.7045268987824745e-05,5.7475205122425496e-05,-0.0016858497583868814,-0.005531003321306016,20.000014923008095,-8.41259479522705,132.9073028564453,89.73098754882812
1093,218.6,6.019993818115539e-06,7.354626447591754e-06,-0.0017620231828784463,-0.005780916139314921,20.00002972729653,-8.403494834899902,134.69541931152344,89.73294067382812
1094,218.8,-1.1893025335942589e-05,-1.452970905292106e-05,-0.001815630670714843,-0.005956793729708086,20.000036376057594,-8.394418716430664,136.48355102539062,89.7335433959961
1095,219.0,-1.0502675323258278e-05,-1.2831118442424638e-05,-0.001871819411899562,-0.006141139999336559,20.00004596770268,-8.38533878326416,138.2716827392578,89.73320007324219
1096,219.2,0.00036817787106818256,0.00044980290508399865,-0.0019405875997061976,-0.006366757420620081,20.000040360593648,-8.376246452331543,140.05979919433594,89.73270416259766
1097,219.4,-2.6332013871699645e-05,-3.2169821347055456e-05,-0.0017709155490766562,-0.005810090570032657,20.00001876602741,-8.367392539978027,141.84791564941406,89.74210357666016
1098,219.6,-0.0002542632083058158,-0.0003106333615872152,-0.0014733316162138734,-0.004833765299739124,20.000032598197443,-8.35866641998291,143.63604736328125,89.7450942993164
1099,219.8,-0.00016123279114409216,-0.0001969781009407374,-0.0013417887256205812,-0.0044021941225650275,20.000046858529196,-8.349774360656738,145.42417907714844,89.7383041381836
1100,220.0,-3.983648515973316e-06,-4.8668233919646e-06,-0.0014170598800088733,-0.004649146736728312,20.000045146427993,-8.340676307678223,147.21229553222656,89.73137664794922
1101,220.2,6.250485531339e-05,7.636218173636856e-05,-0.0015772258607843648,-0.005174625693095776,20.000028823160168,-8.33149242401123,149.00042724609375,89.72930145263672
1102,220.4,4.6031830375840185e-05,5.6237087170163954e-05,-0.0017135048304948654,-0.005621735188080774,20.000026608184747,-8.322332382202148,150.78854370117188,89.73072052001953
1103,220.6,1.4296082864913133e-05,1.7465524436064375e-05,-0.0018046539761957042,-0.005920780951261914,20.00003274979587,-8.31321907043457,152.57667541503906,89.732421875
1104,220.8,-4.456469733505399e-06,-5.444469073423546e-06,-0.001864945501514875,-0.006118587799190062,20.000038790368933,-8.304133415222168,154.36480712890625,89.73320007324219
1105,221.0,0.0003868516381504625,0.00047261664632842007,-0.0019230535414044708,-0.006309230980781444,20.000037291764496,-8.295052528381348,156.15292358398438,89.73320007324219
1106,221.2,-5.297891813617466e-05,-6.472434428696458e-05,-0.0017242760991361458,-0.005657073997089832,20.000014370463816,-8.28622817993164,157.9410400390625,89.74313354492188
1107,221.4,-0.00028546788142476425,-0.0003487561107366345,-0.0014095262471554883,-0.004624430092717612,20.00002823792967,-8.277519226074219,159.7291717529297,89.74566650390625
1108,221.6,-0.00015998408714203648,-0.00019545255926142597,-0.0012894837851559436,-0.004230589981691026,20.000038089002686,-8.26861572265625,161.51730346679688,89.73777770996094
1109,221.8,1.607053189430429e-05,1.963336881527155e-05,-0.001388617013013373,-0.004555830240974794,20.00003375008826,-8.259493827819824,163.305419921875,89.73052978515625
1110,222.0,7.523814593655047e-05,9.19184428906837e-05,-0.0015602305328947582,-0.005118866741542438,20.000033006281214,-8.250298500061035,165.0935516357422,89.72899627685547
1111,222.2,4.775115718852022e-05,5.8337588737215155e-05,-0.0016947369026301872,-0.005560160619625223,20.000034395044334,-8.241140365600586,166.88168334960938,89.73091125488281
1112,222.4,8.587421030895878e-06,1.0491252273445494e-05,-0.0017739265298413682,-0.005819969116164754,20.00004055497795,-8.232037544250488,168.6697998046875,89.73282623291016
1113,222.6,-1.0156190417081741e-05,-1.2407817832548763e-05,-0.0018259798560114689,-0.005990747750796667,20.000042764701202,-8.22296142578125,170.4579315185547,89.73347473144531
1114,222.8,-1.079093598007316e-05,-1.318328648685538e-05,-0.001881647725285662,-0.006173385123026212,20.000037326560577,-8.213883399963379,172.2460479736328,89.73322296142578
1115,223.0,0.0003609327867248952,0.00044095158554180447,-0.001949385249852443,-0.0063956211031258895,20.000023225329212,-8.204792022705078,174.0341796875,89.73274230957031
1116,223.2,-2.2735279574809292e-05,-2.7775691056544512e-05,-0.001781621492910414,-0.0058452150588002025,20.000004280733442,-8.19593620300293,175.82229614257812,89.741943359375
1117,223.4,-0.00024851853651802855,-0.0003036150960640755,-0.0014899679328137312,-0.0048883463926926015,20.000032655075625,-8.187204360961914,177.6104278564453,89.74501037597656
1118,223.6,-0.0001592749077101083,-0.00019458615474943932,-0.0013581750174140148,-0.004455954924132596,20.00005722693506,-8.178313255310059,179.39854431152344,89.73836517333984
1119,223.8,-6.387955241886872e-06,-7.804164919013191e-06,-0.0014278336175465901,-0.004684493645791554,20.000055439959542,-8.169219017028809,181.18667602539062,89.73152923583984
1120,224.0,5.822679032512193e-05,7.113566974020146e-05,-0.001584202087084252,-0.005197513575389497,20.000032910450898,-8.160039901733398,182.9748077392578,89.72944641113281
1121,224.2,4.552966968423115e-05,5.56235974532252e-05,-0.0017215480508752878,-0.005648123707233679,20.000011786014948,-8.15087890625,184.76292419433594,89.73072052001953
1122,224.4,1.4210310657865939e-05,1.736073653071482e-05,-0.001810932759273941,-0.005941380633936316,20.0000072287903,-8.141765594482422,186.55105590820312,89.7323989868164
1123,224.6,-4.053767704373649e-06,-4.952488004433287e-06,-0.0018751426813034622,-0.006152043114527651,20.00002394432547,-8.132678985595703,188.33917236328125,89.73316955566406
1124,224.8,0.00038189624248686653,0.00046656263944620487,-0.0019342972463096382,-0.006346119777582514,20.00004585639297,-8.12359619140625,190.12730407714844,89.73316955566406
1125,225.0,-4.713707327699351e-05,-5.758736242250297e-05,-0.0017398273554898999,-0.005708095180985483,20.000048902381025,-8.114767074584961,191.91542053222656,89.74298095703125
1126,225.2,-0.0002799586144726871,-0.00034202543930128185,-0.0014272221590747388,-0.004682487548378766,20.000049462378726,-8.106056213378906,193.70355224609375,89.7456283569336
1127,225.4,-0.0001610170886027279,-0.00019671457714595268,-0.0013029191080548464,-0.004274669126470662,20.000044041502363,-8.09715747833252,195.49166870117188,89.73793029785156
1128,225.6,1.1134918988876564e-05,1.36035305287105e-05,-0.001394666939474372,-0.0045756790817050984,20.000031327853172,-8.088041305541992,197.27980041503906,89.73072052001953
1129,225.8,7.285477989455455e-05,8.90066845971773e-05,-0.0015652958418209046,-0.005135485209679697,20.000013866832283,-8.078847885131836,199.06793212890625,89.7290267944336
1130,226.0,4.843839607567366e-05,5.9177188485650515e-05,-0.0017026453986388797,-0.005586107129670382,20.000015363994105,-8.069686889648438,200.85604858398438,89.73085021972656
1131,226.2,9.662199401774332e-06,1.1804309009147701e-05,-0.0017825343920792728,-0.005848210134909361,20.00003211532625,-8.060583114624023,202.64418029785156,89.73274230957031
1132,226.4,-9.57795552790157e-06,-1.1701388268437348e-05,-0.0018385190022822944,-0.006031886683447843,20.000053445973876,-8.051505088806152,204.4322967529297,89.73345947265625
1133,226.6,-1.0173696557211639e-05,-1.242920508394546e-05,-0.0018919599137638813,-0.006207217763473092,20.00005226819872,-8.042426109313965,206.22042846679688,89.73321533203125
1134,226.8,0.0003559557808966866,0.00043487117752148203,-0.001961580737755554,-0.006435632547657931,20.000040271696275,-8.033333778381348,208.008544921875,89.73277282714844
1135,227.0,-1.8749353687753994e-05,-2.2906085400329055e-05,-0.0017981264114373834,-0.005899365055700225,20.00001743491871,-8.024474143981934,209.7966766357422,89.74182891845703
1136,227.2,-0.00024213964642996389,-0.0002958220060434869,-0.0015072951154410275,-0.0049451941065435405,20.0000283665408,-8.015741348266602,211.5847930908203,89.74493408203125
1137,227.4,-0.00016077036471071605,-0.0001964131545670818,-0.0013709264321757294,-0.00449779027573942,20.00004181195771,-8.006854057312012,213.3729248046875,89.7385482788086
1138,227.6,-1.0546087258597233e-05,-1.288415480382824e-05,-0.0014362310052681722,-0.00471204413132403,20.00004022697269,-7.99776554107666,215.1610565185547,89.7317123413086
1139,227.8,0.0010699998120201337,0.0013072187703449974,-0.001589816892273164,-0.005215934852845487,20.00002866507229,-7.988588809967041,216.9491729736328,89.72949981689453
1140,228.0,0.005933642148395368,0.007249130612694622,-0.0001727768682950057,-0.0005668532605769865,19.999987411180655,-7.980111598968506,218.7373046875,89.75711059570312
1141,228.2,0.011243134975204868,0.013735737999207787,0.007309723463690068,0.023982033128612922,19.99963149283977,-7.976049423217773,220.52542114257812,89.92279815673828
1142,228.4,0.014437370995502033,0.017638136145204833,0.009774967099734612,0.0320701030594933,19.999029905710202,-7.981975078582764,222.3135528564453,90.27751159667969
1143,228.6,0.015413194134552671,0.018830299274182997,0.010080480886867312,0.03307244491286975,19.9987884895916,-8.00244426727295,224.1014862060547,90.77283477783203
1144,228.8,0.016055682577878698,0.019615227405394405,0.00047069904045564034,0.001544288239888483,19.99924248686175,-8.039794921875,225.88917541503906,91.32979583740234
1145,229.0,0.014459705418386684,0.017665422109643013,0.0009400842978295743,0.0030842661676911804,19.999854556566216,-8.09516429901123,227.67645263671875,91.91553497314453
1146,229.2,0.013643522362023632,0.01666829126968427,0.002030820704852443,0.006662797801308089,20.000553855409706,-8.167885780334473,229.46319580078125,92.46736907958984
1147,229.4,0.014147451972886726,0.017283942075275713,0.0026379136309300742,0.008654572556900624,20.000679644357707,-8.256850242614746,231.24920654296875,92.98210906982422
1148,229.6,0.01479463958658346,0.018074611182929013,0.0027171113062712388,0.00891440745806693,20.000124469859276,-8.36198902130127,233.0343475341797,93.50053405761719
1149,229.8,0.014890524439426176,0.01819175370764696,0.0028054016310757462,0.00920407388729855,19.999461121620662,-8.483844757080078,234.81838989257812,94.04037475585938
1150,230.0,0.01464667128121222,0.01789383830425697,0.0032341278826789385,0.01061065612260837,19.999298075835707,-8.622730255126953,236.60110473632812,94.58961486816406
1151,230.2,0.014468470532246895,0.01767613044924603,0.003918089331780393,0.012854624203278384,19.999682813429224,-8.778555870056152,238.38246154785156,95.13394165039062
1152,230.4,0.014458104226313842,0.01766346593328762,0.004676738080458259,0.015343629363890674,20.000185528368775,-8.951117515563965,240.16229248046875,95.67122650146484
1153,230.6,0.014527796699478901,0.017748609227753374,0.0054062089940349195,0.017736906715989525,20.000406715145886,-9.140314102172852,241.94046020507812,96.206298828125
1154,230.8,0.01457773020438769,0.01780961299070044,0.006150028472282326,0.020177259413002746,20.0002620102526,-9.34615421295166,243.716796875,96.74295043945312
1155,231.0,0.014591946423156366,0.017826980945170132,0.006947817154539536,0.02279467643329949,19.99995195207236,-9.568669319152832,245.4910888671875,97.28160095214844
1156,231.2,0.014575409703047383,0.01780677803421299,0.007861719061214856,0.025793042364796147,19.999738464619163,-9.807873725891113,247.26315307617188,97.8211669921875
1157,231.4,0.014563667542106942,0.01779243263619205,0.008822586791040421,0.028945495647517056,19.99977105086288,-10.063745498657227,249.03298950195312,98.36046600341797
1158,231.6,0.014558787135723474,0.017786470243713368,0.00988657952808042,0.03243628557890736,19.999974340561643,-10.33625316619873,250.80032348632812,98.8993148803711
1159,231.8,0.014556344735806031,0.017783486363734228,0.011038411675730914,0.03621526256220501,20.000154902024768,-10.625367164611816,252.56497192382812,99.43792724609375
1160,232.0,0.014753924892538232,0.018024870041213958,0.00152725654497321,0.0050106843630099065,20.00017899102938,-10.931052207946777,254.32684326171875,99.97640228271484
1161,232.2,0.014609735834605658,0.01784871426913773,0.0016866377523237774,0.005533588603333942,20.000046201329415,-11.253410339355469,256.08575439453125,100.51998138427734
1162,232.4,0.014469662498792557,0.017677586674774867,0.0020344850554807337,0.00667481994942341,19.99994401992787,-11.592395782470703,257.84149169921875,101.06182861328125
1163,232.6,0.014477692083458555,0.017687396418361315,0.0024204782227117833,0.007941201772201726,19.999934323299836,-11.94784164428711,259.593994140625,101.59870147705078
1164,232.8,0.014562026182513732,0.017790427387177028,0.0027969401054969423,0.009176312975718588,20.000005031543612,-12.319664001464844,261.34307861328125,102.13423919677734
1165,233.0,0.01459907849524462,0.01783569419764035,0.003224352833119136,0.010578585749010586,20.000055368990605,-12.707878112792969,263.0885925292969,102.67195129394531
1166,233.2,0.014584853209509889,0.01781831516605823,0.003716017149948462,0.012191657706236913,20.000057159626838,-13.11250114440918,264.8304138183594,103.21144104003906
1167,233.4,0.014560569619400202,0.017788647904021227,0.004316883477696562,0.014163003988965988,20.000046488495137,-13.53350830078125,266.5683288574219,103.75102233886719
1168,233.6,0.014553596939484497,0.01778012938096821,0.00500467030401076,0.01641952252021066,20.00002183475227,-13.970840454101562,268.3022155761719,104.28986358642578
1169,233.8,0.014556895116055884,0.017784158763285474,0.0057455962639730435,0.018850382046693318,20.000017520788987,-14.424443244934082,270.03192138671875,104.82820892333984
1170,234.0,0.014564385593904336,0.017793309880072928,0.006548875512201444,0.021485812735450985,20.000012978894752,-14.894285202026367,271.7572937011719,105.36660766601562
1171,234.2,0.014563933447360478,0.017792757492640296,0.007448690413630832,0.024437961456656578,20.00002711138322,-15.380324363708496,273.4781494140625,105.90518188476562
1172,234.4,0.014562833474189015,0.01779141365541672,0.008389121249262305,0.02752336455942974,20.000040959373514,-15.882521629333496,275.19439697265625,106.44388580322266
1173,234.6,0.014556368445264643,0.017783515329579815,0.00943558182250373,0.03095663426654314,20.000049024314155,-16.400827407836914,276.90576171875,106.9825439453125
1174,234.8,0.014552967239725044,0.017779360076772086,0.010567095851238717,0.03466895075257803,20.000043615322035,-16.93520164489746,278.6121520996094,107.52099609375
1175,235.0,0.014721674387860649,0.017985469599649355,0.0015672888206553215,0.005142023854358805,20.000031181459313,-17.485580444335938,280.31353759765625,108.05931091308594
1176,235.2,0.014636463539937718,0.01788136750674191,0.001649240132572699,0.005410892996549814,19.99999351371083,-18.052026748657227,282.0096740722656,108.60198974609375
1177,235.4,0.014492311518360501,0.017705256981981023,0.0019264027168814923,0.006320219089653475,19.9999972580308,-18.634498596191406,283.7003173828125,109.1441421508789
1178,235.6,0.01449096118774271,0.01770360728306527,0.0022616161042053606,0.007420000579321116,20.00004587702252,-19.232831954956055,285.38543701171875,109.68183898925781
1179,235.8,0.014560118347385326,0.017788096585000652,0.002617368482540572,0.00858716721225841,20.00007935923251,-19.8469181060791,287.06488037109375,110.21796417236328
1180,236.0,0.014594506658115312,0.01783010878421948,0.0030087704366807966,0.009871294399479825,20.000052063282496,-20.47673225402832,288.73846435546875,110.7557373046875
1181,236.2,0.014586467240402594,0.01782028702759985,0.0034680478943034665,0.011378110253546585,20.000019569083452,-21.12226676940918,290.4060974121094,111.29512786865234
1182,236.4,0.01455654309580971,0.017783728700150724,0.004054533995181667,0.01330227731275182,20.00001088568511,-21.783475875854492,292.0675048828125,111.83470916748047
1183,236.6,0.014546439895688181,0.01777138562056225,0.00471091280227082,0.015455751158202198,20.000018115224194,-22.46027946472168,293.72265625,112.37344360351562
1184,236.8,0.014547087136313735,0.01777217635443449,0.005433630958560393,0.01782687379408328,20.000034332565843,-23.152612686157227,295.3713684082031,112.91160583496094
1185,237.0,0.014560300210629954,0.017788318767326616,0.006210082449763538,0.020374286904482206,20.000048697922594,-23.86039161682129,297.0135192871094,113.44969177246094
1186,237.2,0.014571359092913131,0.01780182940381197,0.007061999788265799,0.023169291385333964,20.000046180274396,-24.583576202392578,298.6489562988281,113.98810577392578
1187,237.4,0.014567646800183291,0.017797294095783928,0.007988701394049585,0.026209651081653643,20.0000227760029,-25.322099685668945,300.2774963378906,114.52696990966797
1188,237.6,0.01456417597974329,0.01779305379445238,0.008963675255379777,0.029408384324860187,20.000007726828244,-26.075910568237305,301.8990478515625,115.06584167480469
1189,237.8,0.014555058712093711,0.017781915228564888,0.010048380877405894,0.03296712991782835,20.00001882754837,-26.84493637084961,303.5133972167969,115.60457611083984
1190,238.0,0.014561739100063848,0.017790076658548003,0.011163050451677425,0.03662418244388137,20.000049763921673,-27.62909698486328,305.1205139160156,116.14305877685547
1191,238.2,0.014783561511476466,0.0180610770985708,0.0015013206595662076,0.004925592872731197,20.000055377770405,-28.428329467773438,306.72021484375,116.6816177368164
1192,238.4,0.014613257615703996,0.01785301682910557,0.0016946028469872476,0.005559720804509642,20.00001579978179,-29.24269676208496,308.31219482421875,117.22599792480469
1193,238.6,0.014440560298409538,0.017642032516566934,0.0020711981016221237,0.006795269579725928,20.000027964292098,-30.072101593017578,309.8963928222656,117.76824951171875
1194,238.8,0.014474601373478318,0.01768362049797846,0.0024795829226055,0.008135114835801028,20.00006885907504,-30.916330337524414,311.4727478027344,118.30438995361328
1195,239.0,0.014557217400382287,0.01778455249804704,0.0028746584487419624,0.00943129442497058,20.000057412445138,-31.77524757385254,313.0411376953125,118.83959197998047
1196,239.2,0.014607776571840318,0.017846320637817315,0.0032738035199325888,0.010740825540335635,20.000024481578844,-32.648834228515625,314.6014099121094,119.37713623046875
1197,239.4,0.014597316331673174,0.017833541362405118,0.003777502817347969,0.01239338234326791,19.999989814688885,-33.53705978393555,316.1534118652344,119.9168701171875
1198,239.6,0.014562388287851998,0.017790869771268786,0.004376501172912023,0.014358600108136681,20.000003152219996,-34.439876556396484,317.69696044921875,120.45687866210938
1199,239.8,0.014545625637745661,0.017770390841633874,0.005063160048131954,0.01661141801231324,20.00003541242199,-35.357173919677734,319.2319641113281,120.99596405029297
1200,240.0,0.014556314772802328,0.017783449757932605,0.005801959892966821,0.019035302095241263,20.00006255221705,-36.28885269165039,320.75830078125,121.53421783447266
1201,240.2,0.014560933789674987,0.01778909281084593,0.006636393718128103,0.021772945966183406,20.00005449907508,-37.23483657836914,322.2757873535156,122.07256317138672
1202,240.4,0.014559186205915496,0.017786957787766962,0.007552238718168458,0.024777686876115805,20.000035577036392,-38.19504165649414,323.7842712402344,122.61109924316406
1203,240.6,0.01456573492740531,0.017794958360811068,0.008508695504588215,0.0279156685592732,20.00001737518457,-39.16938018798828,325.2837219238281,123.14961242675781
1204,240.8,0.014562108687626406,0.01779052818367318,0.009530041668503242,0.03126654190769217,20.00000978861003,-40.157772064208984,326.77392578125,123.68827056884766
1205,241.0,0.014544924070925402,0.017769533737449564,0.01068053224116422,0.03504111739810122,20.00002639948252,-41.160125732421875,328.2546691894531,124.2269515991211
1206,241.2,0.014748882216266615,0.018018709403612925,0.0015100096848664202,0.004954100174497146,20.00004906298608,-42.176353454589844,329.72613525390625,124.76507568359375
1207,241.4,0.014577570225630568,0.017809417544652865,0.0017302090303398243,0.005676538995100109,20.000013665373665,-43.20646286010742,331.1876525878906,125.30840301513672
1208,241.6,0.014515239185496128,0.01773326771292062,0.0019400690268491783,0.006365056066047858,20.000039475923188,-44.250335693359375,332.6396484375,125.8493423461914
1209,241.8,0.014564781409486841,0.017793793447970073,0.0021773859800261752,0.0071436550187090764,20.000056743311255,-45.30780792236328,334.0818176269531,126.3869857788086
1210,242.0,0.014599679521568985,0.01783642847150083,0.002462549052106938,0.008079229432114527,20.00004641783103,-46.37876892089844,335.5140075683594,126.9251937866211
1211,242.2,0.014540175771746112,0.017763732740342226,0.0029738293764099144,0.009756658371300703,20.000011622914247,-47.46316146850586,336.9358215332031,127.46479034423828
1212,242.4,0.014511901580960643,0.01772919016145962,0.0035621266235625476,0.011686767511648948,20.000019286956725,-48.560882568359375,338.347412109375,128.00323486328125
1213,242.6,0.01455084133720626,0.017776762861664887,0.0041608859373987745,0.013651201018855395,20.00005005786073,-49.67179489135742,339.7486572265625,128.54037475585938
1214,242.8,0.014570746610801407,0.01780108113441608,0.004802425441915746,0.015755989486854857,20.000047747872504,-50.795799255371094,341.1394348144531,129.07815551757812
1215,243.0,0.01457754076827593,0.017809381556602704,0.005444459461946147,0.017862400381131394,20.000036023075808,-51.93281936645508,342.51959228515625,129.61685180664062
1216,243.2,0.014565195414563342,0.017794299237972034,0.006229108378412868,0.02043670793223207,20.000024200897865,-53.08278274536133,343.8890075683594,130.1559600830078
1217,243.4,0.014555644789411796,0.01778263123922439,0.007121596224242355,0.023364817756343286,20.000031181041678,-54.24557113647461,345.2474670410156,130.69485473632812
1218,243.6,0.01455434280254457,0.017781040601868702,0.00808737402240911,0.026533380187680707,20.00002901666672,-55.421077728271484,346.5950012207031,131.23338317871094
1219,243.8,0.014565020694890215,0.017794085782947375,0.009073461480124279,0.02976857536245094,20.000032738225098,-56.60921096801758,347.931396484375,131.77174377441406
1220,244.0,0.014555791519183995,0.017782810498987087,0.010213315708156534,0.033508254707948285,20.000035332720913,-57.80984878540039,349.2565612792969,132.31039428710938
1221,244.2,0.014686711550626681,0.017942755501400617,0.0015943630177399082,0.0052308499631218,20.000041388154234,-59.02287292480469,350.57037353515625,132.848876953125
1222,244.4,0.014601262622329284,0.017838362545699687,0.0016665980722093687,0.005467841619227385,20.000002618110713,-60.24826431274414,351.8726501464844,133.39060974121094
1223,244.6,0.014503068732477534,0.017718399070467804,0.0019340003161840147,0.006345145597349163,20.00002474593838,-61.485897064208984,353.16326904296875,133.9314727783203
1224,244.8,0.01451296335630653,0.017730487332399687,0.0022325449054312885,0.007324622627535188,20.000064485397274,-62.735595703125,354.4422302246094,134.4690704345703
1225,245.0,0.014581002006689686,0.01781361015157279,0.0025122778761030307,0.008242381747033867,20.000054967558558,-63.99722671508789,355.70947265625,135.005859375
1226,245.2,0.014625371406265518,0.017867816247034582,0.0028136946123455686,0.009231281831967836,20.000033124184647,-65.27071380615234,356.9648742675781,135.54449462890625
1227,245.4,0.014577437663343832,0.01780925559330716,0.0032820001438061547,0.010767717351804984,19.999999825901966,-66.55596160888672,358.2081298828125,136.0849151611328
1228,245.6,0.014536846169574832,0.017759664965369574,0.003869433324281739,0.0126949916276365,20.00001419969169,-67.8528823852539,359.439208984375,136.6245880126953
1229,245.8,0.01454071873579129,0.01776439607951622,0.004506018956205827,0.014783527232278324,20.000050972907566,-69.16130065917969,360.6580810546875,137.16273498535156
1230,246.0,0.014574117717037649,0.017805199614904895,0.005145343845966252,0.01688104990359992,20.000047930892908,-70.48110961914062,361.8646545410156,137.70053100585938
1231,246.2,0.014568876584678286,0.017798796523501463,0.005913506065086088,0.01940126723857704,20.000037588695086,-71.81219482421875,363.0587158203125,138.23922729492188
1232,246.4,0.014546706302449789,0.017771711089702907,0.006764478449134109,0.02219317147505715,20.000026024349815,-73.15446472167969,364.24017333984375,138.77818298339844
1233,246.6,0.01456271302365695,0.017791266501001695,0.00764925607599215,0.025095985304358085,20.000016167598393,-74.50775909423828,365.4090270996094,139.31649780273438
1234,246.8,0.014563329453954704,0.017792019593896462,0.0086367143855961,0.02833567802483911,20.000023046686763,-75.87199401855469,366.5650939941406,139.85499572753906
1235,247.0,0.014560179805230614,0.017788171668050242,0.00965248585207712,0.031668261682928696,20.00004830102546,-77.24703216552734,367.7082824707031,140.3936767578125
1236,247.2,0.01455918564387497,0.01778695710112205,0.010768908956446,0.035331067260666295,20.00003897228997,-78.63275909423828,368.8385009765625,140.93228149414062
1237,247.4,0.014744633130619439,0.01801351829567777,0.0015269052302888664,0.005009531755740924,20.00002903400503,-80.029052734375,369.9556579589844,141.4708251953125
1238,247.6,0.014620865947648129,0.01786231192824172,0.001674048202829126,0.0054922843057699094,19.999992651451002,-81.43584442138672,371.05950927734375,142.01416015625
1239,247.8,0.014485744982596386,0.017697234645238005,0.002008811401455479,0.006590588798351195,20.00002461379507,-82.85303497314453,372.1499938964844,142.5561981201172
1240,248.0,0.014447570717387762,0.017650597145432628,0.002437310638674861,0.00799642623579003,20.000092831367315,-84.28041076660156,373.22705078125,143.09353637695312
1241,248.2,0.014550749705871441,0.01777665091566314,0.002724007529159994,0.008937032861969275,20.000095914518912,-85.71778869628906,374.2908630371094,143.6284942626953
1242,248.4,0.014628252026600192,0.017871335500897454,0.003088772364229664,0.01013376792345925,20.000043088070377,-87.16506958007812,375.34112548828125,144.16551208496094
1243,248.6,0.014619161978787765,0.017860230189485012,0.0035886504262832228,0.011773787864567049,19.999977168505016,-88.62215423583984,376.377685546875,144.70565795898438
1244,248.8,0.014549865334281415,0.017775570478891604,0.004211389406213031,0.013816894819479961,19.99997912060435,-90.08897399902344,377.4004211425781,145.2464141845703
1245,249.0,0.014541923295729871,0.017765867690393185,0.004847339504652645,0.015903345340444585,20.00002793412472,-91.56533813476562,378.40936279296875,145.7853546142578
1246,249.2,0.014552781752635795,0.01777913346719515,0.005566394287617363,0.01826244903458655,20.000075501048837,-93.05113220214844,379.4044189453125,146.3233184814453
1247,249.4,0.014546034781674086,0.01777089069277123,0.0063685861814682665,0.02089431228760835,20.00007612248268,-94.54618835449219,380.3854064941406,146.86151123046875
1248,249.6,0.014576471484344006,0.017808075212423072,0.007210241431592546,0.023655648498426086,20.000035045353137,-96.0504150390625,381.3523864746094,147.39962768554688
1249,249.8,0.014576093955027309,0.017807613984856863,0.00817963531953364,0.026836074741738748,19.999984221400307,-97.56365203857422,382.3051452636719,147.93841552734375
1250,250.0,0.014562937257689784,0.01779154044771961,0.009145898452944945,0.030006229480359893,19.999988282954693,-99.08573150634766,383.24359130859375,148.47756958007812
1251,250.2,0.014561975982537261,0.017790366057865773,0.010207917213198914,0.033490543109751525,20.000026047379926,-100.61659240722656,384.167724609375,149.01638793945312
1252,250.4,0.014719497416430744,0.01798280999365344,0.0015054016426629402,0.00493898192531428,20.000053451307625,-102.1561050415039,385.0774230957031,149.55502319335938
1253,250.6,0.014597823615154116,0.017834161110633785,0.0016581882092965294,0.005440250204588426,20.000029777012028,-103.70413970947266,385.9724426269531,150.09776306152344
1254,250.8,0.014493734384670677,0.017706995297752166,0.0018893524783713533,0.0061986631851398705,20.000035438792505,-105.26057434082031,386.8528747558594,150.63894653320312
1255,251.0,0.014513524510247408,0.01773117289416926,0.002160887404528994,0.0070895258322749045,20.00005072514705,-106.82521057128906,387.7186584472656,151.17625427246094
1256,251.2,0.014567206011132115,0.017796755583800106,0.0024907228044080965,0.00817166300561426,20.00004769651312,-108.39789581298828,388.5697326660156,151.7129669189453
1257,251.4,0.014591087739420066,0.017825931891249494,0.0028929401928538545,0.00949127390232264,20.000019608910048,-109.97850036621094,389.4059753417969,152.251220703125
1258,251.6,0.014529526173538164,0.017750722126211576,0.0034677686735407054,0.011377194174899288,20.00000943827584,-111.56689453125,390.2272033691406,152.79063415527344
1259,251.8,0.014513483835185458,0.017731123201446073,0.004083297413628919,0.013396645486530303,20.000045228367547,-113.16295623779297,391.0334777832031,153.32872009277344
1260,252.0,0.014521096863482741,0.017740424038116865,0.004804546797424331,0.015762949314861642,20.00006230670685,-114.7665023803711,391.82470703125,153.8657684326172
1261,252.2,0.0145974857083406,0.01783374828987971,0.005425506376378106,0.017800218339876345,20.000055186629336,-116.37738800048828,392.6009826660156,154.40283203125
1262,252.4,0.014612303499411098,0.017851851185230538,0.006078679952033886,0.019943176333830855,20.000013667515425,-117.9955062866211,393.3621520996094,154.94195556640625
1263,252.6,0.01458948271580598,0.017823971033900165,0.00677452359324987,0.022226127985677906,19.999999732149202,-119.62071228027344,394.1080017089844,155.48223876953125
1264,252.8,0.014575038797757144,0.017806324899219902,0.007685580882665466,0.025215161183084166,20.000014361782593,-121.25287628173828,394.8385314941406,156.0220947265625
1265,253.0,0.014568587335750342,0.017798443148086193,0.008683279091920793,0.028488449375937412,20.00004131693561,-122.89186096191406,395.55364990234375,156.56134033203125
1266,253.2,0.014558240026237087,0.01778580184005385,0.009747671351432896,0.031980550076635104,20.000062061423787,-124.53749084472656,396.2533264160156,157.1002960205078
1267,253.4,0.014544924713214991,0.017769534522134756,0.010882458874205692,0.035703606372849,20.0000678532215,-126.18961334228516,396.93743896484375,157.63890075683594
1268,253.6,0.014749971856233437,0.01802004061676039,0.0015065348723863337,0.004942699870719979,20.000042887228357,-127.84809112548828,397.6060791015625,158.17703247070312
1269,253.8,0.01462483967623404,0.017867166632455127,0.001635573875713392,0.005366056194395525,19.999978391354666,-129.51280212402344,398.25897216796875,158.72035217285156
1270,254.0,0.014479419205211865,0.017689506443007336,0.001953174357179288,0.0064080525580080955,19.999992674067354,-131.18365478515625,398.8960876464844,159.2625274658203
1271,254.2,0.014490996386442549,0.017703650285316862,0.002353029714838334,0.007719914009630199,20.000062083632013,-132.86041259765625,399.5174560546875,159.7997589111328
1272,254.4,0.014546106532163884,0.017770978350344618,0.002745528993854801,0.009007641344198585,20.000093123807606,-134.5429229736328,400.12310791015625,160.3357391357422
1273,254.6,0.014598787631825203,0.01783533884980085,0.003139247152357208,0.010299367627339621,20.000073704097467,-136.23101806640625,400.71295166015625,160.87318420410156
1274,254.8,0.014569378029243513,0.0177994091383268,0.0036459859526652497,0.011961896552942258,20.000021664311742,-137.92459106445312,401.2868957519531,161.41259765625
1275,255.0,0.014567679613448618,0.017797334183750176,0.004172910230186728,0.013690650799605826,19.999986270289924,-139.62350463867188,401.84490966796875,161.9517364501953
1276,255.2,0.014560707153491332,0.01778881592942036,0.0048761350373612775,0.015997818875976372,20.000004862685714,-141.3275909423828,402.38690185546875,162.49063110351562
1277,255.4,0.014555015289536587,0.017781862179226848,0.005640393393050502,0.01850522825965581,20.000034794315997,-143.0366973876953,402.9128112792969,163.0292510986328
1278,255.6,0.014543929602454972,0.01776831879531924,0.006505392327296966,0.021343151363088977,20.000042186780444,-144.7506561279297,403.422607421875,163.56768798828125
1279,255.8,0.014563825541964804,0.0177926256646184,0.00733794596307763,0.024074626633503612,20.000054630898127,-146.46934509277344,403.9163513183594,164.10574340820312
1280,256.0,0.014560876239281798,0.017789022501530572,0.008285222286114474,0.02718248868517581,20.000038157720034,-148.1925811767578,404.3938903808594,164.64427185058594
1281,256.2,0.014574917771676904,0.017806177041657673,0.009272085933676844,0.030420230414644336,20.000028560069662,-149.9202423095703,404.855224609375,165.18287658691406
1282,256.4,0.014560388753232102,0.01778842693982366,0.010430117932714256,0.034219548118366236,20.000022537957623,-151.65216064453125,405.3002624511719,165.72181701660156
1283,256.6,0.014705640975616989,0.017965881579911275,0.00156780993919442,0.005143733560906621,20.000033589114448,-153.38818359375,405.72900390625,166.26052856445312
1284,256.8,0.01461083460952058,0.017850056642451293,0.0016102815634956857,0.005283076164779185,20.000007596467146,-155.12818908691406,406.141357421875,166.8028564453125
1285,257.0,0.014524692233892002,0.01774481650214586,0.001868032329302577,0.006128715187269066,20.000029496211468,-156.87200927734375,406.5372314453125,167.34422302246094
1286,257.2,0.014492063801746415,0.017704954346593596,0.002234225226870487,0.007330135493325769,20.00004855651512,-158.61949157714844,406.9166564941406,167.88250732421875
1287,257.4,0.01456755378483657,0.017797180458934837,0.0025252333156743773,0.008284886471397124,20.000063944726744,-160.37045288085938,407.2797546386719,168.41897583007812
1288,257.6,0.014576890626012855,0.017808587277799905,0.002968093785403414,0.009737840814902936,20.00004574433402,-162.12472534179688,407.6263122558594,168.95704650878906
1289,257.8,0.014574590692807563,0.017805777449403,0.0033868339907092322,0.011111660430078477,20.000013240575313,-163.8822021484375,407.9564514160156,169.49603271484375
1290,258.0,0.014552324994606113,0.01777857544591029,0.003961501337604683,0.012997052048466948,20.000012615314173,-165.64266967773438,408.26995849609375,170.03512573242188
1291,258.2,0.014561414376478878,0.017789679943744245,0.0046069113072941675,0.015114538893422997,20.000046234847517,-167.406005859375,408.56695556640625,170.5736846923828
1292,258.4,0.014539234569532884,0.017762582873598325,0.005397664985197365,0.01770887519003492,20.00005181575869,-169.172119140625,408.8472595214844,171.1121826171875
1293,258.6,0.01457920258497592,0.017811411798065082,0.006098013097485817,0.020006605290755368,20.000048677717086,-170.94081115722656,409.1111145019531,171.65020751953125
1294,258.8,0.014591625361863722,0.01782658870458891,0.006875161312497893,0.022556304240495588,20.000033318959506,-172.71180725097656,409.3583068847656,172.18905639648438
1295,259.0,0.014570504601542933,0.017800785471705,0.007744345812430525,0.025407959515254566,20.000006282122737,-174.48507690429688,409.58880615234375,172.7286376953125
1296,259.2,0.01457118308311692,0.01780161437264394,0.008672261491869879,0.02845230239298637,20.000006835668703,-176.2604217529297,409.8026428222656,173.26780700683594
1297,259.4,0.014538183517822413,0.01776129880372364,0.009878309009898459,0.03240915133203526,20.00002594087582,-178.03773498535156,409.9996337890625,173.80674743652344
1298,259.6,0.014535219278658303,0.01775767739273685,0.011044607087139377,0.03623558871577035,20.000055785615587,-179.8167724609375,410.1799621582031,174.34487915039062
1299,259.8,0.014741230177033061,0.01800936090728129,0.00155079067028141,0.005087896062686061,20.000052362599632,-181.5974578857422,410.3436279296875,174.882568359375
1300,260.0,0.014612647926120433,0.017852271971341333,0.0016994179771036913,0.005575518476000875,19.999999483184325,-183.37962341308594,410.49041748046875,175.42555236816406
1301,260.2,0.014501241449443219,0.01771616667878478,0.002041956785734718,0.006699333500909892,20.00000603906696,-185.16311645507812,410.6203308105469,175.96731567382812
1302,260.4,0.01453561255009941,0.01775815785245645,0.0023068332363560574,0.0075683507551664074,20.000048993831857,-186.9477081298828,410.7336120605469,176.50503540039062
1303,260.6,0.014543247850396927,0.017767485898829927,0.00273933918980007,0.008987333587463661,20.00007291086714,-188.7333221435547,410.8299865722656,177.0423583984375
1304,260.8,0.014567175328352142,0.01779671809864781,0.0031918739860535153,0.010472027848403816,20.000059690847166,-190.51974487304688,410.90966796875,177.58023071289062
1305,261.0,0.01455711302379735,0.017784424981173223,0.0036991358028205844,0.012136272707325885,20.000031943873417,-192.3068389892578,410.9725341796875,178.1187744140625
1306,261.2,0.014307916176676832,0.017479981193046085,0.004280343637082597,0.014043122618286066,19.99999187926369,-194.0944366455078,411.01861572265625,178.65731811523438
1307,261.4,0.00969364673193856,0.011842728212409339,0.00474031593212479,0.015552218122752296,20.00003431178491,-195.88235473632812,411.0480651855469,179.1892852783203
1308,261.6,0.003692578340845336,0.004511222959010747,0.0006302412258422617,0.002067720623392326,20.000719824483767,-197.67047119140625,411.0640563964844,179.59906005859375
1309,261.8,8.088528214753554e-05,9.881754919964418e-05,-0.001359408604669487,-0.00446000212654384,20.00126322219367,-199.4586944580078,411.0725402832031,179.80499267578125
1310,262.0,-0.0009251123226884843,-0.0011302097246285213,-0.0007859669845348167,-0.002578631921541208,20.00104517606546,-201.24685668945312,411.0784606933594,179.8518829345703
1311,262.2,-0.0006283720164387533,-0.000767682092483225,-0.00031827491221543547,-0.0010442090629928893,20.000345320828135,-203.03497314453125,411.08447265625,179.83114624023438
1312,262.4,-0.00011834616032066889,-0.00014458350406376118,-0.0005110418773595872,-0.001676646632916428,19.999745301310192,-204.82310485839844,411.0911865234375,179.80526733398438
1313,262.6,0.00031406567916690044,0.00038369404023820227,-0.0008969202143133668,-0.002942651715927866,19.999652844301973,-206.61122131347656,411.09808349609375,179.79502868652344
1314,262.8,0.0002745611056902703,0.00033543130282180324,-0.0013000762043472581,-0.0042653420142706585,19.999977573055983,-208.39935302734375,411.10498046875,179.8014678955078
1315,263.0,9.650557020428637e-05,0.00011790085511857666,-0.0015812244305176042,-0.005187744360619377,20.0003883054462,-210.18746948242188,411.11175537109375,179.81170654296875
1316,263.2,-0.00011714076124891335,-0.00014311086801779743,-0.0013740815070000683,-0.004508141571426104,20.000534921856783,-211.97560119628906,411.1180419921875,179.81712341308594
1317,263.4,-0.00010662940716886526,-0.0001302691467382027,-0.0013194164800480145,-0.004328794364400728,20.0003650692222,-213.76373291015625,411.1244812011719,179.81515502929688
1318,263.6,3.903522374570306e-05,4.768933285012542e-05,-0.0016616539534902186,-0.005451620756768849,20.000056168805266,-215.55184936523438,411.1313171386719,179.81112670898438
1319,263.8,0.00010962568479946618,0.00013392969911950783,-0.0020437374708182536,-0.006705175643759359,19.99985250261056,-217.33998107910156,411.13818359375,179.81088256835938
1320,264.0,3.873272133602412e-05,4.7319765656220675e-05,-0.002040778070932464,-0.006695466326238065,19.999883319148616,-219.1280975341797,411.14471435546875,179.81394958496094
1321,264.2,0.0002942311828220387,0.0003594622360536847,-0.001833586523286231,-0.006015704009058398,20.00006590042028,-220.91622924804688,411.1510009765625,179.81602478027344
1322,264.4,-9.334292581859304e-05,-0.00011403705247257512,-0.0016264503893905478,-0.005336123495528085,20.000212479756577,-222.704345703125,411.15728759765625,179.8240966796875
1323,264.6,-0.0002415486049704526,-0.00029509993069240195,-0.0013887562481163125,-0.004556287049069923,20.000237549966855,-224.4924774169922,411.1635437011719,179.8246307373047
1324,264.8,-0.00015493862345468762,-0.00018928851627459187,-0.0012121692088558986,-0.003976933227182787,20.0001344328126,-226.2805938720703,411.16986083984375,179.81744384765625
1325,265.0,9.087065999017523e-05,0.00011101668530999707,-0.001554246987393582,-0.00509923568612036,19.999997929488188,-228.0687255859375,411.17669677734375,179.81069946289062
1326,265.2,0.00015951552049926998,0.00019488011139395814,-0.0019574553478989513,-0.006422097803600795,19.999925407447005,-229.8568572998047,411.18359375,179.81121826171875
1327,265.4,-1.1342787427547419e-05,-1.3857483400234681e-05,-0.0018161436638797612,-0.005958476778203275,19.999966965938615,-231.6449737548828,411.18994140625,179.81614685058594
1328,265.6,-0.00011351434131190257,-0.00013868047078075137,-0.001543127666357035,-0.005062754972890814,20.000071741603893,-233.43310546875,411.1961975097656,179.81744384765625
1329,265.8,-6.697872510083904e-05,-8.182790845569506e-05,-0.0015496131706493955,-0.005084032874793362,20.00013334539804,-235.22122192382812,411.20269775390625,179.81436157226562
1330,266.0,4.946748377723629e-05,6.043442493064957e-05,-0.0019222254769200317,-0.006306514233698317,20.000114698001642,-237.0093536376953,411.2095642089844,179.8113250732422
1331,266.2,0.0005911290638238994,0.000722182377273658,-0.0022949690469775716,-0.007529426248085896,20.000043176693307,-238.79747009277344,411.2164306640625,179.81175231933594
1332,266.4,-5.641360492240531e-05,-6.892050113370257e-05,-0.00196572280296647,-0.006449222000884513,19.999971822794087,-240.58560180664062,411.22259521484375,179.82752990722656
1333,266.6,-0.00032430796376007546,-0.0003962070393256842,-0.001667007987190842,-0.0054691864846952015,19.999991204538645,-242.37371826171875,411.2287902832031,179.8321075439453
1334,266.8,-0.0002534164510077646,-0.00030959887819618603,-0.0013683026003533543,-0.004489181903343299,20.000043596623556,-244.16184997558594,411.2349853515625,179.8233184814453
1335,267.0,-3.554283871968994e-05,-4.34226860638452e-05,-0.0014053340682503286,-0.004610676224478408,20.000071550692148,-245.94998168945312,411.24151611328125,179.813232421875
1336,267.2,0.00012731910228285605,0.00015554574725896523,-0.0017474323438642996,-0.005733045931043749,20.000071444251148,-247.73809814453125,411.2483825683594,179.80938720703125
1337,267.4,0.0001179395720411993,0.00014408677516273319,-0.0020285188263621657,-0.006655245706282048,20.000032412397783,-249.52622985839844,411.2551574707031,179.8120574951172
1338,267.6,-3.5224367255774843e-05,-4.3033609476380124e-05,-0.001821364838507753,-0.005975606616769776,20.000010399227648,-251.31434631347656,411.2614440917969,179.81629943847656
1339,267.8,-0.00010544923025895207,-0.00012882732460736175,-0.0015837529062396165,-0.0051960398849071835,20.000024249487424,-253.10247802734375,411.2677001953125,179.8165740966797
1340,268.0,0.00027703861054530985,0.00033845807050320503,-0.0016817409972985586,-0.005517523133577003,20.00004041976623,-254.89059448242188,411.2742919921875,179.8134307861328
1341,268.2,-3.211581388733763e-05,-3.9235889826160387e-05,-0.0015051125950044097,-0.004938033606194268,20.000039026316728,-256.6787109375,411.2806091308594,179.81944274902344
1342,268.4,-0.0001998820618862398,-0.00024419591500641916,-0.0012978870186786664,-0.004258159646361716,20.000037526284416,-258.46685791015625,411.2868957519531,179.82135009765625
1343,268.6,-0.00013007208402761992,-0.00015890906505654326,-0.001212787267647743,-0.0039789609791894215,20.00003529851284,-260.2549743652344,411.2933044433594,179.81582641601562
1344,268.8,8.682901339838592e-05,0.00010607900566880807,-0.001553725363913524,-0.005097524322942046,20.000034280983755,-262.0430908203125,411.3001403808594,179.81027221679688
1345,269.0,0.00015251124786450692,0.0001863229915160681,-0.0018971358890114956,-0.006224199310104475,20.00003471793573,-263.83123779296875,411.3070068359375,179.81092834472656
1346,269.2,-3.578170386887556e-06,-4.371450761660527e-06,-0.0017814835405418462,-0.005844762459151311,20.00003816064159,-265.6193542480469,411.3133850097656,179.8156280517578
1347,269.4,-0.00010756014096182664,-0.0001314062242130636,-0.0015439101156191888,-0.005065322063728059,20.000042166183437,-267.407470703125,411.31964111328125,179.8170623779297
1348,269.6,-5.891223840598106e-05,-7.197308166058706e-05,-0.0015808211705019757,-0.005186421329029702,20.000037401780048,-269.1955871582031,411.326171875,179.814208984375
1349,269.8,5.1354189036268725e-05,6.27394127456095e-05,-0.0019535079359036204,-0.006409146976430034,20.00002687841424,-270.9837341308594,411.3330383300781,179.8114471435547
1350,270.0,0.000586032239646585,0.0007159555871762329,-0.0023261524188909815,-0.007631733901994288,20.000021466320145,-272.7718505859375,411.33990478515625,179.81199645996094
1351,270.2,-6.586927192057124e-05,-8.047248950536189e-05,-0.001996930558960695,-0.006551609655060606,20.00001228678584,-274.5599670410156,411.3460693359375,179.8276824951172
1352,270.4,-0.0003229692831195172,-0.0003945715731871141,-0.0016922155790823434,-0.0055518885604765155,20.000055566967976,-276.3481140136719,411.3522644042969,179.83197021484375
1353,270.6,-0.0002394325382121916,-0.00029251473193383446,-0.0013689140858461823,-0.004491188089407589,20.000065148986483,-278.13623046875,411.35845947265625,179.82310485839844
1354,270.8,-3.24098997674224e-05,-3.9595174545859946e-05,-0.0014059665101458759,-0.004612751165146995,20.00004539576407,-279.9243469238281,411.364990234375,179.81341552734375
1355,271.0,0.00012481616218454754,0.00015248790534086172,-0.0017787237169271809,-0.005835707919443372,20.000009004156833,-281.71246337890625,411.3718566894531,179.80975341796875
1356,271.2,0.00010052244983029634,0.00012280827695767304,-0.001998645112514439,-0.006557234830941872,20.000000019389056,-283.5006103515625,411.3785705566406,179.81239318847656
1357,271.4,-3.487539485192709e-05,-4.2607269890599324e-05,-0.0018221130146403868,-0.005978061262952766,20.000015215779456,-285.2887268066406,411.3848876953125,179.81617736816406
1358,271.6,-0.00011424341568711419,-0.0001395711809449474,-0.0015538437273779533,-0.0050979126545306844,20.000050194562974,-287.07684326171875,411.39111328125,179.81629943847656
1359,271.8,0.00029718723276765484,0.0003630736422722439,-0.001743483036113032,-0.0057200888842010795,20.00005836277518,-288.8649597167969,411.3977966308594,179.8129425048828
1360,272.0,5.195838894953912e-06,6.347756377965194e-06,-0.001617200159522074,-0.0053057749713664015,20.00004294453967,-290.6531066894531,411.4041748046875,179.8194122314453
1361,272.2,-0.00019155759030191767,-0.0002340259080718528,-0.0013901229549822117,-0.00456077099562384,20.000024693354447,-292.44122314453125,411.41046142578125,179.82241821289062
1362,272.4,-0.00018301891123055,-0.00022359420385036291,-0.001152518987298213,-0.003781230394287469,20.000032953662842,-294.2293395996094,411.4167175292969,179.8175811767578
1363,272.6,4.5372278219644946e-05,5.5431312300940234e-05,-0.0014335963291507488,-0.004703400180530943,20.00002858267688,-296.0174865722656,411.4234924316406,179.81068420410156
1364,272.8,0.0001553183981544438,0.000189752487025284,-0.0018367497203280072,-0.0060260819524409395,20.000022221544338,-297.80560302734375,411.4303894042969,179.80975341796875
1365,273.0,3.2742565729104336e-05,4.000159255124677e-05,-0.0018127876009008943,-0.00594746607253969,20.000031469654235,-299.5937194824219,411.4368591308594,179.81405639648438
1366,273.2,-8.964146564612378e-05,-0.00010951497857986942,-0.0016055699734010597,-0.005267618191533132,20.000050627895142,-301.3818359375,411.4431457519531,179.81642150878906
1367,273.4,-6.46446657484291e-05,-7.897638814485583e-05,-0.001624068256975684,-0.005328308100216103,20.000051644922046,-303.16998291015625,411.44964599609375,179.814453125
1368,273.6,0.0004838590404254793,0.0005911305896878081,-0.001938910617383353,-0.006361255509936,20.00003733027695,-304.9580993652344,411.45648193359375,179.81175231933594
1369,273.8,1.858560330076608e-06,2.270603155254592e-06,-0.0017775403467631635,-0.0058318254712744575,19.99999773857705,-306.7462158203125,411.46282958984375,179.8235626220703
1370,274.0,-0.0002576356324660409,-0.00031475345218376214,-0.0015703429293106768,-0.005152043896199641,20.00001549588317,-308.53436279296875,411.4691162109375,179.82847595214844
1371,274.2,-0.00022397550055229672,-0.0002736308690247409,-0.0013022014078875148,-0.004272314467053674,20.000037440338104,-310.3224792480469,411.475341796875,179.82192993164062
1372,274.4,-3.3224542717374444e-05,-4.059042383781636e-05,-0.0013391631823837292,-0.004393580135291834,20.000051585606347,-312.110595703125,411.48187255859375,179.8133544921875
1373,274.6,0.00013101839893417644,0.00016006517797788336,-0.0017119100565185957,-0.005616502989828469,20.000043026320352,-313.8987121582031,411.4887390136719,179.8098907470703
1374,274.8,0.0006055555130056324,0.0007398071702389811,-0.0019013244078652158,-0.0062379411703005145,20.00002510563196,-315.6868591308594,411.49542236328125,179.8126983642578
1375,275.0,0.005185206250384409,0.006334766476094632,-0.0010887633966846263,-0.0035720585023787895,20.000013922184564,-317.4749755859375,411.5015563964844,179.82972717285156
1376,275.2,0.011204344481746408,0.013688347653349588,0.007406667900369396,0.02430009231424793,19.99970227336638,-319.2630920410156,411.5039367675781,179.97120666503906
1377,275.4,0.015390379698892965,0.018802426878137535,0.01145102992304671,0.03756899701272857,19.998993237192085,-321.05120849609375,411.4967346191406,-179.68310546875
1378,275.6,0.017001225872666437,0.02077039764863659,0.012008997646309002,0.039399599837916424,19.998529928453273,-322.839111328125,411.474365234375,-179.16397094726562
1379,275.8,0.01792186521497633,0.021895142733136582,0.0010592649938709793,0.0034752789624916637,19.998867759289606,-324.6267395019531,411.4337158203125,-178.55618286132812
1380,276.0,0.016303380050806233,0.019917839408069977,0.001253497104615496,0.0041125234407067045,19.999572010590704,-326.4137878417969,411.3731689453125,-177.9052276611328
1381,276.2,0.015278255573852179,0.018665444834575207,0.0023401825340032684,0.007677764464859283,20.000539604974453,-328.2002258300781,411.29315185546875,-177.28550720214844
1382,276.4,0.01570396356309085,0.01918553228502809,0.003008446843594144,0.009870232742337412,20.000883075525024,-329.98577880859375,411.1949462890625,-176.70828247070312
1383,276.6,0.016390440346743262,0.02002420097161624,0.0030791256453746307,0.010102118582370903,20.000307721509902,-331.770263671875,411.0787353515625,-176.13156127929688
1384,276.8,0.016581045487902155,0.020257063272570063,0.0031097142774174774,0.010202474989922357,19.999444742012095,-333.55340576171875,410.9440002441406,-175.53326416015625
1385,277.0,0.016327353252291697,0.019947127468324766,0.003535644892447287,0.011599885188936758,19.999102685154703,-335.33489990234375,410.79034423828125,-174.92288208007812
1386,277.2,0.016083077859171804,0.019648696220550193,0.004196700435205402,0.013768702655839292,19.999473147911775,-337.11468505859375,410.6178283691406,-174.31663513183594
1387,277.4,0.01608477872985447,0.019650774174263207,0.004919454697167272,0.016139943748654274,20.000120371501648,-338.8926086425781,410.4267578125,-173.7191925048828
1388,277.6,0.016126545539194438,0.019701800685233847,0.005722269458771826,0.018773850531116958,20.0004935698041,-340.66845703125,410.2171325683594,-173.12432861328125
1389,277.8,0.01624518091077353,0.019846737518692023,0.006341580741781958,0.02080571176086792,20.000385451707274,-342.4421691894531,409.9891357421875,-172.5285186767578
1390,278.0,0.016241763001884586,0.019842561859402398,0.007202706711852226,0.023630928288513257,19.999971698197655,-344.21331787109375,409.7425537109375,-171.92926025390625
1391,278.2,0.016207553756832416,0.019800768424722164,0.008012244710821695,0.026286892937052247,19.99966806289336,-345.9817199707031,409.4774475097656,-171.32879638671875
1392,278.4,0.016187971420843075,0.019776844684843985,0.008948833940018344,0.029359692343769783,19.99967761666461,-347.74725341796875,409.19390869140625,-170.729248046875
1393,278.6,0.01619899595751059,0.019790313361290685,0.009975140722573536,0.03272684068824816,19.999922653401395,-349.50970458984375,408.8918762207031,-170.13046264648438
1394,278.8,0.016188408641086414,0.01977737883681527,0.011175553199628124,0.03666520195946794,20.00015320077673,-351.26898193359375,408.5714416503906,-169.5316619873047
1395,279.0,0.016189873926580937,0.01977916897610393,0.012271073676178329,0.04025942935975291,20.000237301159274,-353.0247497558594,408.23260498046875,-168.93304443359375
1396,279.2,0.01632283234351202,0.019941604274068634,0.0020083835317629695,0.0065891850263492206,20.000124854541298,-354.7769470214844,407.87542724609375,-168.33447265625
1397,279.4,0.01621843819267123,0.01981406593998644,0.0021375505633668412,0.007012961390316467,19.999944253857624,-356.5252685546875,407.4999084472656,-167.73243713378906
1398,279.6,0.016186121248037068,0.019774584328726884,0.002382408175658546,0.007816300039027583,19.99987712405706,-358.2695617675781,407.1060791015625,-167.13177490234375
1399,279.8,0.01617805198316303,0.019764726107830272,0.0026817413359744025,0.008798364244718259,19.999941223004214,-360.0096130371094,406.694091796875,-166.53292846679688
1400,280.0,0.01618124760932373,0.0197686302043108,0.003038318982745744,0.009968238451351547,20.000045768262375,-361.74530029296875,406.2638854980469,-165.9346923828125
1401,280.2,0.016212280291029908,0.019806542831551237,0.0034745373375789784,0.011399401078622615,20.000112941045987,-363.4764099121094,405.81561279296875,-165.3364715576172
1402,280.4,0.016243825279232103,0.019845081343637862,0.003945410735789141,0.012944261358406445,20.000088635958676,-365.2027587890625,405.3492736816406,-164.73739624023438
1403,280.6,0.016206960993262697,0.019800044245469037,0.004517845432698626,0.014822328009414961,20.000023452984486,-366.92413330078125,404.8648681640625,-164.13722229003906
1404,280.8,0.016158129187058477,0.01974038642782934,0.005171557254810576,0.01696705190387273,19.999971581360313,-368.6402587890625,404.3624572753906,-163.53765869140625
1405,281.0,0.016189888058777194,0.0197791862414081,0.005832318296077887,0.019134903158504177,19.999988461135906,-370.3511657714844,403.84222412109375,-162.93975830078125
1406,281.2,0.016211053317623476,0.0198050438381406,0.006644567395488021,0.02179976249381292,20.000031946726562,-372.0564270019531,403.3041076660156,-162.34149169921875
1407,281.4,0.016214015118982975,0.0198086622708615,0.007497397453201229,0.02459776146036072,20.000058100416393,-373.7559814453125,402.74822998046875,-161.7423858642578
1408,281.6,0.01619912927841645,0.019790476239441378,0.0083890052088203,0.02752298384930599,20.000059118683158,-375.44964599609375,402.174560546875,-161.1429443359375
1409,281.8,0.016184576465796255,0.019772697068263286,0.009373859549334007,0.030754133363836984,20.000045378866194,-377.13726806640625,401.5832214355469,-160.5438690185547
1410,282.0,0.016208699369022934,0.01980216801913532,0.010354625692666847,0.033971870157529095,20.00001664348503,-378.8185729980469,400.9743347167969,-159.9453582763672
1411,282.2,0.01618389582267125,0.019771865526557467,0.011604303112996817,0.038071861825244475,20.00000770194913,-380.49346923828125,400.3477783203125,-159.3463592529297
1412,282.4,0.016276476057245165,0.01988497079913642,0.001997169997809911,0.006552395215614668,20.000026191499806,-382.16168212890625,399.7038269042969,-158.74778747558594
1413,282.6,0.01624767263797147,0.019849781661809743,0.0020200059527603065,0.006627316330054124,20.000024165467945,-383.8230285644531,399.0424499511719,-158.1470184326172
1414,282.8,0.016221838945928012,0.019818220640240254,0.002176469869561215,0.0071406494068512166,20.00003039589968,-385.4773864746094,398.36370849609375,-157.5460968017578
1415,283.0,0.016199085839612597,0.01979042317025471,0.0024631402589894436,0.008081169087302926,20.00003636637696,-387.12457275390625,397.6676330566406,-156.946044921875
1416,283.2,0.016190062644599903,0.0197793995329077,0.002783247337569683,0.00913138919499212,20.00004560854478,-388.764404296875,396.9543762207031,-156.34686279296875
1417,283.4,0.016197173777328197,0.019788087203761857,0.003142405082179639,0.010309728289818246,20.000041234155542,-390.3966369628906,396.22406005859375,-155.74818420410156
1418,283.6,0.01616281897802387,0.01974611594545176,0.003678723464020636,0.012069303089697465,20.000040682289782,-392.0211486816406,395.47662353515625,-155.1494140625
1419,283.8,0.016211443118362638,0.019805520057703637,0.00415265407262181,0.013624193587620539,20.000045135136684,-393.6378173828125,394.7123718261719,-154.55145263671875
1420,284.0,0.016231324953652832,0.019829809695877665,0.004698809618783307,0.015416042549689023,20.00003105268633,-395.24639892578125,393.9312744140625,-153.95257568359375
1421,284.2,0.016195525855733098,0.019786073937949126,0.0053895368849213796,0.017682208193525457,20.000017047662922,-396.8467102050781,393.13330078125,-153.3527374267578
1422,284.4,0.01618497944281074,0.019773189385281883,0.006115081994550187,0.020062605611000033,20.000026995433895,-398.4385986328125,392.3186950683594,-152.7535858154297
1423,284.6,0.016197365088975943,0.019788320929201908,0.006910811739886252,0.02267326758868841,20.000043403474034,-400.0218811035156,391.48748779296875,-152.155029296875
1424,284.8,0.016193142437905508,0.01978316211638916,0.007824859831125214,0.025672113128348845,20.000042227535946,-401.5963134765625,390.6398010253906,-151.55630493164062
1425,285.0,0.01619721286975918,0.01978813496298479,0.008739985524844424,0.028674494109330578,20.000030503896355,-403.1618347167969,389.77569580078125,-150.9575653076172
1426,285.2,0.016192728929702707,0.019782656933417797,0.009736330459504006,0.03194334242475912,20.000018202554948,-404.71826171875,388.8952941894531,-150.35874938964844
1427,285.4,0.01619845606034195,0.01978965376891976,0.010774845847310976,0.035350545249691744,20.000027337184395,-406.265380859375,387.9986572265625,-149.760009765625
1428,285.6,0.016207231563903905,0.0198003748016214,0.011958242697519217,0.039233080971728944,20.000034650885958,-407.8031311035156,387.08587646484375,-149.16119384765625
1429,285.8,0.01635938170319548,0.019986256626793916,0.0019050155997300533,0.006250051380218348,20.000038343550056,-409.3311767578125,386.1571044921875,-148.56210327148438
1430,286.0,0.016322128614069856,0.019940744527809143,0.001875504634167413,0.006153230623961815,20.00000643731311,-410.849609375,385.2123107910156,-147.958984375
1431,286.2,0.016149556061439585,0.019729912640260742,0.002121206771999562,0.006959340025847043,20.000003788236665,-412.3578796386719,384.2515869140625,-147.35520935058594
1432,286.4,0.01604699813331017,0.019604617619465033,0.0026037849931312973,0.008542601956864885,20.000041619230768,-413.8557434082031,383.275146484375,-146.75625610351562
1433,286.6,0.016165074169312434,0.019748871112649,0.003007707392239517,0.009867806720755096,20.000093044417635,-415.3435974121094,382.2831115722656,-146.16172790527344
1434,286.8,0.01624069814378726,0.019841260922264896,0.0033858901884417925,0.011108563965847371,20.00006620342115,-416.8210144042969,381.2756652832031,-145.5652618408203
1435,287.0,0.01624294908806359,0.019844010900887287,0.0037959056897623467,0.012453759223199898,20.000001183338608,-418.2878112792969,380.2528381347656,-144.9657440185547
1436,287.2,0.016191445582916398,0.019781089068648963,0.004377418451055055,0.014361609550959468,19.999974483406486,-419.7437438964844,379.2147216796875,-144.36529541015625
1437,287.4,0.016147731447218625,0.019727683509066996,0.005078498498481331,0.01666174101375749,20.000010613305655,-421.1888122558594,378.16131591796875,-143.7661590576172
1438,287.6,0.016175323352667737,0.019761392539954174,0.005832027590519394,0.019133949400079647,20.00005944554838,-422.622802734375,377.0928955078125,-143.1686248779297
1439,287.8,0.016194432316390447,0.019784737960934207,0.00661280743141919,0.021695563133297336,20.000059042954287,-424.0455627441406,376.0096130371094,-142.57090759277344
1440,288.0,0.01625166179025374,0.019854655209152996,0.007236491486916297,0.023741770729934462,20.00005924528304,-425.4569396972656,374.91168212890625,-141.97238159179688
1441,288.2,0.016214368255244575,0.019809093697432296,0.008190936486672573,0.026873152062934846,20.0000286274512,-426.85675048828125,373.7988586425781,-141.3721466064453
1442,288.4,0.016197473761160396,0.019788453694009656,0.00910281446866501,0.02986487782137491,20.00000302021272,-428.2448425292969,372.6715087890625,-140.77230834960938
1443,288.6,0.016188814054468707,0.01977787413034442,0.010134495035203472,0.03324965669129696,20.000015831377603,-429.62103271484375,371.5297546386719,-140.17320251464844
1444,288.8,0.016201426629642034,0.019793282913433675,0.011209661903381352,0.036777107159089675,20.00003713871205,-430.9852294921875,370.3736572265625,-139.57452392578125
1445,289.0,0.01619870560413139,0.019789958636567323,0.012390400115747158,0.04065092031574791,20.000040894063353,-432.3372802734375,369.2033996582031,-138.9756317138672
1446,289.2,0.016327972751786914,0.019947884310858074,0.0019549862406474383,0.006413997057765741,20.000036273335517,-433.6769714355469,368.01898193359375,-138.37667846679688
1447,289.4,0.016411911042536115,0.02005043172066637,0.001985255939616515,0.006513307096931447,20.000033456320754,-435.00421142578125,366.8207092285156,-137.77777099609375
1448,289.6,0.016225650645045026,0.019822877393051507,0.002272826414910112,0.0074567798150936915,19.99999313212402,-436.31878662109375,365.60845947265625,-137.1733856201172
1449,289.8,0.0161207590464117,0.019694731327001173,0.002666476876844792,0.008748283996627467,20.000015720493284,-437.6205749511719,364.3824768066406,-136.57164001464844
1450,290.0,0.016146512707440545,0.019726194574680115,0.003089764653753324,0.010137023466620055,20.000075916718306,-438.9095153808594,363.14300537109375,-135.97439575195312
1451,290.2,0.016176750679659537,0.019763136305340056,0.003557401976338165,0.011671266700049305,20.00006998625423,-440.1854248046875,361.8901062011719,-135.37767028808594
1452,290.4,0.01622216248494958,0.0198186159078629,0.003994137881882284,0.013104127328394673,20.000048071200503,-441.4482421875,360.6240539550781,-134.77981567382812
1453,290.6,0.016219813671319243,0.019815746362250718,0.004561318074995345,0.014964954793167727,20.000000618596232,-442.69769287109375,359.3448486328125,-134.1805419921875
1454,290.8,0.016208558588510318,0.019801996027583056,0.005212617531882083,0.017101764103300013,20.000010254796315,-443.9337463378906,358.0526123046875,-133.58094787597656
1455,291.0,0.0161819833213471,0.019769529023689753,0.005951751747537579,0.01952674520339119,20.00002223529739,-445.1561279296875,356.74755859375,-132.98158264160156
1456,291.2,0.016177985342828716,0.019764644693333843,0.006793017078250557,0.02228680215100756,20.00005859302494,-446.3648376464844,355.4297180175781,-132.38302612304688
1457,291.4,0.016168414009036312,0.019752951394839662,0.00769853819959937,0.025257672066773595,20.00007369527623,-447.55975341796875,354.09930419921875,-131.78477478027344
1458,291.6,0.016217173756753803,0.01981252117862612,0.008491551878572312,0.027859423065295184,20.00004962633802,-448.74072265625,352.7566223144531,-131.18685913085938
1459,291.8,0.01621676397028927,0.019812020542502404,0.009525515382616478,0.03125169188790345,20.000014830911166,-449.9075927734375,351.4015808105469,-130.5877685546875
1460,292.0,0.01620750298744976,0.01980070639976737,0.01050385712479629,0.03446147460931666,20.000004883482983,-451.0602722167969,350.0343933105469,-129.98825073242188
1461,292.2,0.016195938093332914,0.01978657756862482,0.011605378064911909,0.038075388570485584,20.00000254681285,-452.1985168457031,348.6553039550781,-129.3888702392578
1462,292.4,0.01631692218513781,0.019934383833582862,0.0019044023292596468,0.00624803933792822,20.000028391672156,-453.3222961425781,347.2643737792969,-128.78993225097656
1463,292.6,0.016307929714021358,0.019923397731619892,0.0019330240269622156,0.006341942548618715,20.000042868779023,-454.431396484375,345.86181640625,-128.18792724609375
1464,292.8,0.01615810179874187,0.01974035296752294,0.002185095134742132,0.007168947521867377,20.000034169042717,-455.5257568359375,344.4474792480469,-127.58502960205078
1465,293.0,0.016076020061427054,0.019640073709045434,0.0025968557376721546,0.008519868178384312,20.000061224570622,-456.6051025390625,343.0218200683594,-126.98605346679688
1466,293.2,0.01620985942067751,0.019803585254241717,0.002850196924096854,0.009351040076453923,20.000079974881338,-457.6697082519531,341.5850830078125,-126.39067840576172
1467,293.4,0.016230715220654068,0.019829064785073076,0.003266476483798797,0.010716786707106445,20.00003393826914,-458.71917724609375,340.13720703125,-125.79278564453125
1468,293.6,0.016230216838356085,0.01982845591141963,0.003635601371280245,0.011927826402951078,19.999990767412125,-459.7535095214844,338.6785583496094,-125.19306945800781
1469,293.8,0.016196225216497447,0.01978692834699493,0.00417584067610572,0.013700265123794691,19.999998617866556,-460.7724609375,337.2091064453125,-124.59307861328125
1470,294.0,0.016164016061805835,0.019747578422708186,0.004894550359036547,0.016058236599941465,20.00002680545232,-461.7759704589844,335.72900390625,-123.99393463134766
1471,294.2,0.016199726254234492,0.01979120556479828,0.0054884805921696506,0.018006826666013876,20.00006327788401,-462.7640075683594,334.23870849609375,-123.39596557617188
1472,294.4,0.01619507162145845,0.01978551899993579,0.0062755539377255115,0.020589088381047366,20.000058407013913,-463.7364501953125,332.73785400390625,-122.79739379882812
1473,294.6,0.016177040694443545,0.019763490616401678,0.00719379302139897,0.023601683896326595,20.00004639960205,-464.6931457519531,331.2268981933594,-122.19866180419922
1474,294.8,0.016198810426401294,0.019790086697934462,0.008015279642600764,0.026296850062630293,20.000032671585828,-465.6340026855469,329.7062072753906,-121.6003646850586
1475,295.0,0.016217178549351684,0.019812527033742953,0.008898424356210827,0.029194306564830727,20.00000895671787,-466.5589294433594,328.1758117675781,-121.00165557861328
1476,295.2,0.016216628473817697,0.01981185500646308,0.009865932913682096,0.032368547340524766,20.00000446963908,-467.4677734375,326.6358337402344,-120.4023208618164
1477,295.4,0.01619127169094405,0.019780876624826343,0.010995715161376707,0.036075182130051155,20.00002113535519,-468.36041259765625,325.0863952636719,-119.80276489257812
1478,295.6,0.016186046344380704,0.019774492818929904,0.012152575760683515,0.039870656658680906,20.000048356966868,-469.23681640625,323.5277404785156,-119.2038803100586
1479,295.8,0.01635300131301449,0.0199784617041098,0.001949914486122084,0.006397357442648778,20.000055907286786,-470.09698486328125,321.9599914550781,-118.60538482666016
1480,296.0,0.016293642328755468,0.019905942833040556,0.0020155441869399437,0.006612677990280045,20.000024044758547,-470.94061279296875,320.38330078125,-118.00264739990234
1481,296.2,0.016169626676420787,0.019754432910583274,0.0022468482701557546,0.007371549678657806,20.000013808348427,-471.7676086425781,318.7978515625,-117.39972686767578
1482,296.4,0.016111405626894452,0.019683304254376952,0.002631361649102937,0.008633076552842879,20.000043114776094,-472.5779113769531,317.20379638671875,-116.80054473876953
1483,296.6,0.016165247792281952,0.019749083227830862,0.003032753584729264,0.009949979270923158,20.00006367321512,-473.3715515136719,315.6014099121094,-116.2042007446289
1484,296.8,0.016246623434616282,0.01984849985007071,0.00337085760790308,0.011059244474312741,20.000057855627645,-474.1485290527344,313.9908447265625,-115.60706329345703
1485,297.0,0.016230334217788366,0.019828599313872045,0.0038433225019037925,0.012609326197146038,20.000026091316116,-474.9085693359375,312.3721923828125,-115.0073471069336
1486,297.2,0.016200183000002696,0.019791763571103294,0.004362422507641246,0.014312410259969707,20.00000601178876,-475.65167236328125,310.7456970214844,-114.40719604492188
1487,297.4,0.01618794683866666,0.019776814652799058,0.005025635080225259,0.01648830459660624,20.0000017740931,-476.3776550292969,309.11151123046875,-113.80795288085938
1488,297.6,0.016168933983201596,0.01975358664727739,0.005813783460866771,0.019074093329750137,20.000035203597832,-477.0865173339844,307.46978759765625,-113.2093276977539
1489,297.8,0.01619178349765827,0.01978150189908911,0.0065307859770845494,0.021426463865058074,20.00005431264611,-477.7782287597656,305.82080078125,-112.61137390136719
1490,298.0,0.01620694207609383,0.019800021134363834,0.007337151702423023,0.02407202079137755,20.000045425671242,-478.45269775390625,304.1647033691406,-112.01298522949219
1491,298.2,0.01621143498797172,0.01980551012480505,0.008197311657231171,0.026894067977510316,20.000040026696354,-479.10980224609375,302.50164794921875,-111.41398620605469
1492,298.4,0.01621348634910722,0.019808016272704294,0.009175734041215938,0.0301041152717829,20.000025117928544,-479.7494812011719,300.8318176269531,-110.81470489501953
1493,298.6,0.01620818425885085,0.019801538709038086,0.010214772789835208,0.033513035159802945,20.00002142458166,-480.3716735839844,299.15533447265625,-110.21533203125
1494,298.8,0.016196900814040932,0.019787753724513808,0.011302053467917073,0.03708022909968105,20.00001724194345,-480.9762878417969,297.47247314453125,-109.61605834960938
1495,299.0,0.01618444754567894,0.019772539566555964,0.012503873680665967,0.04102320892647613,20.000041771781206,-481.563232421875,295.7833557128906,-109.01713562011719
1496,299.2,0.016377764146982613,0.02000871445836866,0.001891950085196964,0.006207185517517607,20.000057306934664,-482.132568359375,294.0882263183594,-108.41864013671875
1497,299.4,0.01623213859128504,0.01983080371697293,0.0021077249803085896,0.006915108424395633,20.00001308110364,-482.6839599609375,292.3871765136719,-107.8152847290039
1498,299.6,0.01612759332439417,0.019703080764412358,0.0023936129120714633,0.007853060986440539,20.00001334420761,-483.217529296875,290.6804504394531,-107.21370697021484
1499,299.8,0.016162075123406262,0.01974520717826543,0.0027285614503060607,0.008951973548622136,20.0000569795274,-483.7332458496094,288.96826171875,-106.61619567871094
1500,300.0,0.016185012902513795,0.019773230263001103,0.0031511050848824357,0.01033827160668569,20.000059592103003,-484.2310485839844,287.2507019042969,-106.01898956298828
1501,300.2,0.016183953782114364,0.019771936335609117,0.0036342161327886924,0.011923281657098453,20.000044674368404,-484.7108459472656,285.528076171875,-105.42088317871094
1502,300.4,0.01621533639852919,0.01981027647808311,0.004116010151559074,0.013503970745641072,20.000023542278825,-485.1726989746094,283.8005676269531,-104.82252502441406
1503,300.6,0.016200464293955535,0.019792107227925477,0.004709351824363581,0.015450629839445012,20.000002545629346,-485.6164245605469,282.06829833984375,-104.22337341308594
1504,300.8,0.01620357002850557,0.019795901503825254,0.0053248572227763726,0.017470004570773634,20.000016742366586,-486.04205322265625,280.3315124511719,-103.62422180175781
1505,301.0,0.01621173111047225,0.019805871897663946,0.006021523974526502,0.01975565671658553,20.000029323086316,-486.44952392578125,278.59033203125,-103.02515411376953
1506,301.2,0.01621029345027193,0.019804115508197218,0.006797630351224333,0.022301937561510842,20.000051855790506,-486.8387451171875,276.8450012207031,-102.42585754394531
1507,301.4,0.016200769961613133,0.019792480662102766,0.007655962683160905,0.025117988609421625,20.00004590889806,-487.2096862792969,275.095703125,-101.82653045654297
1508,301.6,0.016174909810267486,0.019760887315203788,0.008601848824346378,0.02822128969686857,20.000034786140322,-487.5622863769531,273.3426208496094,-101.22742462158203
1509,301.8,0.016184646379770413,0.019772782482165515,0.009608823677857911,0.03152501307526335,20.000023641328106,-487.89654541015625,271.5859680175781,-100.62910461425781
1510,302.0,0.016209570719606468,0.019803232548143222,0.010699172913002916,0.035102274459896485,20.000027756635536,-488.2124938964844,269.825927734375,-100.03083038330078
1511,302.2,0.01619588387680182,0.019786511332288783,0.011812231766035602,0.038754042467280245,20.000037525637623,-488.5099792480469,268.06268310546875,-99.43177795410156
1512,302.4,0.016342428263139187,0.019965544609077145,0.0019053829397302768,0.006251256563984681,20.00004287069826,-488.7890930175781,266.29638671875,-98.83283996582031
1513,302.6,0.01627902969104649,0.0198880905735515,0.002010085519243837,0.006594768974955951,20.00001009475375,-489.049560546875,264.52728271484375,-98.2302017211914
1514,302.8,0.016135437585754857,0.01971266409851671,0.002271234545118822,0.007451557145007636,20.000022230422207,-489.29144287109375,262.75543212890625,-97.62773895263672
1515,303.0,0.01612419415428933,0.019698927998295274,0.0025478360696793156,0.008359042490846685,20.000056904580575,-489.5148010253906,260.98126220703125,-97.029541015625
1516,303.2,0.016186841472134793,0.019775464226507077,0.0029177358660038358,0.009572624538620024,20.00006379142099,-489.7196350097656,259.2048034667969,-96.43317413330078
1517,303.4,0.01622242757265891,0.01981893976551739,0.003325630590419914,0.010910861866273271,20.000050290041113,-489.9059143066406,257.4263610839844,-95.8353271484375
1518,303.6,0.016241680799411164,0.01984246143264062,0.003704032069587637,0.012152336575185904,20.000010177001993,-490.07366943359375,255.64608764648438,-95.2359619140625
1519,303.8,0.016225103642374443,0.019822209119888856,0.004241745223036704,0.013916487397547738,19.99999476367883,-490.22271728515625,253.86412048339844,-94.63571166992188
1520,304.0,0.0161816588489451,0.01976913261575623,0.004906616797786289,0.016097824654849168,20.00001355322299,-490.35308837890625,252.08065795898438,-94.03564453125
1521,304.2,0.016171076902217894,0.0197562046514396,0.005547492829018469,0.018200436373156954,20.00004858434316,-490.46484375,250.2959442138672,-93.43685913085938
1522,304.4,0.016179432279667616,0.019766412416069926,0.006314677579573635,0.020717446790168365,20.00006772746665,-490.55792236328125,248.51019287109375,-92.83879852294922
1523,304.6,0.016189225534845142,0.01977837683592031,0.007192725647465313,0.023598182013230096,20.000060040988892,-490.63232421875,246.72352600097656,-92.24069213867188
1524,304.8,0.016164155879306606,0.01974774923774888,0.008052924651065857,0.026420357312202904,20.00004685046125,-490.6881103515625,244.93621826171875,-91.6422119140625
1525,305.0,0.012647313185821334,0.015451222519117925,0.00889661799415859,0.029188380179955266,20.000020312966438,-490.7252502441406,243.14840698242188,-91.04426574707031
1526,305.2,0.006756170994699568,0.008254014104224463,0.0027865572797099035,0.00914224858556344,20.000596857500067,-490.74615478515625,241.3603515625,-90.53771209716797
1527,305.4,0.002103889178461178,0.002570321409326021,-0.002895773387260348,-0.009500569159859239,20.0013112321646,-490.7560119628906,239.5720977783203,-90.22039794921875
1528,305.6,0.00038093640436978485,0.0004653900052185661,-0.0032984224325229797,-0.010821596253518693,20.001333446648076,-490.7605895996094,237.78379821777344,-90.087158203125
1529,305.8,-0.001184006604532745,-0.0014465008687576547,-0.0018398723251288089,-0.006036326719175601,20.0006776738727,-490.7633056640625,235.9956512451172,-90.05081176757812
1530,306.0,0.0014886727559691442,0.0018187115059675036,-0.0008795179513664127,-0.0028855576755609817,19.999952668225042,-490.7664489746094,234.20753479003906,-90.07622528076172
1531,306.2,0.00513051336128097,0.006267948173476961,-0.00016283288290061215,-0.0005342286355356444,19.999556900928017,-490.7688903808594,232.41940307617188,-90.04943084716797
1532,306.4,0.006612264570597205,0.008078203625898606,-0.00028615149919660225,-0.0009388172846241806,19.999546507364666,-490.767333984375,230.63128662109375,-89.90098571777344
1533,306.6,0.006283871819158216,0.007677006201465593,-0.0003610297554774587,-0.0011844808629606657,19.9999444453637,-490.75921630859375,228.84315490722656,-89.6747055053711
1534,306.8,0.005590912783259229,0.0068304181473078,0.0003380219155548589,0.0011089958214290034,20.00046093037313,-490.7439270019531,227.05503845214844,-89.43930053710938
1535,307.0,0.005310735642463058,0.006488125734397118,0.0013393170590814242,0.0043940849801167,20.000671646924545,-490.72186279296875,225.2668914794922,-89.22423553466797
1536,307.2,0.00535769127753445,0.006545491433763838,0.0023207808764881335,0.007614110730817328,20.00045128383996,-490.6934509277344,223.47886657714844,-89.02383422851562
1537,307.4,0.005512534210870339,0.0067346630454202935,0.002929697085705108,0.009611867386664747,20.00003733535325,-490.6588439941406,221.69102478027344,-88.82548522949219
1538,307.6,0.005889675997816142,0.00719541716653198,-0.00041113158743873515,-0.0013488569573324998,19.99976634655008,-490.6178894042969,219.90335083007812,-88.622802734375
1539,307.8,0.003204595811573295,0.003915054702999094,-0.00035975111295763126,-0.001180285841435915,19.999778503852347,-490.5703430175781,218.11581420898438,-88.40874481201172
1540,308.0,-8.999048679189572e-06,-1.09941377713659e-05,-0.00025095310367628104,-0.0008233369806652899,20.0001937919394,-490.5178527832031,216.32833862304688,-88.26058959960938
1541,308.2,-0.0009380765869235507,-0.0011460481662445019,-0.00015999553732836194,-0.0005249197586883829,20.000538782630056,-490.463623046875,214.54083251953125,-88.22386932373047
1542,308.4,-0.0003401951733806665,-0.00041561644331916024,-0.00027913014786028027,-0.0009157813543059219,20.000481202943718,-490.40960693359375,212.7533416748047,-88.24633026123047
1543,308.6,0.0002745243730841593,0.0003353864265969175,-0.0009532714306210772,-0.0031275310404388548,20.00013060132892,-490.3561706542969,210.96585083007812,-88.26487731933594
1544,308.8,0.0003376224040123577,0.0004124732909818974,-0.0015026822748757003,-0.004930060114703192,19.99982257364355,-490.3025817871094,209.178466796875,-88.26192474365234
1545,309.0,0.00019608899445543014,0.000239561924526199,-0.0019170966025195274,-0.006289687217410167,19.999784565182093,-490.2489013671875,207.3912811279297,-88.25060272216797
1546,309.2,-3.046592800047338e-06,-3.722022423817833e-06,-0.0019084110932402476,-0.006261191451146334,19.999972946391637,-490.19476318359375,205.6040802001953,-88.24190521240234
1547,309.4,-0.00023082815217045495,-0.00028200275350664483,-0.0017044672563326646,-0.005592084353266459,20.000186331585127,-490.1404113769531,203.81671142578125,-88.23983001708984
1548,309.6,0.00012637399046528034,0.000154391104151433,-0.0019213124205090144,-0.006303518641702795,20.000267430849373,-490.0865173339844,202.0292205810547,-88.2458724975586
1549,309.8,-0.002994361261706832,-0.003658211153427237,-0.0019615025998114335,-0.006435376189565344,20.000164617019006,-490.03265380859375,200.24171447753906,-88.24508666992188
1550,310.0,-0.005868738969390809,-0.007169838398904752,-0.001890648098671491,-0.006202913908045375,20.00002529739001,-489.9805603027344,198.45423889160156,-88.3221435546875
1551,310.2,-0.006363138998757084,-0.007773846914781529,-0.0018914569102717483,-0.006205567489495962,19.999839468921035,-489.9336853027344,196.66677856445312,-88.50621795654297
1552,310.4,-0.005696773579323951,-0.006959748281860072,-0.002529281079547214,-0.008298166537021682,19.999788126816462,-489.89361572265625,194.87905883789062,-88.73482513427734
1553,310.6,-0.005176977737846621,-0.006324713702327216,-0.003742054085301617,-0.012277080725220957,19.99991577241659,-489.86029052734375,193.09127807617188,-88.95309448242188
1554,310.8,-0.004965480227366387,-0.006066327193773515,-0.005085767236638388,-0.01668558858065269,20.000077874434997,-489.83331298828125,191.3033905029297,-89.15132904052734
1555,311.0,-0.0037068327715627774,-0.004528637597018245,-0.0060165634515135106,-0.019739382034263585,20.00016531690786,-489.8122253417969,189.51527404785156,-89.33837127685547
1556,311.2,-0.0020007890454353753,-0.0024443639768083982,-0.003154951208074735,-0.010350890121499914,20.000150603516236,-489.7960510253906,187.72715759277344,-89.49005889892578
1557,311.4,-0.0008907269809340057,-0.0010882011526070748,-0.0014056623006199853,-0.004611753102366073,20.00006034664211,-489.78314208984375,185.9390411376953,-89.58407592773438
1558,311.6,0.0002967303611483108,0.0003625154822148913,-0.0013959083536482703,-0.004579751962983391,19.99999197265067,-489.77197265625,184.15090942382812,-89.63069915771484
1559,311.8,0.0005083917567102177,0.0006211022091728729,-0.0019048093652997374,-0.00624937475804999,19.999971631585545,-489.7613220214844,182.36279296875,-89.63365936279297
1560,312.0,9.865289219502942e-05,0.00012052423839466744,-0.0019256007470955252,-0.0063175879551008824,20.000036666455916,-489.75018310546875,180.5746612548828,-89.61807250976562
1561,312.2,-0.00011866792119338623,-0.00014497659932195996,-0.0018853490793903586,-0.006185528673627064,20.00011994978748,-489.7389831542969,178.7865447998047,-89.61016845703125
1562,312.4,-0.0001381754302210717,-0.00016880892310108328,-0.0017797131506636086,-0.005838954093223193,20.00015042017171,-489.72772216796875,176.9984130859375,-89.61201477050781
1563,312.6,-9.206246670937246e-05,-0.00011247271557884033,-0.0016548281338518152,-0.005429226334666389,20.000101230498515,-489.7164306640625,175.21029663085938,-89.61688232421875
1564,312.8,-6.069799658836647e-05,-7.415474243200732e-05,-0.001485311374587365,-0.0048730689702012105,20.000024157343137,-489.70513916015625,173.4221649169922,-89.62091827392578
1565,313.0,-3.8398809224213396e-05,-4.6911825229221504e-05,-0.001414551804942178,-0.004640918143726495,19.99998743768439,-489.69390869140625,171.634033203125,-89.6236572265625
1566,313.2,0.00034286385898613916,0.0004188767765233662,-0.0015878328777479082,-0.005209425618630447,20.000001434507638,-489.68292236328125,169.84591674804688,-89.62545776367188
1567,313.4,3.5829642719995517e-05,4.3773074511018526e-05,-0.0015475575303495787,-0.005077288647872112,20.000038825375892,-489.6717224121094,168.0577850341797,-89.61703491210938
1568,313.6,-0.00013993931045717668,-0.00017096385558553276,-0.0014766175918967568,-0.004844546060198555,20.000084639587794,-489.6604919433594,166.26966857910156,-89.6126708984375
1569,313.8,-0.00013680667268174153,-0.0001671367120152836,-0.0013447515008236381,-0.004411914513962225,20.000092425301464,-489.6492004394531,164.48153686523438,-89.6158447265625
1570,314.0,-8.435821705784692e-05,-0.00010306043377957158,-0.0012128627354927842,-0.003979208577114146,20.000062805945962,-489.6379089355469,162.69342041015625,-89.62094116210938
1571,314.2,3.445816565784953e-06,4.209754098419477e-06,-0.0012946956696883556,-0.004247689340940344,20.000016247862575,-489.6268310546875,160.90528869628906,-89.624755859375
1572,314.4,8.07772507018074e-05,9.868556718239812e-05,-0.0015900370929762524,-0.005216657296120208,19.999993985426595,-489.615966796875,159.11715698242188,-89.62569427490234
1573,314.6,-1.765798178908002e-06,-2.157275635171906e-06,-0.001488693069496374,-0.004884163770126484,20.000011685841173,-489.6047058105469,157.32904052734375,-89.62371826171875
1574,314.8,-4.373087522955181e-05,-5.3426010267943444e-05,-0.0014178105137555201,-0.004651609445949661,20.000046066776882,-489.5934753417969,155.54090881347656,-89.62303924560547
1575,315.0,0.00019766790219058296,0.00024149087610623521,-0.0013164387322383243,-0.004319024850276784,20.000069676202937,-489.58221435546875,153.75279235839844,-89.62425994873047
1576,315.2,-3.0410543877004436e-05,-3.715256145453632e-05,-0.0012151249684879597,-0.003986630601614038,20.000054996463664,-489.5709533691406,151.96466064453125,-89.6196517944336
1577,315.4,-0.0001070923149269341,-0.0001308346811462354,-0.0011747291368312501,-0.0038540983412814387,20.0000331879788,-489.55975341796875,150.17654418945312,-89.61852264404297
1578,315.6,-0.0001031163377653758,-0.0001259772298479596,-0.0010429355995587456,-0.0034217048324563146,20.00001955649184,-489.5484619140625,148.38841247558594,-89.62164306640625
1579,315.8,4.640920063200451e-05,5.669812041211991e-05,-0.001307760673352264,-0.004290553527561042,20.000018023858626,-489.5375671386719,146.6002960205078,-89.62551879882812
1580,316.0,7.531012195330887e-05,9.200637599035745e-05,-0.0014820537380608304,-0.004862381185979495,20.00002374976243,-489.5265808105469,144.81216430664062,-89.62554931640625
1581,316.2,-1.3237270438410783e-05,-1.6171973294606455e-05,-0.0013797853652012101,-0.004526855017566738,20.000040138057145,-489.5153503417969,143.02403259277344,-89.62328338623047
1582,316.4,-6.0911498269023934e-05,-7.441557743526654e-05,-0.0012783051335767907,-0.004193914614444078,20.00005015276016,-489.50408935546875,141.2359161376953,-89.6229248046875
1583,316.6,-2.0913745562363208e-05,-2.5550322953539133e-05,-0.001360163878250142,-0.004462480058318196,20.000044636956503,-489.4930114746094,139.44778442382812,-89.62470245361328
1584,316.8,9.335222643780116e-05,0.00011404841503906167,-0.0018690031496975184,-0.006131900293653607,20.00003291394918,-489.48236083984375,137.65966796875,-89.62596893310547
1585,317.0,0.0004272907158851247,0.0005220210675968568,-0.0018592775476796476,-0.0060999921495292955,20.000013998314945,-489.47119140625,135.8715362548828,-89.62388610839844
1586,317.2,3.950002403217977e-06,4.825717936011403e-06,-0.0017884227499761103,-0.005867528895031622,20.000008708057578,-489.4599609375,134.0834197998047,-89.61186981201172
1587,317.4,-0.00020050475005017199,-0.0002449566531362951,-0.0016566077263980008,-0.005435064893075617,20.000035160767652,-489.44866943359375,132.2952880859375,-89.60739135742188
1588,317.6,-0.0001439036492091233,-0.00017580708823878595,-0.0015551508041224524,-0.005102200964197107,20.000056974407684,-489.4374084472656,130.50717163085938,-89.6124267578125
1589,317.8,-7.601599578393882e-05,-9.286874204923806e-05,-0.001423273437797207,-0.004669532425662588,20.000055384973983,-489.4261169433594,128.7190399169922,-89.61837768554688
1590,318.0,-5.493614323216802e-05,-6.711548618673967e-05,-0.0012914366733922425,-0.004236997095532205,20.000030854722585,-489.4148254394531,126.93091583251953,-89.62206268310547
1591,318.2,-3.209971855914752e-05,-3.921622616371053e-05,-0.001251103902817411,-0.004104671728519475,20.0000156836063,-489.40362548828125,125.14279174804688,-89.62447357177734
1592,318.4,8.88863715774998e-05,0.0001085924801562315,-0.0016990283997343051,-0.0055742403349842975,20.000013142775973,-489.3929138183594,123.35466766357422,-89.62606811523438
1593,318.6,3.3208945987743276e-05,4.057136931322596e-05,-0.001689294217012977,-0.005542304038944856,20.000021685817067,-489.3817443847656,121.56654357910156,-89.62420654296875
1594,318.8,0.00028713629013789365,0.0003507944056614647,-0.001587932522069263,-0.005209752535705721,20.000046350263588,-489.3704833984375,119.77841186523438,-89.62255096435547
1595,319.0,-9.173954468273029e-06,-1.120782017388916e-05,-0.0015475932023093597,-0.0050774056818646395,20.00004571444059,-489.3592834472656,117.99028778076172,-89.61473846435547
1596,319.2,-0.00013190465917809862,-0.0001611479221178831,-0.001507290034911233,-0.00494517743813817,20.00004576578844,-489.34808349609375,116.20216369628906,-89.61212158203125
1597,319.4,-0.00020079589821486366,-0.00024531234884909894,-0.0014059232967000164,-0.004612609388745282,20.00003917194971,-489.3368225097656,114.4140396118164,-89.61235809326172
1598,319.6,-0.00013868808739823054,-0.00016943523637441825,-0.0012721931165757087,-0.004173862064586248,20.000032704753252,-489.3255310058594,112.62591552734375,-89.61779022216797
1599,319.8,-3.1216985471784126e-05,-3.813779115087867e-05,-0.0012337068040957759,-0.0040475946311495856,20.000027239072942,-489.3143615722656,110.8377914428711,-89.6236572265625
1600,320.0,0.00014587395391538983,0.00017821420949843176,-0.001773196726066604,-0.005817574746748357,20.00002392569197,-489.3037414550781,109.04966735839844,-89.6261215209961
1601,320.2,5.290411184122726e-05,6.463295343642734e-05,-0.001763380939309965,-0.005785370720925706,20.000031185842136,-489.2925720214844,107.26154327392578,-89.6228256225586
1602,320.4,-4.046122800652195e-05,-4.943148225556787e-05,-0.0016620142010987486,-0.005452802671532819,20.000046023210867,-489.28131103515625,105.47341918945312,-89.62004852294922
1603,320.6,-5.834223427647187e-05,-7.127670761556568e-05,-0.0015912120605532697,-0.00522051217674559,20.000049839897912,-489.27008056640625,103.68528747558594,-89.62060546875
1604,320.8,0.00019885132435936312,0.00024293666296983392,-0.0014898453223420528,-0.0048879441273527,20.000038611938763,-489.2588195800781,101.89716339111328,-89.62261962890625
1605,321.0,1.038875429675105e-05,1.2691941124340757e-05,-0.0014495277436346811,-0.004755668602426407,20.000020029519575,-489.24761962890625,100.10903930664062,-89.61812591552734
1606,321.2,0.00157326022856796,0.0019220520212414767,-0.0013481934274035502,-0.0044232069243626635,20.000021237131918,-489.2363586425781,98.32091522216797,-89.615966796875
1607,321.4,0.01807294753355593,0.02207972000174528,-0.0007043424284400861,-0.002310834812923372,19.999968082649115,-489.2240905761719,96.53279113769531,-89.57476043701172
1608,321.6,0.03845994070126511,0.04698650955473559,0.006939336092948351,0.022766851427188668,19.997174614002837,-489.19915771484375,94.7449722290039,-89.08916473388672
1609,321.8,0.04820371224278853,0.05889047524701475,0.006318081003806025,0.020728612880526957,19.990027404217958,-489.1412353515625,92.95844268798828,-87.90892791748047
1610,322.0,0.046428744694499396,0.05672199739326991,0.0053486437114920096,0.017548044234411444,19.98715685166154,-489.0350341796875,91.1746597290039,-86.26260375976562
1611,322.2,0.041364358736475176,0.050534837068351726,0.008063288009621437,0.026454357833486396,19.993825429726094,-488.87652587890625,89.39443969726562,-84.54973602294922
1612,322.4,0.0394464218711058,0.048191693599929954,0.011613962991753001,0.03810355434186292,20.00368414629186,-488.6686096191406,87.61847686767578,-82.97652435302734
1613,322.6,0.04103379879945056,0.05013099199328874,0.012944420123227877,0.04246857131709095,20.007797369920823,-488.41436767578125,85.847900390625,-81.50346374511719
1614,322.8,0.04326701513770909,0.0528593123937392,0.011912443283281324,0.0390828204215207,20.003636180207252,-488.1142578125,84.0845718383789,-80.0123062133789
1615,323.0,0.04375176725458673,0.05345153405492861,0.01066499656587444,0.0349901473331835,19.996195638810786,-487.7665100097656,82.33060455322266,-78.44974517822266
1616,323.2,0.042971715496543224,0.05249854482212686,0.01013039281698469,0.03323619796967605,19.992457147690224,-487.3704528808594,80.58748626708984,-76.851806640625
1617,323.4,0.04217641836961733,0.05152693032216149,0.010447466996072727,0.03427646761939524,19.99477767039961,-486.92620849609375,78.85601043701172,-75.26761627197266
1618,323.6,0.04216348142639452,0.05151112525862619,0.010627676451037418,0.0348677060076216,20.00007746316066,-486.4349060058594,77.13691711425781,-73.71099853515625
1619,323.8,0.042607342667757175,0.05205339053719894,0.01030895967988718,0.03382204727616106,20.003580193462888,-485.897216796875,75.43132781982422,-72.16288757324219
1620,324.0,0.04286589833436127,0.05236926799508916,0.009830037930538243,0.03225078164402709,20.003056322891272,-485.3133239746094,73.74089050292969,-70.60394287109375
1621,324.2,0.04277796803446959,0.0522618435477115,0.009496369565891921,0.03115606912656085,20.00001222204329,-484.6834716796875,72.06721496582031,-69.03402709960938
1622,324.4,0.04248766214060363,0.05190717683717545,0.009480561402420262,0.031104205071516493,19.997449359612087,-484.0079650878906,70.41167449951172,-67.46363067626953
1623,324.6,0.04246834913320017,0.05188358213603065,0.009379456113436518,0.030772494795207068,19.997248940153867,-483.2876892089844,68.77529907226562,-65.9015121459961
1624,324.8,0.042616136287784934,0.052064133702786855,0.009196838104623767,0.03017335432717384,19.998937726332283,-482.5231018066406,67.15906524658203,-64.34282684326172
1625,325.0,0.04269010656492514,0.052154503190369045,0.00893281311693414,0.029307130586562206,20.000769416972215,-481.7146911621094,65.5641098022461,-62.7806510925293
1626,325.2,0.042639036710204685,0.05209211114885706,0.008760631558949544,0.028742230443864022,20.00145993565371,-480.8629150390625,63.99172592163086,-61.21495819091797
1627,325.4,0.042586459523153694,0.05202787759943687,0.008633530849227217,0.028325233351378622,20.00081471125223,-479.9685363769531,62.44318771362305,-59.64970397949219
1628,325.6,0.04257756498536454,0.052017011142619855,0.008492333914230765,0.027861988799164863,19.999651956839383,-479.03228759765625,60.919715881347656,-58.08628845214844
1629,325.8,0.04260989052759338,0.05205650325756084,0.008331388679091167,0.027333953233909466,19.998962546863673,-478.0549011230469,59.422420501708984,-56.52378845214844
1630,326.0,0.042590744080221905,0.052033112042807105,0.008255835676320877,0.027086075920300587,19.999128686919597,-477.0369567871094,57.95237350463867,-54.96062469482422
1631,326.2,0.04263388660697856,0.052085819267745706,0.008079670092681734,0.026508104826873942,19.99986253512961,-475.9793701171875,56.510589599609375,-53.397613525390625
1632,326.4,0.04264585441322829,0.052100440336641005,0.00789678294526952,0.025908081358158055,20.000474177549844,-474.8828125,55.09815216064453,-51.83366012573242
1633,326.6,0.04256157098109241,0.0519974712676006,0.007879421465959546,0.025851121122378716,20.00054979642453,-473.7479248046875,53.71615219116211,-50.26890182495117
1634,326.8,0.042620489376584324,0.05206945187137307,0.007706671993141678,0.025284357741978944,20.00022640552128,-472.5759582519531,52.365623474121094,-48.70607376098633
1635,327.0,0.042640492826406,0.052093890086020216,0.007598587790611344,0.02492975076694932,19.99977741514804,-471.3675231933594,51.047607421875,-47.14265060424805
1636,327.2,0.042586101836640335,0.05202744061382349,0.007555260418117882,0.024787600590177872,19.999575825103587,-470.12353515625,49.76309585571289,-45.57831954956055
1637,327.4,0.042579480152929006,0.05201935090283337,0.0074593822041791324,0.024473039510759066,19.999752087696717,-468.84503173828125,48.51300048828125,-44.01494216918945
1638,327.6,0.04264672380372941,0.05210150247101622,0.007345874530301111,0.024100638993993097,20.000059860147328,-467.5329284667969,47.29822540283203,-42.4525032043457
1639,327.8,0.04266136740095818,0.052119392553750615,0.007253769398672283,0.023798456793939972,20.00022505977076,-466.1881408691406,46.11969757080078,-40.88824462890625
1640,328.0,0.0425796252519019,0.05201952817024855,0.0072181625047278986,0.02368163627201148,20.000201042866664,-464.8116149902344,44.97832489013672,-39.32291030883789
1641,328.2,0.042770441497727796,0.05225264837777405,0.030562807777853807,0.10027168226989389,20.00007925167202,-463.4045715332031,43.87494659423828,-37.75952911376953
1642,328.4,0.04268599389827349,0.05214947874552072,0.030059130223966224,0.09861919680399735,19.999854449156782,-461.9678039550781,42.81047439575195,-36.19219207763672
1643,328.6,0.04256417790263063,0.052000656143643846,0.029637224695579945,0.0972349922702465,19.999853280200934,-460.5024108886719,41.785682678222656,-34.625099182128906
1644,328.8,0.042522040812820315,0.05194917726102258,0.02920782930728061,0.09582621470449851,20.000016349462477,-459.0096435546875,40.80127716064453,-33.06184768676758
1645,329.0,0.04254747120621729,0.05198024557263566,0.028755319963082282,0.09434160394767888,20.000154921896435,-457.4906005859375,39.85789108276367,-31.500898361206055
1646,329.2,0.04259223286562298,0.05203493089193159,0.02821332610346644,0.09256340881329683,20.000159186063495,-455.9464111328125,38.95623779296875,-29.939760208129883
1647,329.4,0.04261385041896229,0.052061341056846226,0.02765034971371183,0.09071637335473431,20.00005145925906,-454.3782043457031,38.09702682495117,-28.377309799194336
1648,329.6,0.042617702270921404,0.05206604686438468,0.027056826389463995,0.08876911829160905,19.999961801546306,-452.7871398925781,37.280914306640625,-26.813793182373047
1649,329.8,0.04262878101020616,0.052079581760168865,0.026452262589900716,0.08678564119544986,19.999946733726723,-451.1745300292969,36.50852584838867,-25.24997901916504
1650,330.0,0.04261049750128708,0.052057244797322426,0.025934462655479412,0.08508682245860308,19.99997804729994,-449.5412902832031,35.78044509887695,-23.68583106994629
1651,330.2,0.042599911319043025,0.05204431165847486,0.025406027564673805,0.0833531114752844,20.000049757827902,-447.8888244628906,35.097206115722656,-22.122055053710938
1652,330.4,0.042605653513973114,0.05205132689802095,0.024883916913684634,0.0816401499670931,20.000104072366465,-446.2183532714844,34.45930480957031,-20.55874252319336
1653,330.6,0.042603277910209215,0.0520484246229026,0.024393914019803536,0.08003252887273224,20.000080672184428,-444.5310363769531,33.867218017578125,-18.995365142822266
1654,330.8,0.04261283524799712,0.05206010082247808,0.023852574591687464,0.0782564808233919,20.00003310890953,-442.82830810546875,33.32138442993164,-17.432018280029297
1655,331.0,0.042614680214085814,0.05206235481754864,0.023353669812223088,0.07661965406673399,19.999986356652098,-441.11126708984375,32.82221984863281,-15.868454933166504
1656,331.2,0.042605083537331896,0.05205063055755838,0.022866392505284994,0.07502097518703922,19.99997639927326,-439.3812255859375,32.370094299316406,-14.304736137390137
1657,331.4,0.042606855036157444,0.05205279479767355,0.02236057720351496,0.07336147611238003,20.0000214682944,-437.6395263671875,31.9653377532959,-12.741229057312012
1658,331.6,0.04261144061705438,0.052058397001855335,0.02188736252632159,0.07180893447085693,20.00006985456128,-435.887451171875,31.608253479003906,-11.177749633789062
1659,331.8,0.04261213296389519,0.052059242841990754,0.02141451713087418,0.07025760438365725,20.000068241882314,-434.1262512207031,31.299110412597656,-9.61414909362793
1660,332.0,0.04260524010462298,0.0520508218358179,0.020958085727801,0.06876012597919863,20.000036056604653,-432.3572082519531,31.038143157958984,-8.050455093383789
1661,332.2,0.042606746151716945,0.05205266177355259,0.020496076797746586,0.06724434860111891,20.000003460803864,-430.5818176269531,30.825544357299805,-6.486973762512207
1662,332.4,0.04260845075021072,0.052054744281532436,0.02004478172479902,0.06576372167398961,20.000013197963327,-428.80133056640625,30.661460876464844,-4.923495292663574
1663,332.6,0.039863667302615854,0.04870144234360579,0.019601882185449795,0.06431063914931111,20.000033363469466,-427.01690673828125,30.546024322509766,-3.359955072402954
1664,332.8,0.024419474027316736,0.029833271419172854,0.016185310497395952,0.05310141409227653,20.001271018215753,-425.22998046875,30.477506637573242,-1.8663941621780396
1665,333.0,0.008129154259789722,0.009931387759185104,0.0007486822616186968,0.0024563067112090852,20.006336092336728,-423.4416809082031,30.444658279418945,-0.7965087294578552
1666,333.2,-0.0006762326065781703,-0.0008261533754565507,-0.00200915906365932,-0.006591729422416043,20.008869006227734,-421.6529541015625,30.430397033691406,-0.3070678412914276
1667,333.4,-0.002667278731784149,-0.0032586144266206945,0.0005049190400694776,0.001656558583421545,20.006386486159784,-419.86419677734375,30.421409606933594,-0.22399897873401642
1668,333.6,-0.003209514646208848,-0.0039210640432733495,0.0021470439612189434,0.007044107709725558,20.00165457152987,-418.07574462890625,30.41155242919922,-0.29461669921875
1669,333.8,0.0006168199820264172,0.000753568972041674,0.0008105985210287723,0.002659444051732037,19.998441180110532,-416.28759765625,30.398717880249023,-0.4060973823070526
1670,334.0,0.002015329492723578,0.002462128041260395,-0.0015153808840850983,-0.004971722219741754,19.998411411687357,-414.4994812011719,30.3848934173584,-0.4250183403491974
1671,334.2,0.0008903747470126256,0.0010877708284253247,-0.0024787159821178374,-0.008132270542771486,20.000702373273317,-412.71136474609375,30.372432708740234,-0.3681640028953552
1672,334.4,-0.0003028323852818666,-0.0003699703250988564,-0.0020952089098567554,-0.006874045199814437,20.0029964339126,-410.9232177734375,30.361318588256836,-0.323883056640625
1673,334.6,-0.0005603865731132723,-0.0006846242763724848,-0.0014478686434122173,-0.004750225360052539,20.003436172824355,-409.1349182128906,30.350465774536133,-0.3214111328125
1674,334.8,-0.0002732767756985471,-0.00033386223687091495,-0.0012082072359956857,-0.003963934628144085,20.001986366259906,-407.3468017578125,30.339208602905273,-0.338653564453125
1675,335.0,1.2957364282499808e-05,1.5830011943930016e-05,-0.0013622860625724363,-0.004469442605530152,20.000053708804266,-405.55865478515625,30.32755470275879,-0.35186767578125
1676,335.2,0.00011520943635125905,0.00014075136839033318,-0.001656331064200919,-0.005434157208672943,19.99907401272807,-403.7705383300781,30.315763473510742,-0.35479736328125
1677,335.4,9.566327086278345e-05,0.00011687181801306255,-0.0019037019137223242,-0.00624574138661675,19.99947570166647,-401.982421875,30.304019927978516,-0.351959228515625
1678,335.6,0.0004584436015024378,0.0005600805479555283,-0.0020468998148781507,-0.0067155507886448315,20.00055888097096,-400.19427490234375,30.292377471923828,-0.3483581244945526
1679,335.8,-4.266525649541825e-05,-5.212414386045247e-05,-0.0018457203929168001,-0.006055513293897154,20.00130117229398,-398.4061584472656,30.28108024597168,-0.3354491889476776
1680,336.0,-0.00030884141596691864,-0.0003773115578867845,-0.0014836510272402364,-0.004867621636210857,20.001226014539302,-396.6180419921875,30.26994514465332,-0.3318481147289276
1681,336.2,-0.00018572088652788317,-0.00022689520707111488,-0.0013292746286272998,-0.00436113737258559,20.000524738177443,-394.8299255371094,30.258602142333984,-0.3401794135570526
1682,336.4,-2.2057698470524543e-06,-2.6947890221439835e-06,-0.001399975755607737,-0.004593096458028088,20.000473168919196,-393.0417785644531,30.247032165527344,-0.3483276069164276
1683,336.6,7.941412377544765e-05,9.70202350164644e-05,-0.0015899036186880267,-0.005216219388336426,20.000993313510723,-391.2537841796875,30.2353458404541,-0.3507995307445526
1684,336.8,5.9801350128012634e-05,7.305930945139304e-05,-0.0017436650399452888,-0.005720686009654101,20.001989040029123,-389.4657287597656,30.223695755004883,-0.3490295708179474
1685,337.0,2.0410625212903492e-05,2.4935660822604198e-05,-0.0018461218198779052,-0.006056830311528227,20.00167498329804,-387.6775817871094,30.212093353271484,-0.3467712104320526
1686,337.2,-2.650140304279545e-05,-3.23767640973832e-05,-0.0018403268420369343,-0.006037817916428456,19.999857779487947,-385.889404296875,30.20060157775879,-0.3452453315258026
1687,337.4,0.0004972322798830186,0.0006074686763330838,-0.002045065884425795,-0.006709533956259526,19.99799004014673,-384.1010437011719,30.18889808654785,-0.348175048828125
1688,337.6,0.00045569399227512124,0.0005567213503625156,-0.0021784005677386396,-0.007146983718659638,19.995735802625322,-382.3132629394531,30.177268981933594,-0.3479308784008026
1689,337.8,4.47180569735919e-05,5.463205020463723e-05,-0.002067187207893185,-0.006782110479144277,19.9980076491553,-380.5255126953125,30.165884017944336,-0.336395263671875
1690,338.0,-0.0002726052790241202,-0.0003330418693837676,-0.0016915423419111575,-0.005549679777035802,20.000856846263652,-378.73736572265625,30.154762268066406,-0.3305358588695526
1691,338.2,-0.0002158621491528795,-0.00026371878762007287,-0.001476096374073178,-0.004842836027914245,20.002508825812313,-376.9492492675781,30.14348030090332,-0.337005615234375
1692,338.4,-4.608704608220048e-05,-5.630454419862433e-05,-0.0014955601629035033,-0.0049066936048603295,20.002053444332443,-375.1611328125,30.131961822509766,-0.3454895317554474
1693,338.6,5.8292947029980136e-05,7.121649338652673e-05,-0.001647653788977127,-0.005405688457027717,19.997556428849933,-373.3728332519531,30.120311737060547,-0.3496704399585724
1694,338.8,8.009755003723095e-05,9.785517688048505e-05,-0.0018581952457750184,-0.006096441290148511,19.99605927314143,-371.5848693847656,30.10860252380371,-0.34930419921875
1695,339.0,1.5877122527754669e-07,1.9397080592157877e-07,-0.0019413686536710346,-0.006369319933710077,19.99797885102635,-369.79718017578125,30.09702491760254,-0.3451232612133026
1696,339.2,-0.00011018110361687518,-0.0001346082542887364,-0.0019850771990909703,-0.006512720677865619,20.002508459835692,-368.0091247558594,30.085485458374023,-0.3439941108226776
