step,time_sec,steer_norm,steer_rad,cte_m,cte_ft,speed_mph,x,y,yaw
0,0.0,-0.020566793939583636,-0.02512645215598933,-0.01776999164213025,-0.05830049937916661,20.074852657041,657.4623413085938,17.04967498779297,-108.99555206298828
1,0.2,-0.026318639034327903,-0.0321534813082384,-0.01806635951918595,-0.059272834964926024,19.355966993823948,656.8700561523438,15.386462211608887,-109.73576354980469
2,0.4,-0.028430079405999377,-0.03473302801030944,-0.007890088234002224,-0.025886117081643855,18.260576945397087,656.2852783203125,13.817862510681152,-110.58244323730469
3,0.6,-0.04692606674389874,-0.057329575741021085,-0.015811471696070653,-0.05187490879933644,17.63489148542948,655.7039184570312,12.334081649780273,-111.49827575683594
4,0.8,-0.05748899648730521,-0.07023430700854078,-0.04089442378076116,-0.13416806131687245,17.99791197694644,655.0916748046875,10.87514591217041,-112.8584213256836
5,1.0,-0.06083566372867091,-0.07432293037731726,-0.06646319685602103,-0.21805511477310804,19.17927061694714,654.4019165039062,9.365972518920898,-114.69456481933594
6,1.2,-0.06299233890172246,-0.07695774043623432,-0.01805907983402799,-0.059248951482672396,20.10081447677891,653.6142578125,7.789719104766846,-116.81661987304688
7,1.4,-0.06391190803180286,-0.07808117804245354,-0.018633320600027092,-0.061132943557392884,20.174855579826904,652.748291015625,6.2064433097839355,-119.0847396850586
8,1.6,-0.06297204474499617,-0.07693294706496182,-0.02495336793332182,-0.08186800765035956,19.685041473326738,651.83349609375,4.679523944854736,-121.3804702758789
9,1.8,-0.06144837249500588,-0.07507147667714868,-0.04084143742837121,-0.13399422157249738,19.18100680812883,650.8855590820312,3.230807304382324,-123.61164855957031
10,2.0,-0.06160285548800563,-0.07526020854969648,-0.007149905506112775,-0.023457695980675035,19.055895380710485,649.899169921875,1.843544840812683,-125.7623291015625
11,2.2,-0.06040844299478045,-0.07380099480672328,-0.01393662968143733,-0.045723852124046845,19.395448601191006,648.8533935546875,0.4854220449924469,-127.90776062011719
12,2.4,-0.06034012834020698,-0.07371753479323087,-0.025541838373996976,-0.08379868501094424,19.8860153475792,647.7313232421875,-0.8643670678138733,-130.064697265625
13,2.6,-0.06101468524783915,-0.07454164096728509,-0.03905924407205366,-0.12814713032135652,20.135249918654644,646.5366821289062,-2.1974270343780518,-132.2484893798828
14,2.8,-0.06151142948643509,-0.07514851340357775,-0.05496985174889779,-0.18034728841185382,20.050528284534238,645.28857421875,-3.4884936809539795,-134.45928955078125
15,3.0,-0.06370560436234508,-0.07782913684947698,-0.007281138159717315,-0.023888249319926957,19.81086664986028,644.0037841796875,-4.718761444091797,-136.6742706298828
16,3.2,-0.062119498440499354,-0.07589139124475806,-0.012210731131085367,-0.040061455124110114,19.64549149640225,642.6859741210938,-5.884323596954346,-138.92752075195312
17,3.4,-0.06057059510714969,-0.07399909604240477,-0.02470919963583748,-0.08106693053324104,19.67730118124782,641.3278198242188,-6.993563652038574,-141.15499877929688
18,3.6,-0.06019001835734714,-0.073534145427171,-0.042568405070694426,-0.1396601260921371,19.855064132575862,639.91943359375,-8.056480407714844,-143.338623046875
19,3.8,-0.06049685410080632,-0.07390900665495508,-0.06354171664787123,-0.20847020564700183,20.022273021097636,638.4581909179688,-9.075020790100098,-145.51416015625
20,4.0,-0.06272498712349192,-0.07663111676877007,-0.009857195245622619,-0.032339880449648514,20.06589002995061,636.9515380859375,-10.042669296264648,-147.7046356201172
21,4.2,-0.06227558487095304,-0.07608208203684333,-0.015499257975613495,-0.050850585536711776,19.99404287523248,635.41015625,-10.949907302856445,-149.9533233642578
22,4.4,-0.061265528703478775,-0.07484809641704002,-0.027214373417823998,-0.08928600488413369,19.898422021393188,633.8416748046875,-11.791863441467285,-152.20498657226562
23,4.6,-0.06069231268963564,-0.07414779841292786,-0.04470029670046505,-0.14665452142675375,19.861712189667127,632.2471313476562,-12.569422721862793,-154.42091369628906
24,4.8,-0.062036292933964426,-0.07578973907742434,-0.006810966908701421,-0.022345692672743972,19.90291092287952,630.6234130859375,-13.28536605834961,-156.6117706298828
25,5.0,-0.061576040617849194,-0.07522744882282636,-0.010652750107677245,-0.03494996866327181,19.97688989944629,628.9678955078125,-13.940051078796387,-158.83541870117188
26,5.2,-0.06101010707832313,-0.07453604781758737,-0.019453700696901704,-0.06382447939442298,20.025624622853904,627.2826538085938,-14.531935691833496,-161.0669708251953
27,5.4,-0.06086044523120409,-0.07435320593896204,-0.03257653703312369,-0.10687840575975352,20.02266989177699,625.5740356445312,-15.058920860290527,-163.28330993652344
28,5.6,-0.06090046872300891,-0.07440210263889999,-0.050004779417405665,-0.1640576805038012,19.986115767065513,623.8484497070312,-15.519218444824219,-165.48841857910156
29,5.8,-0.06277410077598118,-0.07669111891801621,-0.006765911319549317,-0.022197872493630182,19.9538060340042,622.1097412109375,-15.912056922912598,-167.6892547607422
30,6.0,-0.061883365600976604,-0.07560290775471312,-0.011143579398130772,-0.036560301032563365,19.949652397930013,620.358642578125,-16.236265182495117,-169.93499755859375
31,6.2,-0.06089013716666907,-0.0743894805765196,-0.021273996538035574,-0.06979657880184863,19.97354834878279,618.5951538085938,-16.49178123474121,-172.17794799804688
32,6.4,-0.05735010629374644,-0.07006462485907003,-0.03608677971625619,-0.11839495036428196,20.002456982878734,616.8204345703125,-16.679210662841797,-174.3908233642578
33,6.6,-0.04131631748972602,-0.05047614507719828,-0.04373025076805992,-0.1434719559298817,20.0166466515867,615.0380249023438,-16.800691604614258,-176.50698852539062
34,6.8,-0.035602942344307276,-0.043496114662040196,0.0030235853390811404,0.00991989972387097,20.016198585424746,613.251953125,-16.867691040039062,-178.18386840820312
35,7.0,-0.0036877090386476558,-0.004505274132515841,0.007430901126958893,0.024379597653371814,20.00181901948787,611.4656372070312,-16.890300750732422,-179.55259704589844
36,7.2,0.011709375541682403,0.014305344099273391,-0.0031847546748403743,-0.010448670527403293,19.991586934465747,609.68017578125,-16.89275550842285,179.9632568359375
37,7.4,0.00794822661777826,0.0097103484589397,-0.010253550681353793,-0.03364025921741278,19.988686493774733,607.8953857421875,-16.898752212524414,-179.79371643066406
38,7.6,0.00013700915566865166,0.00016738408548039175,-0.008349145530449374,-0.027392210622119526,19.995603747245585,606.1104736328125,-16.913721084594727,-179.47149658203125
39,7.8,-0.0032326651123373022,-0.003949346967742482,-0.002789337735508161,-0.009151370816164595,20.00439984179912,604.32470703125,-16.932353973388672,-179.3800506591797
40,8.0,-0.002613787280749357,-0.00319326392089149,0.0012639451796378817,0.004146801903163148,20.00795692128834,602.5384521484375,-16.94948387145996,-179.45753479003906
41,8.2,-0.0009333056077029855,-0.0011402194609307374,0.0024631698522563916,0.00808126617807686,20.005033521747926,600.752197265625,-16.963760375976562,-179.55821228027344
42,8.4,0.0001579195736568316,0.00019293034313655117,0.0018560854785153753,0.0060895194813323835,19.999328187458975,598.9662475585938,-16.976224899291992,-179.61105346679688
43,8.6,0.0006313346243245272,0.0007713015105372748,0.0007864537940814632,0.002580229065774228,19.995697085499028,597.1807861328125,-16.98822593688965,-179.61819458007812
44,8.8,0.0004701841039648398,0.0005744239198138448,9.154603207039546e-05,0.0003003478838578362,19.99628473773167,595.3954467773438,-17.000600814819336,-179.600830078125
45,9.0,5.4892681630077776e-05,6.706238914746602e-05,-5.3939959616370985e-05,-0.0001769683771077746,19.999610854092623,593.60986328125,-17.013526916503906,-179.5820770263672
46,9.2,-0.00013364805306534028,-0.00016327782642992623,5.689675549817581e-05,0.00018666915130863512,20.002530714149547,591.8240966796875,-17.026710510253906,-179.57545471191406
47,9.4,-9.535650288397527e-05,-0.00011649703957335259,0.00014359638935561585,0.0004711167780534787,20.00297020548007,590.0381469726562,-17.03986930847168,-179.5780792236328
48,9.6,-5.562949381016077e-06,-6.7962552587873414e-06,0.00011749661731783674,0.0003854876019610515,20.001207149543543,588.252197265625,-17.05291748046875,-179.5818634033203
49,9.8,3.559370466777294e-05,4.34848289926182e-05,4.830252666895504e-05,0.00015847286159657446,19.999062229715637,586.4666137695312,-17.065919876098633,-179.58306884765625
50,10.0,3.1552750966029215e-05,3.8547995855197895e-05,-6.752812345494318e-06,-2.2154896855591578e-05,19.998216979291094,584.6809692382812,-17.078937530517578,-179.58224487304688
51,10.2,1.4098084256729451e-05,1.722362953644637e-05,-2.61311460838156e-05,-8.573210931762557e-05,19.998970611552952,582.8953247070312,-17.09198760986328,-179.58106994628906
52,10.4,6.9624664275780205e-06,8.506045234572067e-06,-2.4755228272654688e-05,-8.121794312605641e-05,20.000351865505888,581.1097412109375,-17.105060577392578,-179.5803680419922
53,10.6,-8.261959547419856e-06,-1.009363597908284e-05,-1.23823289744137e-05,-4.0624440192415446e-05,20.001188718332617,579.3240966796875,-17.118144989013672,-179.5800323486328
54,10.8,-1.1057982418686592e-05,-1.350953712090941e-05,5.574568439584843e-07,1.8289267119327535e-06,20.00098927236378,577.5382690429688,-17.1312313079834,-179.5801544189453
55,11.0,-2.676575258734867e-06,-3.269971993596387e-06,3.6564491062856825e-06,1.199622448586632e-05,20.00014981672601,575.7526245117188,-17.144306182861328,-179.58053588867188
56,11.2,2.5205867643199645e-06,3.079400849969701e-06,1.401994940335166e-06,4.599721080049226e-06,19.999454270193898,573.967041015625,-17.157373428344727,-179.58070373535156
57,11.4,3.746107779651331e-06,4.576619874400031e-06,-3.3907834949492913e-06,-1.1124618121569432e-05,19.999379913002493,572.181396484375,-17.170440673828125,-179.58070373535156
58,11.6,2.0601703405510214e-06,2.516910105051183e-06,-1.0090859456180629e-05,-3.310649533821565e-05,19.999817606786852,570.395751953125,-17.18350601196289,-179.58056640625
59,11.8,1.121917594895083e-06,1.3706467256833231e-06,-7.4125404350353086e-06,-2.431935916088124e-05,20.000312701462168,568.6101684570312,-17.19658088684082,-179.58056640625
60,12.0,-2.5408792116319016e-06,-3.1041921328506944e-06,-2.0639349246204253e-06,-6.771440258091676e-06,20.000489860118716,566.8245239257812,-17.20965576171875,-179.5803985595703
61,12.2,-5.111000739734215e-06,-6.24410960373329e-06,7.724767438835323e-07,2.534372600402848e-06,20.000295416750983,565.0388793945312,-17.22273063659668,-179.5803985595703
62,12.4,3.634780504180383e-06,4.440611341957174e-06,-3.573498022795517e-06,-1.1724075253108444e-05,19.999955690023096,563.2532958984375,-17.235797882080078,-179.5806427001953
63,12.6,4.481768371424329e-06,5.475376419369103e-06,-8.366276458080055e-06,-2.744841445472737e-05,19.999759943498933,561.4676513671875,-17.248865127563477,-179.5806427001953
64,12.8,-1.3377697556281529e-06,-1.6343533104509144e-06,-5.249361063974431e-06,-1.7222313753129874e-05,19.99981368772704,559.6820068359375,-17.261940002441406,-179.58045959472656
65,13.0,-2.374358169320811e-06,-2.9007533754592348e-06,-3.2153050386247734e-07,-1.0548901382921701e-06,20.00002250750863,557.8964233398438,-17.275014877319336,-179.58045959472656
66,13.2,-3.0658424347897163e-06,-3.7455397025825962e-06,1.0365658846421457e-06,3.400806816969337e-06,20.000188683964215,556.1107788085938,-17.288087844848633,-179.58045959472656
67,13.4,-3.1032000060145015e-05,-3.791179447347917e-05,-4.0889288076572695e-06,-1.3415121189314277e-05,20.00020545491209,554.3251342773438,-17.30115509033203,-179.58062744140625
68,13.6,-0.0012811734928280408,-0.0015652096561880175,-6.112726654629135e-05,-0.0002005487811757345,20.00008892701796,552.5394897460938,-17.3142032623291,-179.58145141601562
69,13.8,-0.0025556072118324666,-0.0031221853306957243,-0.002902355729460628,-0.009522164771443607,19.999950077421822,550.75390625,-17.326379776000977,-179.61497497558594
70,14.0,-0.0031064597178608187,-0.0037951618373105625,-0.0012119721100700151,-0.003976286577602108,19.99988501767415,548.96826171875,-17.33632469177246,-179.69435119628906
71,14.2,-0.0015248290626282842,-0.0018628836658129747,-0.0008428303248234499,-0.0027651914428937674,19.99992802732549,547.1826171875,-17.343097686767578,-179.8018341064453
72,14.4,0.00018022681570225806,0.00022018310074344867,-0.00043917592981016905,-0.001440865957558395,20.000062734057845,545.3970336914062,-17.347440719604492,-179.8748321533203
73,14.6,0.0005550832160024055,0.0006781451649901387,-0.0006963606848418234,-0.002284647989256448,20.000147044759288,543.6113891601562,-17.35108184814453,-179.88768005371094
74,14.8,0.00016090966655608234,0.0001965833396315658,-0.0006610769743371916,-0.0021688877804844314,20.000129038331846,541.8257446289062,-17.355016708374023,-179.8723907470703
75,15.0,-0.00016626819850156622,-0.00020312985810936346,-0.0003226282297452225,-0.0010584916012773159,20.000056024773748,540.0401611328125,-17.3592529296875,-179.86245727539062
76,15.2,-0.0001988343449015885,-0.00024291591916627067,-9.281189418775784e-06,-3.0450097492696345e-05,19.999987318690117,538.2545166015625,-17.363466262817383,-179.86480712890625
77,15.4,-9.388670694327312e-05,-0.00011470138987259677,0.00012726469349764384,0.00041753509701480983,19.999969003550863,536.4688720703125,-17.36750030517578,-179.87156677246094
78,15.6,-2.4019157340406368e-06,-2.934420452277446e-06,0.00011227293896094097,0.00036834954906061356,20.00000551024753,534.6832885742188,-17.37138557434082,-179.87612915039062
79,15.8,3.1996146107846935e-05,3.90896916999566e-05,4.895660061583675e-05,0.00016061877356446185,20.000067745317438,532.8976440429688,-17.375219345092773,-179.87730407714844
80,16.0,4.711691825021399e-05,5.756273902628643e-05,-5.522846112251652e-06,-1.811957443891971e-05,20.000094320668534,531.1119995117188,-17.379064559936523,-179.8765411376953
81,16.2,1.017851690980157e-05,1.2435094108704577e-05,-1.7313245410603e-05,-5.680198807292275e-05,20.000065808637526,529.326416015625,-17.382951736450195,-179.875
82,16.4,-1.55590383078247e-05,-1.9008477100669435e-05,-1.815143369284498e-06,-5.955194971683352e-06,20.000023189175348,527.540771484375,-17.386865615844727,-179.8742218017578
83,16.6,-1.2654505907158255e-05,-1.546000986677524e-05,1.0647785625574275e-05,3.4933680991809105e-05,20.000001299716935,525.755126953125,-17.390777587890625,-179.87449645996094
84,16.8,-6.862337636517986e-07,-8.383717890534023e-07,9.521935710871036e-06,3.123994755765413e-05,20.000005260236374,523.9695434570312,-17.39467430114746,-179.875
85,17.0,5.518900569941981e-06,6.742440826298118e-06,-1.296553917536536e-06,-4.253785954810569e-06,20.00003517945546,522.1838989257812,-17.398563385009766,-179.87515258789062
86,17.2,3.646691145498447e-06,4.4551625724554525e-06,-4.203048756070728e-06,-1.3789530480867087e-05,20.00005455818737,520.3982543945312,-17.40245819091797,-179.87503051757812
87,17.4,1.1583637761854313e-06,1.4151730253657415e-06,-9.590678814446136e-06,-3.146548268158746e-05,20.00005037400968,518.6126708984375,-17.406352996826172,-179.87484741210938
88,17.6,8.542806217114262e-07,1.0436746355448493e-06,-8.124722350291757e-06,-2.6655914075731205e-05,20.00003119209794,516.8270263671875,-17.41025161743164,-179.87484741210938
89,17.8,-8.670407368520686e-07,-1.0592636682121723e-06,-1.56915838087383e-06,-5.148157582306096e-06,20.00001841699561,515.0413818359375,-17.41415786743164,-179.87484741210938
90,18.0,-3.808231229715641e-06,-4.652516093343599e-06,5.804394652426286e-06,1.9043290151466256e-05,20.000018383187403,513.2557983398438,-17.41806411743164,-179.87484741210938
91,18.2,-2.2106791675666674e-06,-2.7007867390161973e-06,4.112536059199326e-06,1.3492572804463516e-05,20.00004172678993,511.47015380859375,-17.421960830688477,-179.87484741210938
92,18.4,1.2181896668025468e-06,1.4882623159326716e-06,3.0387236914285274e-06,9.96956623578637e-06,20.000052343050967,509.68450927734375,-17.425859451293945,-179.875
93,18.6,2.1608019976619428e-06,2.6398518005435957e-06,1.7246888835266243e-07,5.65842827662949e-07,20.000043862651943,507.8988952636719,-17.42975616455078,-179.875
94,18.8,2.907819502519667e-06,3.552483086228277e-06,-2.7902939870895743e-06,-9.154508124602958e-06,20.000022591946674,506.11328125,-17.433650970458984,-179.875
95,19.0,-7.346485476596167e-07,-8.975201306757537e-07,-2.3173869785826943e-06,-7.602975894813246e-06,20.000018408963584,504.32763671875,-17.437551498413086,-179.8748321533203
96,19.2,-9.116405480628455e-07,-1.1137512575683783e-06,-1.0368373082802682e-06,-3.401697314498235e-06,20.000024765667636,502.5420227050781,-17.441450119018555,-179.8748321533203
97,19.4,-2.4268283803009505e-07,-2.964856232213671e-07,-4.807242845517902e-06,-1.5771794617288952e-05,20.00003540860454,500.75640869140625,-17.44534683227539,-179.8748321533203
98,19.6,1.6470467765598942e-06,2.0121970469232228e-06,-6.085480033579151e-06,-1.996548631336782e-05,20.000041806059905,498.97076416015625,-17.449243545532227,-179.8748321533203
99,19.8,4.8271525655357605e-08,5.897332289315039e-08,-4.21137243173113e-06,-1.3816839128920759e-05,20.000039729141402,497.1851501464844,-17.453144073486328,-179.8748321533203
100,20.0,-2.7272842243798677e-06,-3.3319231369248845e-06,2.8687286290978668e-06,9.411839635489445e-06,20.000029052244912,495.3995056152344,-17.457050323486328,-179.8748321533203
101,20.2,-2.077555377790558e-06,-2.5381494050467247e-06,1.3370267827241683e-06,4.3865709498327605e-06,20.000035360123853,493.6138916015625,-17.460947036743164,-179.8748321533203
102,20.4,1.7532119200364093e-06,2.1418990027084814e-06,-1.4658915035758503e-06,-4.809355480591793e-06,20.000041708071343,491.8282775878906,-17.46484375,-179.8749542236328
103,20.6,2.54103867441839e-06,3.1043869485369473e-06,-2.7179420371145017e-06,-8.917132953046741e-06,20.00003964552158,490.0426330566406,-17.468740463256836,-179.8749542236328
104,20.8,2.106760047258866e-07,2.5738287497361566e-07,-5.6324508763735525e-06,-1.8479170133241405e-05,20.000026917535724,488.25701904296875,-17.472637176513672,-179.8748321533203
105,21.0,1.316165888250307e-06,1.6079598656754e-06,-1.0951978136721939e-05,-3.5931687950082804e-05,20.000020507928408,486.4714050292969,-17.476531982421875,-179.8748321533203
106,21.2,-6.882062515437995e-07,-8.407815775110599e-07,-1.9913957462153273e-06,-6.533450820013094e-06,20.000022686232764,484.6857604980469,-17.480438232421875,-179.8748321533203
107,21.4,-1.975028844374665e-06,-2.412892739172528e-06,3.7242627907610286e-06,1.2218710334440413e-05,20.00003545401441,482.900146484375,-17.484344482421875,-179.8748321533203
108,21.6,-2.8043186572998456e-06,-3.4260361036232215e-06,2.5126441118863106e-06,8.243583308041084e-06,20.000048192369448,481.1145324707031,-17.48824119567871,-179.8748321533203
109,21.8,2.1975668979501637e-07,2.684767479225715e-07,2.529155427074886e-06,8.297754291364368e-06,20.000052376516027,479.3288879394531,-17.49213981628418,-179.8749542236328
110,22.0,1.4229234100905112e-06,1.7383855301075774e-06,-4.383026423542772e-08,-1.4380008411416068e-07,20.000041734518636,477.54327392578125,-17.496036529541016,-179.8749542236328
111,22.2,1.714349393249992e-06,2.0944206537335154e-06,-1.4384824937509894e-06,-4.719430904797996e-06,20.000026845169415,475.7576599121094,-17.49993324279785,-179.8749542236328
112,22.4,5.117156717464144e-07,6.251630361725945e-07,-6.3483743077081815e-06,-2.082800036370131e-05,20.000018359047306,473.9720153808594,-17.503828048706055,-179.8748321533203
113,22.6,1.219987287375431e-06,1.4904584689865641e-06,-7.334147785077912e-06,-2.4062165419195016e-05,20.00002263147756,472.1864013671875,-17.50772476196289,-179.8748321533203
114,22.8,-6.844831037176357e-08,-8.362330078118356e-08,-4.5932719842545645e-06,-1.5069790456821745e-05,20.000026936965302,470.4007568359375,-17.511627197265625,-179.8748321533203
115,23.0,-1.5918776402980937e-06,-1.944796913152181e-06,1.4163852505215489e-06,4.6469333853211185e-06,20.00003332617902,468.6151428222656,-17.515533447265625,-179.8748321533203
116,23.2,-1.2771524691421619e-06,-1.5602971715509792e-06,9.551272302009504e-07,3.133619621932486e-06,20.000037540646765,466.82952880859375,-17.51943016052246,-179.8748321533203
117,23.4,-1.0206287453977624e-06,-1.2469021382524463e-06,-2.026029221866704e-06,-6.647077712269158e-06,20.000041774580495,465.04388427734375,-17.523326873779297,-179.8748321533203
118,23.6,3.5150356534719574e-07,4.29431905784669e-07,-4.281221467170851e-06,-1.4046002638352814e-05,20.00004388032896,463.2582702636719,-17.527223587036133,-179.8748321533203
119,23.8,-1.0456359835267095e-07,-1.277453481074581e-07,-4.040358731790443e-06,-1.3255770541607358e-05,20.000037497751286,461.47265625,-17.5311222076416,-179.8748321533203
120,24.0,1.5773781483239739e-06,1.927082883807399e-06,-8.678421422374889e-06,-2.847251213938443e-05,20.00002895690089,459.68701171875,-17.535017013549805,-179.8748321533203
121,24.2,1.682193663961051e-06,2.055135999261216e-06,-9.936024023117406e-06,-3.2598505056004514e-05,20.000020477593043,457.9013977050781,-17.53891372680664,-179.8748321533203
122,24.4,2.317149100085059e-06,2.8308610555739166e-06,-1.3009002868392397e-05,-4.268045697073651e-05,20.000020523340797,456.11578369140625,-17.542810440063477,-179.8748321533203
123,24.6,-2.2046133545628237e-06,-2.6933761352694016e-06,-4.374944117352029e-06,-1.435349165797323e-05,20.00003339102632,454.33013916015625,-17.546716690063477,-179.87472534179688
124,24.8,-9.715993276946085e-06,-1.1870028986445031e-05,-3.0672453836468223e-07,-1.0063141344483841e-06,20.000041834809828,452.5445251464844,-17.550621032714844,-179.87472534179688
125,25.0,-0.000971537482048654,-0.0011869273418188405,-1.391958128526237e-05,-4.5667919063940195e-05,20.000039388932258,450.7589111328125,-17.554515838623047,-179.87503051757812
126,25.2,-0.001384971750868866,-0.0016920199880364937,-0.0006481694134795057,-0.0021265401385201013,20.00002721149781,448.9732666015625,-17.557756423950195,-179.9003143310547
127,25.4,-0.004142926296450012,-0.00506141305637298,-0.0008802322172245837,-0.0028879010675591033,20.000011559985182,447.1876525878906,-17.55967903137207,-179.94622802734375
128,25.6,-0.003082092963762526,-0.003765392973828678,-0.0004730213975192622,-0.0015519075218370963,19.999916433248135,445.4020080566406,-17.55821990966797,179.9316864013672
129,25.8,-0.0004997289819165843,-0.0006105188972074911,0.00028572542712882907,0.0009374194103413476,19.999968686395853,443.61639404296875,-17.552932739257812,179.80841064453125
130,26.0,0.0007567623500441972,0.0009245365630489957,-0.00031159877311966356,-0.001022305718801917,20.000076458723374,441.8307800292969,-17.545833587646484,179.76138305664062
131,26.2,0.0006049065189725703,0.0007390142942287892,-0.0008405034448054672,-0.002757557321855569,20.000125332121705,440.0451354980469,-17.538799285888672,179.77392578125
132,26.4,8.750728834851783e-05,0.00010690765417538424,-0.0007649347164381971,-0.0025096284150790942,20.000104380971333,438.259521484375,-17.532371520996094,179.7969970703125
133,26.6,-0.00018802614282293785,-0.00022971153868678318,-0.00036878455893346834,-0.0012099231323312802,20.000041470727595,436.4739074707031,-17.526264190673828,179.80593872070312
134,26.8,-0.00019402550977483886,-0.00023704096529192064,-2.0336719623987275e-05,-6.672152321116241e-05,19.999991779475003,434.6882629394531,-17.520109176635742,179.8023223876953
135,27.0,-9.797124198947867e-05,-0.00011969146633854608,0.00013818108535364627,0.00045335003207165684,19.999989463926223,432.90264892578125,-17.513765335083008,179.79541015625
136,27.2,-5.6798501694210454e-05,-6.939072951981691e-05,0.00014881411597893884,0.0004882353042683417,20.000020742931937,431.1170349121094,-17.50727081298828,179.79078674316406
137,27.4,4.905684247912732e-05,5.993274445674985e-05,7.066712436425409e-05,0.0002318475282992194,20.000059449209495,429.3313903808594,-17.500688552856445,179.78817749023438
138,27.6,6.468494637054105e-05,7.902559898089e-05,-1.3024076434105507e-05,-4.272991092807071e-05,20.000064711741736,427.5457763671875,-17.494102478027344,179.7887725830078
139,27.8,1.7914310858205572e-05,2.1885913575469748e-05,-3.10504379459805e-05,-0.00010187151883069066,20.000061718819563,425.7601318359375,-17.487579345703125,179.79098510742188
140,28.0,-1.4091024613900906e-05,-1.7215004770802738e-05,-1.0778609277983559e-05,-3.536289246357958e-05,20.00003793270779,423.9745178222656,-17.481096267700195,179.7921142578125
141,28.2,-1.4060216731629782e-05,-1.7177366781032106e-05,5.538655012969022e-06,1.8171440912749287e-05,20.00001963287311,422.18890380859375,-17.474609375,179.7919464111328
142,28.4,-5.890321247529475e-06,-7.19620546810676e-06,1.5199491115648828e-05,4.98670984318653e-05,20.000020224125336,420.40325927734375,-17.46811294555664,179.79144287109375
143,28.6,1.9709128383304185e-06,2.4078642145882723e-06,3.790515563749288e-06,1.2436075082171214e-05,20.000037476501607,418.6176452636719,-17.46160125732422,179.7911376953125
144,28.8,4.010494830779016e-06,4.899621534762724e-06,-3.7285834058285727e-06,-1.2232885581178614e-05,20.000043719039844,416.83203125,-17.455087661743164,179.7911376953125
145,29.0,1.0139663408974416e-05,1.2387626786744045e-05,-1.0045236873842348e-05,-3.295681494517693e-05,20.000043529729048,415.04638671875,-17.448577880859375,179.7911376953125
146,29.2,-4.447212656205238e-06,-5.43315970208594e-06,-3.085090849081623e-06,-1.0121689461300953e-05,20.000028068101035,413.2607727050781,-17.442081451416016,179.7915496826172
147,29.4,-8.475330214076709e-06,-1.0354310922537516e-05,7.727685121577867e-06,2.535329845427753e-05,20.000028428603777,411.47515869140625,-17.435588836669922,179.7915496826172
148,29.6,-2.0294372233503955e-06,-2.479363455767178e-06,7.145808718812905e-06,2.344425507703013e-05,20.000037378492664,409.68951416015625,-17.42908477783203,179.79127502441406
149,29.8,5.2590113045823e-06,6.424934110808196e-06,-2.9835884845069084e-06,-9.788676443509646e-06,20.000037400181572,407.9039001464844,-17.422571182250977,179.79112243652344
150,30.0,3.1801992608202687e-06,3.885249436944122e-06,-5.432713395443615e-06,-1.782386341630723e-05,20.000032825095058,406.1182861328125,-17.41606330871582,179.79124450683594
151,30.2,-1.9753230804991983e-06,-2.4132522074458707e-06,1.1402805105834631e-06,3.741077910342649e-06,20.000034844481206,404.3326416015625,-17.409568786621094,179.7913818359375
152,30.4,-3.899510190981539e-06,-4.764031600322146e-06,1.2272654660982346e-05,4.026461631793732e-05,20.000032853588305,402.5470275878906,-17.403074264526367,179.7913818359375
153,30.6,1.53983075829521e-07,1.881211237409258e-07,5.9092053991904e-06,1.938715744187983e-05,20.000018113359147,400.7613830566406,-17.396564483642578,179.79124450683594
154,30.8,4.459444652213114e-06,5.4481035316087615e-06,-4.234032675171258e-06,-1.389118376200887e-05,20.00002232885094,398.97576904296875,-17.390050888061523,179.79124450683594
155,31.0,6.250489555480616e-07,7.636223089930668e-07,-2.9737805690571717e-06,-9.75649824218553e-06,20.000041285505592,397.1901550292969,-17.383548736572266,179.79135131835938
156,31.2,-4.656045374597586e-06,-5.688290634145871e-06,7.904202875011479e-06,2.593242496045266e-05,20.000049835746296,395.4045104980469,-17.377056121826172,179.79135131835938
157,31.4,-1.8970674478312711e-06,-2.317647301015464e-06,3.752855826409619e-06,1.2312519509517734e-05,20.000037301502104,393.618896484375,-17.370548248291016,179.79135131835938
158,31.6,3.6849996569478115e-06,4.501964080893142e-06,-3.038873578184746e-06,-9.970057990251642e-06,20.000028820727767,391.8332824707031,-17.364036560058594,179.79119873046875
159,31.8,5.239914624762789e-06,6.401603697072699e-06,-1.1196634938990591e-05,-3.6734367773237894e-05,20.000034997598664,390.0476379394531,-17.357526779174805,179.79119873046875
160,32.0,-1.7745682340908846e-06,-2.1679900115888337e-06,-2.2625221931355747e-06,-7.422973312126919e-06,20.00003901425288,388.26202392578125,-17.351030349731445,179.79144287109375
161,32.2,-4.711693324766306e-06,-5.7562757348669955e-06,8.605887381056727e-06,2.8234539555266152e-05,20.000037037686944,386.4764099121094,-17.34453773498535,179.79144287109375
162,32.4,-1.2677534257028428e-06,-1.548814360181163e-06,5.368340527315066e-06,1.761266633563636e-05,20.000028743562236,384.6907653808594,-17.338031768798828,179.79132080078125
163,32.6,1.1412923201039718e-07,1.3943168274710224e-07,5.613595262707848e-07,1.8417307881702415e-06,20.000020229196235,382.9051513671875,-17.331520080566406,179.79132080078125
164,32.8,5.134782258893746e-06,6.27316348569049e-06,-1.1284787502938154e-05,-3.702358223113961e-05,20.00002448316047,381.1195373535156,-17.32500648498535,179.79132080078125
165,33.0,3.9161611128077715e-06,4.784374031517255e-06,-1.0491395599213603e-05,-3.4420590337723955e-05,20.00003699828314,379.3338928222656,-17.318504333496094,179.79132080078125
166,33.2,-4.1585372100988294e-06,-5.08048490957774e-06,-2.9101171109945784e-07,-9.547628622435452e-07,20.000038968203192,377.54827880859375,-17.312009811401367,179.79150390625
167,33.4,-6.9088781543171005e-06,-8.440576441129202e-06,8.741539435122483e-06,2.8679592240327246e-05,20.000034975385535,375.76263427734375,-17.30551528930664,179.79150390625
168,33.6,1.3012405968067343e-06,1.5897256371187874e-06,2.313739175760493e-06,7.591008037402056e-06,20.000037445418023,373.9770202636719,-17.29900550842285,179.79122924804688
169,33.8,3.487454839950951e-06,4.260623577968077e-06,-7.94384263403899e-06,-2.6062476667460476e-05,20.000033031535533,372.19140625,-17.292491912841797,179.79122924804688
170,34.0,5.259869060318899e-06,6.425982030991599e-06,-1.462494643244736e-05,-4.79821092534306e-05,20.000030727998226,370.40576171875,-17.285982131958008,179.79122924804688
171,34.2,-1.4219517427645e-06,-1.7371984441353895e-06,-2.616766257779006e-06,-8.585191409171673e-06,20.000028336908557,368.6201477050781,-17.27948760986328,179.79144287109375
172,34.4,-3.211433306914202e-06,-3.9234080710570804e-06,2.7661261063783443e-06,9.075217174850327e-06,20.000034873690183,366.83453369140625,-17.272993087768555,179.79144287109375
173,34.6,-8.652268281512868e-06,-1.057047615952427e-05,9.596400544046018e-06,3.1484254760927935e-05,20.000032898170115,365.04888916015625,-17.266494750976562,179.79144287109375
174,34.8,4.5150728437783725e-06,5.516064493244037e-06,2.3747184273877585e-06,7.791071205310854e-06,20.000035485815697,363.2632751464844,-17.25998306274414,179.79110717773438
175,35.0,8.240983571740915e-06,1.0068009629595877e-05,-7.793080994885357e-06,-2.5567851851259674e-05,20.00003513595668,361.4776611328125,-17.253469467163086,179.79110717773438
176,35.2,2.484342212448286e-07,3.0351208809480713e-07,-4.560405845315603e-06,-1.4961961913545244e-05,20.000034735105114,359.6920166015625,-17.24696922302246,179.7913818359375
177,35.4,-4.87688527347445e-06,-5.958090738603736e-06,2.4616438611845584e-06,8.076259645528746e-06,20.00004334616312,357.9064025878906,-17.2404727935791,179.79148864746094
178,35.6,-3.527954634534303e-06,-4.3101021770105585e-06,9.304549268902298e-06,3.0526737423385415e-05,20.00003294676642,356.1207580566406,-17.233976364135742,179.79136657714844
179,35.8,1.5405289238397168e-06,1.882064186254982e-06,1.534367182963155e-06,5.034013228552838e-06,20.000016022518846,354.33514404296875,-17.227462768554688,179.79122924804688
180,36.0,4.246207470506958e-06,5.187591666718351e-06,-1.1478125319245094e-05,-3.7657892672392076e-05,20.000022301769373,352.5495300292969,-17.220949172973633,179.79122924804688
181,36.2,7.153532108060711e-07,8.739470176417772e-07,-4.991902975239482e-06,-1.6377634957284704e-05,20.00004341950132,350.7638854980469,-17.214448928833008,179.79135131835938
182,36.4,-2.417781790109178e-06,-2.953804012976383e-06,2.2353098846788523e-06,7.333694082049766e-06,20.000051960307708,348.978271484375,-17.20795440673828,179.79135131835938
183,36.6,-4.460238598062221e-06,-5.449073495252615e-06,6.99418612310973e-06,2.2946805600143327e-05,20.000039300553095,347.1926574707031,-17.20145606994629,179.79135131835938
184,36.8,2.273556845687727e-06,2.7776043983766963e-06,-1.5832378762615368e-08,-5.1943501539539005e-08,20.00003312301406,345.4070129394531,-17.194944381713867,179.79122924804688
185,37.0,5.8236857690997154e-06,7.114796904109122e-06,-1.2132483444928172e-05,-3.980473698545814e-05,20.00002014716014,343.62139892578125,-17.18842887878418,179.79122924804688
186,37.2,3.6378128370776717e-07,4.4443159430577913e-07,-4.939702156720762e-06,-1.6206372423855742e-05,20.00002198404044,341.8357849121094,-17.18193244934082,179.7913818359375
187,37.4,-2.8627897112656236e-06,-3.4974701902532125e-06,5.9539057517510015e-06,1.9533812146574754e-05,20.000034828922626,340.0501403808594,-17.175437927246094,179.7913818359375
188,37.6,-5.002053263401645e-06,-6.111008471897789e-06,1.2424342776112861e-05,4.076228075358212e-05,20.000034988100197,338.2645263671875,-17.168943405151367,179.7913818359375
189,37.8,-4.854958761310748e-07,-5.931303118693341e-07,8.170513476966294e-06,2.6806147435770095e-05,20.000035237145138,336.4789123535156,-17.162433624267578,179.79124450683594
190,38.0,1.3976444197725303e-06,1.7075021876361003e-06,-1.6763695160227493e-06,-5.499900162948077e-06,20.00002881097835,334.6932678222656,-17.155920028686523,179.79124450683594
191,38.2,3.7201154398507607e-06,4.544865032865674e-06,-1.286089733606088e-05,-4.219454641604198e-05,20.000028734605138,332.90765380859375,-17.14940643310547,179.79124450683594
192,38.4,9.022965134105933e-06,1.1023356504337218e-05,-1.3659966802589008e-05,-4.481616548460612e-05,20.00003921009152,331.12200927734375,-17.142900466918945,179.79124450683594
193,38.6,-3.7212719786683607e-06,-4.5462779763391365e-06,-4.206587540909242e-06,-1.3801140667716679e-05,20.00003447559744,329.3363952636719,-17.13640594482422,179.79156494140625
194,38.8,-7.719794100380281e-06,-9.431272452434589e-06,3.5743923347195117e-06,1.1727009347441163e-05,20.000034783647237,327.55072021484375,-17.129911422729492,179.79156494140625
195,39.0,-3.6683374381751496e-06,-4.48160784821858e-06,7.38673598341458e-06,2.423469888382589e-05,20.00002663173223,325.76495361328125,-17.123411178588867,179.79135131835938
196,39.2,4.303030023175863e-06,5.257011779313952e-06,-5.436933468396161e-07,-1.783770880045286e-06,20.00002888719133,323.97918701171875,-17.116897583007812,179.79115295410156
197,39.4,5.0937381109125836e-06,6.223019850101903e-06,-5.944537774798565e-06,-1.9503077313070127e-05,20.000035013986583,322.1933898925781,-17.110387802124023,179.79115295410156
198,39.6,-1.4025784205417536e-06,-1.7135300563758602e-06,-9.7217790136629e-07,-3.189560145918579e-06,20.000047583466092,320.4076232910156,-17.103891372680664,179.7913818359375
199,39.8,-3.487885856612099e-06,-4.261150151023001e-06,1.0937038270078872e-05,3.588267263800557e-05,20.00004558413662,318.621826171875,-17.097396850585938,179.7913818359375
200,40.0,-3.979705162855927e-06,-4.862005797461086e-06,1.244233022466585e-05,4.0821294694292705e-05,20.000032958393195,316.8360595703125,-17.09089469909668,179.7913818359375
201,40.2,9.034333734113865e-07,1.103724552296691e-06,3.065230429121109e-06,1.0056530601077698e-05,20.00002461050919,315.0502624511719,-17.084381103515625,179.79119873046875
202,40.4,6.048991631522522e-06,7.390053076231065e-06,-5.870785722177259e-06,-1.9261108628748036e-05,20.000022386636264,313.2644958496094,-17.07786750793457,179.79119873046875
203,40.6,1.8551917352969761e-06,2.2664877430123158e-06,-5.023742840531108e-06,-1.648209646092808e-05,20.00003272825927,311.47869873046875,-17.07136344909668,179.79132080078125
204,40.8,-5.0248919648093925e-06,-6.138910513407635e-06,5.086850147060563e-06,1.6689141436482178e-05,20.00004122581448,309.69293212890625,-17.064870834350586,179.79144287109375
205,41.0,-2.0296094684039823e-06,-2.479573887549145e-06,6.738743521674319e-06,2.2108739295649973e-05,20.0000329910603,307.9071350097656,-17.058366775512695,179.79132080078125
206,41.2,8.760791377505254e-07,1.0703058825898169e-06,-2.9591865924341815e-06,-9.70861773992176e-06,20.000026644425777,306.1213684082031,-17.05185317993164,179.79132080078125
207,41.4,3.185096487709138e-06,3.891232379034254e-06,-1.2412439431563026e-05,-4.072322778464924e-05,20.000030845314253,304.3355712890625,-17.045339584350586,179.79132080078125
208,41.6,2.497437570318488e-06,3.0511194796580967e-06,-1.2597497956538459e-05,-4.1330375195729634e-05,20.000039213186305,302.5498046875,-17.038835525512695,179.79132080078125
209,41.8,-1.297029245124774e-07,-1.5845806287689365e-07,-1.851107748728105e-06,-6.073188346337116e-06,20.00004124197949,300.7640075683594,-17.0323429107666,179.79132080078125
210,42.0,-8.758441176865598e-06,-1.0700187585776701e-05,9.238542219438574e-06,3.031017885522285e-05,20.00003487532822,298.9782409667969,-17.025848388671875,179.79144287109375
211,42.2,1.2003148784198142e-06,1.4664246869654871e-06,4.52722719238496e-06,1.4853108061864273e-05,20.000024696921443,297.19244384765625,-17.019338607788086,179.79119873046875
212,42.4,5.168289039377502e-06,6.314098719407494e-06,-5.088800108439019e-06,-1.669553894777107e-05,20.00002453071543,295.40667724609375,-17.01282501220703,179.79119873046875
213,42.6,5.416051679483336e-06,6.616790336824792e-06,-7.035047654358828e-06,-2.3080865746326617e-05,20.00002853113142,293.6208801269531,-17.006319046020508,179.79119873046875
214,42.8,-4.379678729139729e-06,-5.350653503390007e-06,2.3562955437868337e-06,7.730628671877596e-06,20.000030419399973,291.8351135253906,-16.99982452392578,179.79148864746094
215,43.0,-7.436314506747725e-06,-9.084945432893696e-06,1.196048904589784e-05,3.924045088134347e-05,20.000034988555413,290.04931640625,-16.993330001831055,179.79148864746094
216,43.2,3.8174796218699815e-07,4.6638148540385563e-07,5.7417987023519485e-06,1.8837922854624366e-05,20.00003321801885,288.2635498046875,-16.986820220947266,179.79119873046875
217,43.4,2.699932454177403e-06,3.298507479268533e-06,-1.4686859593150865e-06,-4.818523642759309e-06,20.000030982334582,286.4777526855469,-16.98030662536621,179.79119873046875
218,43.6,4.657663383315956e-06,5.690267355397104e-06,-1.1198319237556119e-05,-3.673989368734362e-05,20.00003511364089,284.6919860839844,-16.973793029785156,179.79119873046875
219,43.8,1.384175974161974e-06,1.6910477876336836e-06,-9.286999807853538e-06,-3.04691604495982e-05,20.000047683003427,282.9062194824219,-16.9672908782959,179.79135131835938
220,44.0,-8.077766921936784e-07,-9.868607848530169e-07,2.1076854227457947e-07,6.914978642361313e-07,20.000047655279637,281.12042236328125,-16.960796356201172,179.79135131835938
221,44.2,-4.758725637299226e-06,-5.813735111088464e-06,9.597390101054402e-06,3.148750133914332e-05,20.000032777340124,279.33465576171875,-16.954301834106445,179.79135131835938
222,44.4,-3.523143596596862e-06,-4.3042245319623865e-06,7.671777680007957e-06,2.5169875083677307e-05,20.000020235087263,277.5488586425781,-16.947795867919922,179.79135131835938
223,44.6,3.858686005493562e-06,4.714156692911484e-06,-1.7112938809397092e-08,-5.614481416342235e-08,20.0000203807048,275.7630920410156,-16.9412841796875,179.79112243652344
224,44.8,6.550137152417401e-06,8.002302559108339e-06,-9.650331316247377e-06,-3.166119299559704e-05,20.000030796499704,273.977294921875,-16.934770584106445,179.79112243652344
225,45.0,-1.4539180377621516e-06,-1.7762516667340206e-06,-9.493606529988735e-08,-3.114700404784824e-07,20.000041143488424,272.1915283203125,-16.928274154663086,179.79139709472656
226,45.2,-3.706538313419896e-06,-4.5282778575050865e-06,9.375850756974252e-06,3.0760666197511406e-05,20.00004342996706,270.4057312011719,-16.92177963256836,179.79139709472656
227,45.4,-3.8277564235916585e-06,-4.676370022701929e-06,1.1271256704258308e-05,3.697918984559883e-05,20.000032947829016,268.6199645996094,-16.9152774810791,179.79139709472656
228,45.6,1.449290898992711e-06,1.770598691299395e-06,3.6030012103139934e-06,1.1820870490846562e-05,20.000018189623972,266.83416748046875,-16.90876579284668,179.79119873046875
229,45.8,6.467945631032029e-06,7.90188917743183e-06,-6.083737057653669e-06,-1.9959767888232462e-05,20.00002446955753,265.04840087890625,-16.902252197265625,179.79119873046875
230,46.0,-1.3329747875352004e-06,-1.6284952979317544e-06,-2.2714280420799496e-06,-7.452191977577582e-06,20.000043326815888,263.2626037597656,-16.895751953125,179.7913818359375
231,46.2,-4.953726055960849e-06,-6.051967122567369e-06,7.612696623643476e-06,2.497603959071446e-05,20.000045610076807,261.4768371582031,-16.889257431030273,179.7913818359375
232,46.4,-3.943667088041477e-08,-4.817978081460273e-08,5.256284434413338e-06,1.7245028223800655e-05,20.000035200576797,259.6910400390625,-16.882749557495117,179.79124450683594
233,46.6,3.0415157964420887e-06,3.7158198485133e-06,-4.331629268849501e-06,-1.4211382570412197e-05,20.000028745475237,257.9052734375,-16.876235961914062,179.79124450683594
234,46.8,3.882688090741008e-06,4.74348004045829e-06,-8.135591013526899e-06,-2.669157242081959e-05,20.00002858295616,256.1194763183594,-16.869728088378906,179.79124450683594
235,47.0,-1.762358162884024e-06,-2.153072967595412e-06,1.3006514798406463e-06,4.267229401120386e-06,20.00003266575353,254.33370971679688,-16.86323356628418,179.79139709472656
236,47.2,-4.2849299547250605e-06,-5.234898925687607e-06,1.2699803775353263e-05,4.166602421833e-05,20.000032806708155,252.5479278564453,-16.856740951538086,179.79139709472656
237,47.4,-1.1270751357332242e-06,-1.3769476933252801e-06,8.840268211012837e-06,2.9003505557419357e-05,20.000030890251224,250.76214599609375,-16.85023307800293,179.791259765625
238,47.6,1.1733615969198097e-06,1.4334958629569314e-06,-7.412753007733468e-07,-2.432005657789227e-06,20.000024506238603,248.9763641357422,-16.843719482421875,179.791259765625
239,47.8,5.54170466289768e-06,6.770300586662095e-06,-9.626814531754103e-06,-3.1584038188360136e-05,20.000028701299396,247.19058227539062,-16.83720588684082,179.791259765625
240,48.0,-3.0808946126304836e-07,-3.7639289482506617e-07,-2.7383384820093074e-06,-8.984050425315417e-06,20.000043337823833,245.40480041503906,-16.830707550048828,179.7913818359375
241,48.2,-3.785397265268429e-06,-4.62461983897844e-06,6.745102666452871e-06,2.2129602632205237e-05,20.00004555082769,243.6190185546875,-16.8242130279541,179.7913818359375
242,48.4,-4.645913066931702e-06,-5.67591199387046e-06,1.0470135117973233e-05,3.4350838100451305e-05,20.000030820511224,241.83323669433594,-16.817712783813477,179.7913818359375
243,48.6,3.289860180762561e-06,4.0192221828376205e-06,9.452715919385261e-07,3.101284849695594e-06,20.00002677315506,240.04745483398438,-16.811199188232422,179.79115295410156
244,48.8,5.142721573634057e-06,6.282862946508727e-06,-8.69537464662706e-06,-2.852813295563992e-05,20.000032941180923,238.2616729736328,-16.804685592651367,179.79115295410156
245,49.0,-5.506134155600253e-07,-6.726844097896829e-07,-3.5479205286403047e-06,-1.1640159587184258e-05,20.000028427967,236.47589111328125,-16.798187255859375,179.79136657714844
246,49.2,-2.5897177969806703e-06,-3.1638582325712848e-06,8.38092199695285e-06,2.7496464124482786e-05,20.000034915704564,234.6901092529297,-16.79169273376465,179.79136657714844
247,49.4,-3.1394691625434008e-06,-3.835489475879273e-06,1.2150730362538945e-05,3.986460220263227e-05,20.000032915743887,232.90432739257812,-16.785192489624023,179.79136657714844
248,49.6,-8.612826803587105e-09,-1.0522290505942366e-08,4.476522833234825e-06,1.4686755172190143e-05,20.000033063968388,231.11854553222656,-16.7786808013916,179.79124450683594
249,49.8,4.141790676749256e-06,5.0600256697845665e-06,-5.121352526905529e-06,-1.6802338224372733e-05,20.000035165653255,229.332763671875,-16.772167205810547,179.79124450683594
250,50.0,4.5282789697103716e-06,5.532198417295161e-06,-7.102414533269406e-06,-2.3301885697331597e-05,20.00003280482698,227.54698181152344,-16.765661239624023,179.79124450683594
251,50.2,-4.100521200900844e-06,-5.009606751140561e-06,2.4301682773029964e-06,7.972993290906763e-06,20.00003259586505,225.76119995117188,-16.759166717529297,179.79144287109375
252,50.4,-6.652297806874406e-06,-8.127112230658462e-06,1.1818509765601287e-05,3.8774639579375326e-05,20.000032874497396,223.9754180908203,-16.75267219543457,179.79144287109375
253,50.6,8.595530777793153e-07,1.0501159951229896e-06,6.103966999166646e-06,2.00261390895459e-05,20.000033198358874,222.18963623046875,-16.74616050720215,179.79119873046875
254,50.8,3.2520947906027657e-06,3.973084205679399e-06,-3.533150332282438e-06,-1.1591700936165514e-05,20.000028811282082,220.40386962890625,-16.739646911621094,179.79119873046875
255,51.0,4.789378161803787e-06,5.851183300275686e-06,-1.1207357861586775e-05,-3.6769547966608354e-05,20.000035048343854,218.6180877685547,-16.733135223388672,179.79119873046875
256,51.2,1.0603706931932035e-07,1.2954548758741368e-07,-5.5048802609703774e-06,-1.8060631355402054e-05,20.000039082144635,216.83230590820312,-16.72663688659668,179.7913818359375
257,51.4,-4.560034692555641e-06,-5.570994383895227e-06,5.844650676157994e-06,1.9175363724366193e-05,20.00003699403644,215.04652404785156,-16.720144271850586,179.7913818359375
258,51.6,-4.04594027731533e-06,-4.942925236796139e-06,5.786837288447588e-06,1.8985687249430384e-05,20.00002444721127,213.2607421875,-16.713640213012695,179.7913818359375
259,51.8,4.094861384466604e-06,5.002692153402851e-06,-1.862516381031078e-06,-6.110618243542002e-06,20.0000224887858,211.47496032714844,-16.707128524780273,179.79115295410156
260,52.0,5.880121711240651e-06,7.183744694622703e-06,-7.445406108095741e-06,-2.442718617568483e-05,20.000035017932003,209.68917846679688,-16.700618743896484,179.79115295410156
261,52.2,-3.1399362472439485e-06,-3.836060113257932e-06,1.8743324578280072e-06,6.149384900940439e-06,20.000045406203913,207.9033966064453,-16.694122314453125,179.79144287109375
262,52.4,-5.6032523055685136e-06,-6.845493341713053e-06,1.1311054912888432e-05,3.7109761400400885e-05,20.00004351388822,206.11761474609375,-16.6876277923584,179.79144287109375
263,52.6,1.3375026159768215e-07,1.6340269459388828e-07,5.5441833660661594e-06,1.81895785547245e-05,20.000028853866407,204.3318328857422,-16.68111801147461,179.79124450683594
264,52.8,2.392672802069916e-06,2.9231283622888164e-06,-4.037360145719808e-06,-1.3245932660483375e-05,20.000024518446367,202.54605102539062,-16.674604415893555,179.79124450683594
265,53.0,3.871030562140989e-06,4.729238037767646e-06,-1.3618903657505559e-05,-4.468144387569054e-05,20.000028661623244,200.76026916503906,-16.6680908203125,179.79124450683594
266,53.2,1.9983589685529033e-06,2.441395151881082e-06,-7.941759309437833e-06,-2.605564161277602e-05,20.00004127146133,198.9744873046875,-16.661592483520508,179.79136657714844
267,53.4,-2.7272160760025405e-06,-3.3318398800523037e-06,2.2278252303255253e-06,7.309138128661196e-06,20.000047599325374,197.18870544433594,-16.65509796142578,179.79136657714844
268,53.6,-6.2957873544821655e-06,-7.691563410970862e-06,1.2908023954296072e-05,4.234916131021272e-05,20.00003710486041,195.40292358398438,-16.648603439331055,179.79136657714844
269,53.8,-3.7919850095596135e-07,-4.63266808617898e-07,7.173901108541809e-06,2.3536421712948307e-05,20.00002249313083,193.6171417236328,-16.642093658447266,179.79122924804688
270,54.0,5.201724091192439e-06,6.354946322209803e-06,-2.45477957916564e-06,-8.053739034509798e-06,20.00002031341427,191.83135986328125,-16.63558006286621,179.79112243652344
271,54.2,3.467711724899274e-06,4.236503414309443e-06,-6.314315143506283e-06,-2.0716257695421154e-05,20.000028557831378,190.0455780029297,-16.629072189331055,179.79124450683594
272,54.4,-1.9867576813410937e-06,-2.4272218592944143e-06,1.2701651870431277e-06,4.167208752258575e-06,20.00004762434403,188.25979614257812,-16.622575759887695,179.7913818359375
273,54.6,-4.547733245035329e-06,-5.555965705459661e-06,1.214173722778383e-05,3.98350971664023e-05,20.000049903435052,186.47401428222656,-16.6160831451416,179.7913818359375
274,54.8,-7.331418957707771e-08,-8.956794540631584e-08,6.923769896641924e-06,2.2715781227698687e-05,20.000030932401543,184.688232421875,-16.60957145690918,179.79124450683594
275,55.0,1.901674625000346e-06,2.3232758893629226e-06,-2.7619482319859827e-06,-9.061510237428892e-06,20.000020220876053,182.90245056152344,-16.603057861328125,179.79124450683594
276,55.2,6.214155740545356e-06,7.5918340682242615e-06,-8.479197661523906e-06,-2.7818890855834092e-05,20.00002438755986,181.11666870117188,-16.596548080444336,179.79124450683594
277,55.4,-2.6203493906528624e-06,-3.201280850560602e-06,-8.778821194671375e-07,-2.8801907728325635e-06,20.000034726070794,179.3308868408203,-16.590051651000977,179.79144287109375
278,55.6,-6.021072388004377e-06,-7.355944136424947e-06,8.519179881378907e-06,2.7950066122023176e-05,20.000041342782808,177.5451202392578,-16.58355712890625,179.79144287109375
279,55.8,8.455433526085389e-07,1.033000313881852e-06,2.752308334556309e-06,9.02988327634572e-06,20.000037379100057,175.75933837890625,-16.57704734802246,179.79124450683594
280,56.0,3.1454434191153143e-06,3.84278822513318e-06,-6.829235177229387e-06,-2.2405627938861265e-05,20.000032998195312,173.9735565185547,-16.570533752441406,179.79124450683594
281,56.2,3.960102518156906e-06,4.838057246432292e-06,-1.0943283954645082e-05,-3.590316372975777e-05,20.000030706422503,172.18777465820312,-16.56402587890625,179.79124450683594
282,56.4,-2.9305949718677073e-06,-3.580307877130778e-06,2.6177175364242716e-06,8.588312402202207e-06,20.00003051974964,170.40199279785156,-16.557533264160156,179.79144287109375
283,56.6,-4.448988386606619e-06,-5.435329111917307e-06,1.0202197866973628e-05,3.3471778849881756e-05,20.00002646009709,168.6162109375,-16.551036834716797,179.79144287109375
284,56.8,4.85667509386525e-07,5.933399962175176e-07,4.4605980944923025e-06,1.4634508652334126e-05,20.000026672790526,166.83042907714844,-16.544527053833008,179.79124450683594
285,57.0,4.7907768075510155e-06,5.8528920257850755e-06,-5.170566777800995e-06,-1.6963802307280616e-05,20.000035130977217,165.04464721679688,-16.538013458251953,179.79124450683594
286,57.2,7.805776909927058e-07,9.536317650857888e-07,-3.394892447857248e-06,-1.1138098938627974e-05,20.000047673509098,163.25888061523438,-16.531511306762695,179.79135131835938
287,57.4,-4.5393744041522e-06,-5.545753709552742e-06,8.004259847655586e-06,2.6260695878582353e-05,20.000043418409327,161.4730987548828,-16.5250186920166,179.79135131835938
288,57.6,-2.7354624275835363e-06,-3.3419144477788063e-06,4.367557968196624e-06,1.4329258884378212e-05,20.00002874495898,159.68731689453125,-16.518510818481445,179.79135131835938
289,57.8,3.209773800604859e-06,3.921380652198956e-06,-1.622147263507411e-06,-5.3220056280056545e-06,20.000022445801065,157.9015350341797,-16.511999130249023,179.79119873046875
290,58.0,5.166129902296763e-06,6.311460901635955e-06,-9.29094335072535e-06,-3.0482098582793754e-05,20.000028639890303,156.11575317382812,-16.5054874420166,179.79119873046875
291,58.2,-1.1735441921701779e-06,-1.4337189395743065e-06,-1.7674482819256439e-06,-5.7987150212729295e-06,20.000039056702335,154.32997131347656,-16.498991012573242,179.7913818359375
292,58.4,-3.3022452715475165e-06,-4.034353048249601e-06,7.130067195901778e-06,2.339260965900239e-05,20.00004344431597,152.544189453125,-16.492496490478516,179.7913818359375
293,58.6,-3.453744952389726e-06,-4.219440208334528e-06,1.1494176396691438e-05,3.771055368932114e-05,20.000032944550387,150.75840759277344,-16.485994338989258,179.7913818359375
294,58.8,1.4894567882226418e-06,1.8196693581716014e-06,3.819968867387318e-06,1.2532706658879009e-05,20.00001390380014,148.97262573242188,-16.479482650756836,179.79119873046875
295,59.0,5.96050806777662e-06,7.2819527064026965e-06,-5.761574644398432e-06,-1.8902804556328152e-05,20.00001805181053,147.1868438720703,-16.47296905517578,179.79119873046875
296,59.2,-6.103121874019861e-07,-7.456183993490064e-07,-2.0062155908463167e-06,-6.58207235907223e-06,20.000034805086067,145.40106201171875,-16.466468811035156,179.7913818359375
297,59.4,-4.0418502296681e-06,-4.937928425585517e-06,7.4444762145551e-06,2.4424135343760954e-05,20.000047706847017,143.6152801513672,-16.45997428894043,179.7913818359375
298,59.6,-3.666873548965627e-06,-4.479819414771307e-06,7.3996126151779345e-06,2.4276945052380373e-05,20.00004578851082,141.82949829101562,-16.45347023010254,179.7913818359375
299,59.8,3.0770033402746942e-06,3.759174980813594e-06,-2.7459491412613153e-07,-9.009019780615774e-07,20.000035282771524,140.04371643066406,-16.446958541870117,179.79115295410156
300,60.0,5.952214161661847e-06,7.271820041302279e-06,-1.2084693663414999e-05,-3.964794635867846e-05,20.0000286735527,138.2579345703125,-16.44044303894043,179.79115295410156
301,60.2,-5.630626244738447e-07,-6.878936083196961e-07,-2.271658095362797e-06,-7.452946745590079e-06,20.00002624523936,136.47215270996094,-16.43394660949707,179.7913818359375
302,60.4,-2.6051869466904847e-06,-3.1827568927717653e-06,7.22015821766819e-06,2.3688183886854505e-05,20.000024210324042,134.68637084960938,-16.427452087402344,179.7913818359375
303,60.6,-3.939524746086094e-06,-4.8129173822933816e-06,1.4831853914835415e-05,4.8660939597948625e-05,20.00003287592384,132.9005889892578,-16.420955657958984,179.7913818359375
304,60.8,-2.2249445854694366e-06,-2.718214800068011e-06,9.015361007891787e-06,2.9577957009131692e-05,20.000039469541836,131.11480712890625,-16.414445877075195,179.79124450683594
305,61.0,5.316827171594149e-06,6.495567755536572e-06,-5.911234687325066e-07,-1.939381521156357e-06,20.000031020854088,129.3290252685547,-16.40793228149414,179.79112243652344
306,61.2,3.5522745907017878e-06,4.339813867460374e-06,-6.371472646303413e-06,-2.090378231689809e-05,20.000024302583633,127.54325103759766,-16.40142250061035,179.79124450683594
307,61.4,-2.9810898627247997e-06,-3.6419974852908877e-06,3.2539424451265416e-06,1.0675664531668962e-05,20.000028433577537,125.7574691772461,-16.394927978515625,179.7913818359375
308,61.6,-4.4419048625675754e-06,-5.426675170598807e-06,1.0682287856872538e-05,3.50468772923417e-05,20.00003716925831,123.97168731689453,-16.388429641723633,179.7913818359375
309,61.8,1.081719035947153e-06,1.3215361462166367e-06,3.008080327568472e-06,9.869030261899747e-06,20.000043781120496,122.18590545654297,-16.38191795349121,179.79122924804688
310,62.0,3.4235010619527823e-06,4.182491247387714e-06,-6.5734631842172785e-06,-2.1566480953307416e-05,20.000041539191166,120.4001235961914,-16.375404357910156,179.79122924804688
311,62.2,3.632758625008862e-06,4.4381412121733266e-06,-8.516033282509206e-06,-2.7939742634587504e-05,20.000039232635782,118.61434173583984,-16.368898391723633,179.79122924804688
312,62.4,-1.8708524732582724e-06,-2.2856204665796315e-06,9.383666371228123e-07,3.078630797738008e-06,20.000032666632787,116.82855987548828,-16.362403869628906,179.79139709472656
313,62.6,-8.256119408148537e-06,-1.0086501080935067e-05,1.0430182950153799e-05,3.421976143018259e-05,20.00002427691392,115.04277801513672,-16.35590934753418,179.79139709472656
314,62.8,3.037290657577841e-07,3.710657996362848e-07,5.2968150940765554e-06,1.7378002833250126e-05,20.00003111723746,113.25699615478516,-16.34939956665039,179.79119873046875
315,63.0,4.212098865223746e-06,5.1459211836438505e-06,-3.038683035804044e-06,-9.96943285118734e-06,20.000033140359704,111.47122192382812,-16.342885971069336,179.79119873046875
316,63.2,6.572637403087838e-06,8.029791115352412e-06,-1.0716167526383632e-05,-3.515803106726048e-05,20.00003505265396,109.68544006347656,-16.336374282836914,179.79119873046875
317,63.4,-1.6813183954845195e-08,-2.0540666837634377e-08,-5.063533126872241e-06,-1.661264202396752e-05,20.000032597714245,107.899658203125,-16.329875946044922,179.79139709472656
318,63.6,-2.748714894237878e-06,-3.358104986290415e-06,4.428283186158773e-06,1.452848860847715e-05,20.00003266836129,106.11387634277344,-16.323381423950195,179.79139709472656
319,63.8,-5.4383898562707184e-06,-6.644080887405937e-06,1.58274354816715e-05,5.192728342568712e-05,20.00002854912326,104.32809448242188,-16.3168888092041,179.79139709472656
320,64.0,-1.7244750481283808e-06,-2.106791166298443e-06,1.1976527180885665e-05,3.9293069436136926e-05,20.00003095706315,102.54231262207031,-16.310380935668945,179.79124450683594
321,64.2,2.67076884596027e-06,3.262878299109662e-06,1.5620914440590133e-06,5.124972093326573e-06,20.00003312972755,100.75653076171875,-16.30386734008789,179.79112243652344
322,64.4,8.470332221818449e-06,1.03482048753956e-05,-6.316396047516531e-06,-2.0723084808534135e-05,20.000035102165015,98.97074890136719,-16.297353744506836,179.79112243652344
323,64.6,-3.297445885182896e-06,-4.028489637927944e-06,3.6150631447682754e-07,1.1860443767881548e-06,20.000036790682046,97.18496704101562,-16.290855407714844,179.79144287109375
324,64.8,-6.946017918832206e-06,-8.485950091437306e-06,9.84606731080427e-06,3.230337147597908e-05,20.000028538200564,95.39918518066406,-16.284360885620117,179.79144287109375
325,65.0,-3.1863850078604833e-07,-3.8928065641031525e-07,5.966000153335505e-06,1.957349194306926e-05,20.000031016570336,93.6134033203125,-16.27785301208496,179.79124450683594
326,65.2,2.8995636808095968e-06,3.5423969488450845e-06,-3.6155433584502458e-06,-1.1862019272137904e-05,20.00003522508676,91.82762145996094,-16.271339416503906,179.79124450683594
327,65.4,4.923050987775321e-06,6.01449139176511e-06,-1.3224873780067663e-05,-4.338869489259719e-05,20.000039334427328,90.0418472290039,-16.26482582092285,179.79124450683594
328,65.6,3.2639480247216735e-07,3.9875653018024683e-07,-7.866845947826799e-06,-2.5809862859468073e-05,20.00003482540472,88.25606536865234,-16.25832748413086,179.7913818359375
329,65.8,-2.012197918584274e-06,-2.4583021971344073e-06,3.85904790560802e-06,1.2660918730635017e-05,20.000028458963605,86.47028350830078,-16.251832962036133,179.7913818359375
330,66.0,-3.934847025782276e-06,-4.807202611398207e-06,1.3315452266711783e-05,4.368586841471869e-05,20.000030703904034,84.68450164794922,-16.245338439941406,179.7913818359375
331,66.2,-1.3268501376734665e-07,-1.621012813195674e-07,7.562157927012633e-06,2.481023021326013e-05,20.000033035543723,82.89871978759766,-16.238828659057617,179.79124450683594
332,66.4,2.2365571954760395e-06,2.7324019257130776e-06,-2.202207885953003e-07,-7.22509172055005e-07,20.00003513480292,81.11296081542969,-16.232316970825195,179.79124450683594
333,66.6,4.593917181864861e-06,5.612388621084301e-06,-6.142580544721884e-06,-2.0152823954345344e-05,20.000032881143742,79.32721710205078,-16.225807189941406,179.79124450683594
334,66.8,-3.6693244677574483e-06,-4.482813702259275e-06,3.2103012191505523e-06,1.0532484651837898e-05,20.000041181631147,77.54147338867188,-16.21931266784668,179.79139709472656
335,67.0,-5.216174242234162e-06,-6.372600071737476e-06,8.906624979670812e-06,2.9221211498303185e-05,20.00003503860074,75.75572967529297,-16.212814331054688,179.79139709472656
336,67.2,1.7905704613194864e-06,2.1875399325940164e-06,2.8427049220789585e-06,9.32646001655353e-06,20.00002461962304,73.96998596191406,-16.206302642822266,179.79119873046875
337,67.4,4.3879948545266465e-06,5.360813313775204e-06,-6.905560048696847e-06,-2.2656037630166562e-05,20.0000244629992,72.18424987792969,-16.19978904724121,179.79119873046875
338,67.6,1.7965148977365168e-06,2.1948022505647025e-06,-7.082731878771615e-06,-2.3237310057149065e-05,20.0000327757626,70.39850616455078,-16.19328498840332,179.79132080078125
339,67.8,-8.756043168346167e-07,-1.0697257938768512e-06,4.1430726392898375e-06,1.359275843788767e-05,20.000030591836996,68.61276245117188,-16.186792373657227,179.79132080078125
340,68.0,-2.710868178615471e-06,-3.3118676538145207e-06,1.350224418732648e-05,4.4298702819548214e-05,20.000034922591308,66.82701873779297,-16.1802978515625,179.79132080078125
341,68.2,-8.57869405086415e-06,-1.0480590521940733e-05,1.7120712857976016e-05,5.617031957296203e-05,20.00003292958517,65.04127502441406,-16.173797607421875,179.79132080078125
342,68.4,1.4645245295162406e-06,1.789209617709991e-06,7.378563248814068e-06,2.4207885449239144e-05,20.000039785887456,63.25553512573242,-16.16728401184082,179.79110717773438
343,68.6,4.66734347973997e-06,5.702093529198321e-06,-2.0718270373398448e-08,-6.797333017186056e-08,20.000028943036245,61.46979522705078,-16.1607723236084,179.79110717773438
344,68.8,8.472759523898225e-06,1.0351170310346461e-05,-1.0182843800424137e-05,-3.3408281254183527e-05,20.000028708615925,59.684051513671875,-16.15425682067871,179.79110717773438
345,69.0,-7.311565860455434e-07,-8.932540011718404e-07,-2.73729801903325e-06,-8.980636832765048e-06,20.0000325493941,57.89830780029297,-16.14776039123535,179.79139709472656
346,69.2,-2.817012689875451e-06,-3.4415444032208387e-06,4.697006668990893e-06,1.5410127359892082e-05,20.000041214593654,56.11256790161133,-16.141263961791992,179.79139709472656
347,69.4,-5.474062078307691e-06,-6.687661641068506e-06,1.5926785143964475e-05,5.225323377172441e-05,20.000037087807726,54.32682418823242,-16.1347713470459,179.79139709472656
348,69.6,-1.7138026513819147e-06,-2.093752699193285e-06,1.1914421575549665e-05,3.908931088192636e-05,20.000035232133435,52.54108428955078,-16.128263473510742,179.79124450683594
349,69.8,3.1134321175251397e-06,3.8036800179804634e-06,-4.968300880894144e-07,-1.6300200262072743e-06,20.000024604524626,50.755340576171875,-16.121747970581055,179.79112243652344
350,70.0,9.661314973823119e-06,1.1803228503519703e-05,-8.539105249431248e-06,-2.8015438066544016e-05,20.00003081665583,48.96959686279297,-16.115234375,179.79112243652344
351,70.2,-4.69443703916239e-06,-5.735193730744692e-06,-1.2266912969563157e-07,-4.024577874706159e-07,20.000034577806545,47.18385696411133,-16.10873794555664,179.79150390625
352,70.4,-8.991951147041957e-06,-1.098546671634116e-05,1.1137548616658652e-05,3.654051500347837e-05,20.00004348348413,45.39811325073242,-16.102245330810547,179.79150390625
353,70.6,1.7145047991766898e-06,2.094610513154162e-06,3.3105130832801477e-06,1.086126374414884e-05,20.000043925444192,43.61237335205078,-16.095733642578125,179.79119873046875
354,70.8,4.817962316952086e-06,5.886104562620363e-06,-6.41128657418485e-06,-2.1034405444048623e-05,20.000035196628687,41.826629638671875,-16.08922004699707,179.79119873046875
355,71.0,4.506187040716069e-06,5.5052087076428215e-06,-8.487205653765395e-06,-2.7845163797099658e-05,20.000032825095058,40.04087448120117,-16.082714080810547,179.79119873046875
356,71.2,-3.1083634469089052e-06,-3.7974876230886096e-06,6.033521086352793e-07,1.9795017320949695e-06,20.00002409159598,38.2551155090332,-16.07621955871582,179.79144287109375
357,71.4,-5.156788365502509e-06,-6.300048346134415e-06,1.2237041495788154e-05,4.014777522104161e-05,20.00002644765533,36.469356536865234,-16.069725036621094,179.79144287109375
358,71.6,4.574999512935264e-08,5.5892769049530125e-08,6.402685118385605e-06,2.100618544380423e-05,20.000033095889354,34.683597564697266,-16.063215255737305,179.79124450683594
359,71.8,2.0179129640643154e-06,2.465284268197374e-06,-3.3058819316417534e-06,-1.0846069676607531e-05,20.00004370491892,32.89783477783203,-16.05670166015625,179.79124450683594
360,72.0,8.389047667845783e-06,1.0248899535807193e-05,-1.2963839445464913e-05,-4.2532283006259105e-05,20.000045730648516,31.11207389831543,-16.050188064575195,179.79124450683594
361,72.2,-1.8520773487775506e-06,-2.2626828970015336e-06,-5.4557731169525316e-06,-1.7899518673022544e-05,20.000034617622486,29.326313018798828,-16.043691635131836,179.79148864746094
362,72.4,-5.400622925402702e-06,-6.5979410279644815e-06,3.952682466583455e-06,1.2968118743665662e-05,20.00002414826948,27.54055404663086,-16.03719711303711,179.79148864746094
363,72.6,-4.795672367442938e-06,-5.858872931305037e-06,9.545305552548884e-06,3.131662026902448e-05,20.000013756373075,25.75479507446289,-16.030698776245117,179.79136657714844
364,72.8,2.5119095804935433e-06,3.0687999344889618e-06,1.7371331306089408e-06,5.699255860227037e-06,20.00002036721482,23.96903419494629,-16.024187088012695,179.79115295410156
365,73.0,5.056542045034459e-06,6.177577416418599e-06,-5.974709242361734e-06,-1.960206507071007e-05,20.00003937711013,22.183273315429688,-16.01767349243164,179.79115295410156
366,73.2,2.0554273065822817e-07,2.5111155404515734e-07,-4.194853499746689e-06,-1.3762643156108926e-05,20.000047662073815,20.397512435913086,-16.011171340942383,179.79136657714844
367,73.4,-1.9547906110672098e-06,-2.38816768954081e-06,5.221292893724597e-06,1.7130226577447407e-05,20.00005410756037,18.61174964904785,-16.004676818847656,179.79136657714844
368,73.6,-3.160035422573861e-06,-3.860615275758486e-06,1.1769488592603891e-05,3.861380895415855e-05,20.0000371463135,16.82598876953125,-15.99817943572998,179.79136657714844
369,73.8,-8.19271437370044e-07,-1.0009039150349828e-06,5.923473765612804e-06,1.9433969669173114e-05,20.000009569295614,15.040226936340332,-15.991669654846191,179.79124450683594
370,74.0,3.6944689579724128e-06,4.513532725954897e-06,-3.737213026390549e-06,-1.2261197985503168e-05,20.000007449328624,13.254465103149414,-15.985156059265137,179.79124450683594
371,74.2,4.543935968223411e-06,5.551326572378541e-06,-8.630347007311046e-06,-2.8314787675466373e-05,20.000030703843258,11.468703269958496,-15.978647232055664,179.79124450683594
372,74.4,-3.6605683467008735e-06,-4.472116349164457e-06,1.0147417110237906e-06,3.3292051951952933e-06,20.000058224183658,9.682939529418945,-15.972152709960938,179.79144287109375
373,74.6,-6.053735085923204e-06,-7.395848154472379e-06,1.1168557677524317e-05,3.664225077072888e-05,20.000052078762746,7.897173881530762,-15.965657234191895,179.79144287109375
374,74.8,1.3392432535501597e-06,1.6361534828622301e-06,4.353080247210912e-06,1.4281759798259449e-05,20.000031039659934,6.111416339874268,-15.959146499633789,179.79119873046875
375,75.0,3.784928905152972e-06,4.624047643425386e-06,-5.318897787862965e-06,-1.745045261833233e-05,20.000020232566833,4.325658321380615,-15.952632904052734,179.79119873046875
376,75.2,4.240852968593284e-06,5.181050071730415e-06,-1.0228242911507462e-05,-3.3557228473790143e-05,20.000026444165613,2.539900064468384,-15.946124076843262,179.79119873046875
377,75.4,-2.347448880151495e-06,-2.8678782968810813e-06,-1.6182183670185833e-06,-5.309115547249249e-06,20.00003691497431,0.754140317440033,-15.939629554748535,179.79144287109375
378,75.6,-9.428003161210878e-06,-1.1518191462051331e-05,1.0447520802767032e-05,3.427664415055019e-05,20.000034957816652,-1.0316201448440552,-15.933135986328125,179.79144287109375
379,75.8,4.475718997682621e-06,5.467985899468858e-06,3.685356865744654e-06,1.209106621940969e-05,20.00003119149361,-2.81738018989563,-15.926624298095703,179.79112243652344
380,76.0,7.406567343421482e-06,9.048603323458025e-06,-6.479160797300161e-06,-2.125708991021426e-05,20.00002869969032,-4.603141784667969,-15.920110702514648,179.79112243652344
381,76.2,-8.666829375398715e-07,-1.058826544792461e-06,-2.9633876054671777e-06,-9.722400591520936e-06,20.000034746171057,-6.388898849487305,-15.91361141204834,179.7913818359375
382,76.4,-4.1860534151124366e-06,-5.114101457242863e-06,8.996363638716354e-06,2.9515629680446163e-05,20.000043409946308,-8.17465591430664,-15.90711784362793,179.7913818359375
383,76.6,-4.059671335699896e-06,-4.959700470824562e-06,9.805184587995922e-06,3.2169241803680536e-05,20.00002869374007,-9.96041202545166,-15.900614738464355,179.7913818359375
384,76.8,2.18693899892868e-06,2.6717833749911683e-06,1.098165787245635e-06,3.602906241426969e-06,20.00002034242451,-11.746173858642578,-15.894102096557617,179.79119873046875
385,77.0,4.3964962555849845e-06,5.3711994754481755e-06,-8.562521004757719e-06,-2.809226141324931e-05,20.00003084522317,-13.531935691833496,-15.887588500976562,179.79119873046875
386,77.2,5.575555662707488e-07,6.811656353129738e-07,-6.779191901726007e-06,-2.2241443958858753e-05,20.000049829102785,-15.317697525024414,-15.881086349487305,179.79135131835938
387,77.4,-1.3806443216284056e-06,-1.6867331677334232e-06,1.7007515220992045e-06,5.579893623763954e-06,20.00004771361218,-17.103458404541016,-15.874591827392578,179.79135131835938
388,77.6,-7.036473367471253e-06,-8.596459513039629e-06,1.1866266067801171e-05,3.893132036588479e-05,20.000028593213088,-18.88922119140625,-15.868096351623535,179.79135131835938
389,77.8,1.6787358848430714e-06,2.0509116305127804e-06,6.189719256142253e-06,2.0307478524321748e-05,20.000016173301745,-20.67498016357422,-15.86158561706543,179.79115295410156
390,78.0,5.362035052934039e-06,6.550798224169515e-06,-3.482717615044392e-06,-1.1426239260142242e-05,20.000024534116882,-22.460739135742188,-15.855072021484375,179.79115295410156
391,78.2,2.9616724681238875e-06,3.6182752543069533e-06,-6.476818551592661e-06,-2.1249405376807266e-05,20.000041327248752,-24.24650001525879,-15.848565101623535,179.791259765625
392,78.4,-3.0188927862949304e-06,-3.6881813170165167e-06,3.84956562687861e-06,1.262980889128842e-05,20.000039088725476,-26.032262802124023,-15.842071533203125,179.79139709472656
393,78.6,-4.310326158345e-06,-5.265925467650087e-06,1.2464545477437207e-05,4.0894179384195085e-05,20.000035019540643,-27.818021774291992,-15.83557415008545,179.79139709472656
394,78.8,1.5651941045846347e-07,1.9121976375710484e-07,4.812420404264224e-06,1.5788781359126237e-05,20.000020290390584,-29.60378074645996,-15.829063415527344,179.79124450683594
395,79.0,2.3717268941816636e-06,2.8975387466217382e-06,-6.705696546437795e-06,-2.2000317457414976e-05,20.000024503050163,-31.38953971862793,-15.822549819946289,179.79124450683594
396,79.2,3.821453828340931e-06,4.668670142084116e-06,-1.1892640974716338e-05,-3.901785221548835e-05,20.000039311540558,-33.17530059814453,-15.816038131713867,179.79124450683594
397,79.4,1.5869510687270302e-06,1.9387781206638127e-06,-6.284963901227996e-06,-2.0619960965704858e-05,20.000047656826503,-34.961063385009766,-15.809539794921875,179.7913818359375
398,79.6,-2.88527044035236e-06,-3.524934896978478e-06,3.1280890734060145e-06,1.0262759755593388e-05,20.00004334261509,-36.746826171875,-15.803045272827148,179.7913818359375
399,79.8,-6.6885966336757355e-06,-8.171458507361646e-06,1.2518053810928144e-05,4.106973166504549e-05,20.000028585232137,-38.53258514404297,-15.796550750732422,179.7913818359375
400,80.0,8.629401583839552e-07,1.054253991497678e-06,5.828897318209034e-06,1.9123679477472927e-05,20.000022527645246,-40.31834411621094,-15.790040016174316,179.79119873046875
401,80.2,3.3518791816055487e-06,4.094990796167499e-06,-3.051533850719336e-06,-1.0011594318794027e-05,20.000020272865996,-42.10409164428711,-15.783526420593262,179.79119873046875
402,80.4,5.343901124078868e-06,6.528644003287154e-06,-1.2011203517981578e-05,-3.940683694993468e-05,20.000035036051216,-43.88983154296875,-15.77701473236084,179.79119873046875
403,80.6,-2.6107986914009105e-07,-3.189612761284492e-07,-3.4480397332367456e-06,-1.1312466678392444e-05,20.000043308409992,-45.675575256347656,-15.770517349243164,179.7913818359375
404,80.8,-2.443681291431858e-06,-2.985445433742301e-06,5.909123579212958e-06,1.938688900362504e-05,20.000047645756098,-47.46131896972656,-15.764022827148438,179.7913818359375
405,81.0,-4.648733845498374e-06,-5.679358139045364e-06,1.6189374760301137e-05,5.311474828858638e-05,20.0000349726546,-49.2470588684082,-15.757529258728027,179.7913818359375
406,81.2,-3.221812274966567e-06,-3.936088056326655e-06,9.317495527035643e-06,3.056921202491962e-05,20.0000138767683,-51.03280258178711,-15.751018524169922,179.79124450683594
407,81.4,5.490509625606782e-06,6.7077556096038055e-06,-7.084061282502593e-08,-2.324167161808581e-07,20.000016142093052,-52.81854248046875,-15.744504928588867,179.79112243652344
408,81.6,4.5368309016446654e-06,5.542646312539288e-06,-5.627407680992066e-06,-1.846262421610601e-05,20.000035002332844,-54.604286193847656,-15.737995147705078,179.79124450683594
409,81.8,-2.099336726746248e-06,-2.564759679065891e-06,1.1134351421023241e-06,3.653002551614989e-06,20.000049747785955,-56.39002990722656,-15.731498718261719,179.7913818359375
410,82.0,-4.963431427267004e-06,-6.063824174692099e-06,1.0486833601372752e-05,3.4405623152727776e-05,20.00004991247762,-58.1757698059082,-15.725004196166992,179.7913818359375
411,82.2,5.179740699628256e-08,6.32808921273584e-08,5.474668797715175e-06,1.7961512378295855e-05,20.00003522979462,-59.96151351928711,-15.718494415283203,179.79124450683594
412,82.4,2.1775672815985778e-06,2.6603339479289827e-06,-4.2619973191736216e-06,-1.3982931284637585e-05,20.000020239095736,-61.74725341796875,-15.711980819702148,179.79124450683594
413,82.6,4.135543587690871e-06,5.052393601081937e-06,-1.353194127839269e-05,-4.439613422380187e-05,20.000020126214945,-63.532997131347656,-15.70546817779541,179.79124450683594
414,82.8,1.6088428404220394e-07,1.9655232981436056e-07,-5.567073551541752e-06,-1.826467759084024e-05,20.000034850759537,-65.31874084472656,-15.698969841003418,179.7913818359375
415,83.0,-1.9407380031549628e-06,-2.3709996184544183e-06,3.799327013785485e-06,1.246498403990797e-05,20.00003915393656,-67.10448455810547,-15.692475318908691,179.7913818359375
416,83.2,-7.89634537401641e-06,-9.646965143435846e-06,1.2145943738590178e-05,3.9848898055316197e-05,20.000034992439893,-68.89022064208984,-15.685979843139648,179.7913818359375
417,83.4,3.2490196257488873e-06,3.969327276777416e-06,3.6396893092396215e-06,1.194123827332572e-05,20.000031149970823,-70.67596435546875,-15.67946720123291,179.79112243652344
418,83.6,6.8157111644365515e-06,8.326754329592135e-06,-5.4319588839387995e-06,-1.782138798478177e-05,20.000033012800042,-72.46170806884766,-15.672953605651855,179.79112243652344
419,83.8,-3.641147559499057e-07,-4.448389973439998e-07,-2.754753058752178e-06,-9.037904025276496e-06,20.000034809149646,-74.24745178222656,-15.666452407836914,179.79136657714844
420,84.0,-3.179795025223805e-06,-3.884755582315923e-06,6.549226933866617e-06,2.1486965693706953e-05,20.000034906603933,-76.03318786621094,-15.659957885742188,179.79136657714844
421,84.2,-3.637932381132201e-06,-4.44446199002921e-06,1.0201215611716462e-05,3.3468556227543834e-05,20.000037206502057,-77.81893157958984,-15.653456687927246,179.79136657714844
422,84.4,2.0470989448756413e-06,2.500940780954571e-06,1.4344055420131927e-06,4.706055078458563e-06,20.00003097601651,-79.60467529296875,-15.646944046020508,179.79119873046875
423,84.6,3.931790513732254e-06,4.803468470626694e-06,-8.276527622596425e-06,-2.7153962885319254e-05,20.0000308234862,-81.39041900634766,-15.640430450439453,179.79119873046875
424,84.8,2.574123213146673e-07,3.1448063295012904e-07,-5.001574639350564e-06,-1.6409366139766904e-05,20.000032763142766,-83.17619323730469,-15.633930206298828,179.79135131835938
425,85.0,-4.201832112633362e-06,-5.133378292004178e-06,6.267647093956448e-06,2.0563147291736072e-05,20.00003492702077,-84.96196746826172,-15.627436637878418,179.79135131835938
426,85.2,-2.0123550105216627e-06,-2.4584941163543152e-06,2.930678347660108e-06,9.61508675013719e-06,20.000035162282625,-86.74774932861328,-15.620928764343262,179.79135131835938
427,85.4,4.885530747155783e-06,5.96865291380022e-06,-5.7156705820448576e-06,-1.875220067239605e-05,20.000028828138813,-88.53353118896484,-15.614416122436523,179.79119873046875
428,85.6,5.186799759152605e-06,6.336713265756738e-06,-7.552506089818787e-06,-2.477856407972107e-05,20.000037067782532,-90.3193130493164,-15.60791015625,179.79119873046875
429,85.8,-4.4379433687029e-06,-5.421835413544333e-06,2.777614140367986e-06,9.112907576284905e-06,20.000038967415012,-92.10509490966797,-15.601415634155273,179.79148864746094
430,86.0,-6.8330122037392395e-06,-8.347891009308229e-06,1.1315762462158212e-05,3.712520611634715e-05,20.000030738801836,-93.89087677001953,-15.59492015838623,179.79148864746094
431,86.2,1.0226480061629266e-06,1.2493690691292475e-06,4.404166992953923e-06,1.444936723716295e-05,20.000024667962375,-95.6766586303711,-15.588409423828125,179.79119873046875
432,86.4,3.2636160863368422e-06,3.98715977267772e-06,-4.032652596449703e-06,-1.3230487944536044e-05,20.0000245363643,-97.46244049072266,-15.58189582824707,179.79119873046875
433,86.6,4.4965162153771864e-06,5.493393860326308e-06,-1.168382259256976e-05,-3.8332752514606575e-05,20.00003290754873,-99.24822235107422,-15.575384140014648,179.79119873046875
434,86.8,5.702558738266839e-07,6.966816010540598e-07,-5.102631612128369e-06,-1.6740917898335237e-05,20.000039092182778,-101.03400421142578,-15.568886756896973,179.7913818359375
435,87.0,-4.003936492513026e-06,-4.891609212903165e-06,4.714239511239247e-06,1.5466665558054172e-05,20.00004124194916,-102.81978607177734,-15.562392234802246,179.7913818359375
436,87.2,-5.530813522085941e-06,-6.756994879932394e-06,1.0009552145157996e-05,3.283973905992016e-05,20.000035067345625,-104.60556030273438,-15.555892944335938,179.7913818359375
437,87.4,3.124524993136784e-06,3.8172321841152095e-06,1.381676624613061e-06,4.533059937095515e-06,20.00002893401133,-106.39134216308594,-15.5493803024292,179.79115295410156
438,87.6,6.095570871304003e-06,7.446958933472101e-06,-8.1522456829514e-06,-2.6746213726454267e-05,20.000024432305118,-108.1771240234375,-15.542866706848145,179.79115295410156
439,87.8,-7.636635167261986e-07,-9.329677183843969e-07,-1.5690545478640942e-06,-5.147816922814435e-06,20.000032666056615,-109.96290588378906,-15.536368370056152,179.7913818359375
440,88.0,-3.4752717119334095e-06,-4.245739450469047e-06,7.922761765166838e-06,2.599331370962997e-05,20.000039176991972,-111.74868774414062,-15.529873847961426,179.7913818359375
441,88.2,-3.6513239284005717e-06,-4.460822443326978e-06,9.541518376524928e-06,3.130419515043804e-05,20.000028690643635,-113.53446960449219,-15.523371696472168,179.7913818359375
442,88.4,1.8031771691299398e-06,2.2029415475260474e-06,2.055452799303633e-06,6.743611762067331e-06,20.00002672433507,-115.32025146484375,-15.51685905456543,179.79119873046875
443,88.6,3.6512493461094057e-06,4.460731326141861e-06,-7.526090712481684e-06,-2.469189945313841e-05,20.000035119105878,-117.10603332519531,-15.510345458984375,179.79119873046875
444,88.8,3.740451890269672e-06,4.569710074342458e-06,-7.570954311859716e-06,-2.4839089744521832e-05,20.000041339809446,-118.89181518554688,-15.503841400146484,179.79132080078125
445,89.0,-4.24114157123219e-06,-5.181402657574366e-06,1.9208620011712703e-06,6.302040887922751e-06,20.000032635946337,-120.67759704589844,-15.497346878051758,179.79144287109375
446,89.2,-6.419300322570204e-06,-7.842459204084018e-06,8.735836272086902e-06,2.866088107491359e-05,20.000028647053398,-122.46337890625,-15.490849494934082,179.79144287109375
447,89.4,3.587593058289873e-06,4.382962439312738e-06,8.774668111761249e-07,2.8788282127790777e-06,20.00002895743958,-124.24916076660156,-15.484336853027344,179.7911376953125
448,89.6,6.319542263727074e-06,7.720584783595367e-06,-8.749639874611447e-06,-2.870616848622022e-05,20.000035087380493,-126.0349349975586,-15.477823257446289,179.7911376953125
449,89.8,-3.1929991914790554e-07,-3.900887112229962e-07,-3.1658669017004502e-06,-1.0386702765774905e-05,20.000041180387903,-127.82071685791016,-15.47132396697998,179.7913818359375
450,90.0,-2.9210526028484425e-06,-3.568649964899942e-06,7.307404312403235e-06,2.397442436430503e-05,20.000045534811772,-129.60650634765625,-15.46483039855957,179.7913818359375
451,90.2,-4.409012287625155e-06,-5.3864903117916515e-06,1.393821665171156e-05,4.5729058719601354e-05,20.00003288800273,-131.3922882080078,-15.458333015441895,179.7913818359375
452,90.4,-2.9236900988544125e-07,-3.571872193770436e-07,6.788984527787614e-06,2.2273571998146715e-05,20.000024570108145,-133.17807006835938,-15.451822280883789,179.79124450683594
453,90.6,2.8912843461966086e-06,3.5322820857483966e-06,-1.941030972415266e-06,-6.368212055538902e-06,20.000026673944767,-134.96385192871094,-15.445308685302734,179.79124450683594
454,90.8,6.071790241709892e-06,7.4179061382969755e-06,-9.139979755864135e-06,-2.998681118222929e-05,20.000041449361113,-136.74961853027344,-15.438796997070312,179.79124450683594
455,91.0,-8.244982915661376e-07,-1.0072895628063503e-06,-2.4964316962966006e-06,-8.190392966477739e-06,20.000041140456553,-138.535400390625,-15.432299613952637,179.79139709472656
456,91.2,-4.139332033963905e-06,-5.057021945893702e-06,7.0382227161389435e-06,2.3091282616017292e-05,20.000034853519693,-140.32118225097656,-15.42580509185791,179.79139709472656
457,91.4,-5.545255807454748e-06,-6.7746390199674655e-06,1.2715367064206575e-05,4.17170848789315e-05,20.000024403162037,-142.10696411132812,-15.419306755065918,179.79139709472656
458,91.6,2.1415978914789917e-06,2.616390144019884e-06,4.092611702814948e-06,1.3427204179063394e-05,20.000024669238478,-143.8927459716797,-15.41279411315918,179.7911376953125
459,91.8,4.550964810895775e-06,5.559913709471368e-06,-5.929649412255312e-06,-1.9454230977703717e-05,20.000028758319733,-145.67852783203125,-15.406280517578125,179.7911376953125
460,92.0,1.9732771776100318e-06,2.4107527278861756e-06,-4.6408213959237e-06,-1.5225792468602312e-05,20.000043467615928,-147.4643096923828,-15.399775505065918,179.79127502441406
461,92.2,-1.6391771868031445e-07,-2.0025827691174016e-07,4.850994917107287e-06,1.591533816384227e-05,20.00005194080317,-149.25009155273438,-15.393280982971191,179.79127502441406
462,92.4,-9.710156773605428e-06,-1.1862898530313753e-05,1.434281123013784e-05,4.705646879628543e-05,20.00003916679869,-151.03587341308594,-15.386786460876465,179.79139709472656
463,92.6,9.166102536870911e-07,1.1198227469295191e-06,8.57593968331535e-06,2.8136285950608332e-05,20.000029043816888,-152.8216552734375,-15.380276679992676,179.7911376953125
464,92.8,4.226870450500303e-06,5.16396762937622e-06,-1.0056038284701838e-06,-3.2992252645981178e-06,20.00002248337815,-154.60743713378906,-15.373763084411621,179.7911376953125
465,93.0,7.149198933046843e-06,8.734176336503328e-06,-9.331846917021549e-06,-3.0616296639240975e-05,20.000030800354644,-156.39321899414062,-15.367250442504883,179.7911376953125
466,93.2,-1.2508293487517277e-06,-1.5281382153699857e-06,-1.0981675511820168e-06,-3.602912028620008e-06,20.000030446620904,-158.1790008544922,-15.360753059387207,179.79139709472656
467,93.4,-3.9654434429681815e-06,-4.844582254274227e-06,8.340911466142814e-06,2.7365195974579988e-05,20.00003272631809,-159.96478271484375,-15.35425853729248,179.79139709472656
468,93.6,-5.397666199981922e-06,-6.5943287965179145e-06,1.4971723805451247e-05,4.911983032987667e-05,20.000020127064964,-161.7505645751953,-15.347761154174805,179.79139709472656
469,93.8,1.7091485578961815e-06,2.088066793181765e-06,6.343848284906528e-06,2.0813151207052733e-05,20.000026787799715,-163.53634643554688,-15.341248512268066,179.79115295410156
470,94.0,3.3550845773483606e-06,4.098906828146492e-06,-3.182121407215889e-06,-1.0440031197650178e-05,20.000037302352403,-165.3221435546875,-15.334734916687012,179.79115295410156
471,94.2,4.158006091862727e-06,5.079836042428693e-06,-8.919372470075643e-06,-2.9263033974722972e-05,20.00003927484685,-167.10792541503906,-15.328226089477539,179.79115295410156
472,94.4,-2.3030013550345604e-06,-2.8135767554457224e-06,3.681638210523662e-07,1.207886590661445e-06,20.00003694405502,-168.89370727539062,-15.32172966003418,179.7913818359375
473,94.6,-6.136708385894439e-06,-7.497216635047237e-06,1.0988307663264626e-05,3.605087931394512e-05,20.000028584534427,-170.6794891357422,-15.315235137939453,179.7913818359375
474,94.8,1.3749633639545434e-06,1.6797927417432657e-06,4.256974495206109e-06,1.396645220285201e-05,20.00002463289949,-172.46527099609375,-15.308724403381348,179.79119873046875
475,95.0,4.602331280957922e-06,5.622668125946293e-06,-5.3693492062479795e-06,-1.761597564982662e-05,20.000024488777907,-174.2510528564453,-15.302210807800293,179.79119873046875
476,95.2,2.261813129786951e-06,2.763257100660718e-06,-7.3215487881069104e-06,-2.4020830125972675e-05,20.000034919800182,-176.03683471679688,-15.29570484161377,179.79132080078125
477,95.4,-1.3153124820457164e-06,-1.6069172593152517e-06,3.123935516165027e-06,1.0249132598854868e-05,20.00004337755231,-177.82261657714844,-15.28921127319336,179.79132080078125
478,95.6,-3.528456310333018e-06,-4.310715074333848e-06,1.2169065751733727e-05,3.992475768091808e-05,20.000043472288453,-179.6083984375,-15.282716751098633,179.79132080078125
479,95.8,-2.9868229903823233e-06,-3.649001647350084e-06,1.3524556221059664e-05,4.4371905032301386e-05,20.000024453830065,-181.39418029785156,-15.276211738586426,179.79132080078125
480,96.0,1.1925840150270796e-06,1.4569798911585832e-06,4.8966807005145115e-06,1.6065225909476028e-05,20.0000181835487,-183.17996215820312,-15.269699096679688,179.79119873046875
481,96.2,5.849932671015672e-06,7.146862744179847e-06,-4.684862811271239e-06,-1.537028530573113e-05,20.000028755313277,-184.9657440185547,-15.263185501098633,179.79119873046875
482,96.4,-2.8368099377950723e-07,-3.46573070100424e-07,-1.8874727501280025e-06,-6.192496097529956e-06,20.000045510729066,-186.75152587890625,-15.256684303283691,179.79136657714844
483,96.6,-4.019265628618442e-06,-4.91033681848315e-06,7.580318103837412e-06,2.4869810847793933e-05,20.00004772720369,-188.5373077392578,-15.250189781188965,179.79136657714844
484,96.8,-2.9289718873006302e-06,-3.5783249547151798e-06,5.608474658405941e-06,1.8400507998284548e-05,20.000043676861228,-190.3230743408203,-15.243683815002441,179.79136657714844
485,97.0,4.05075253405343e-06,4.948804370853076e-06,-3.06812886562579e-06,-1.0066039907499717e-05,20.00003099642935,-192.10885620117188,-15.237171173095703,179.79115295410156
486,97.2,5.4477252029154005e-06,6.655485880401745e-06,-9.008619454839006e-06,-2.9555839052214004e-05,20.000028606899757,-193.89463806152344,-15.230661392211914,179.79115295410156
487,97.4,-2.486483389408417e-06,-3.037736756840263e-06,6.568159005826933e-07,2.1549078792677236e-06,20.00003261684476,-195.680419921875,-15.224164962768555,179.79144287109375
488,97.6,-4.560867408838019e-06,-5.572011713377408e-06,1.0165594966437576e-05,3.335169058968706e-05,20.000032815931803,-197.46620178222656,-15.217670440673828,179.79144287109375
489,97.8,-3.8664157499523525e-07,-4.7236001217167893e-07,5.279854838369322e-06,1.732235894791561e-05,20.00002877140741,-199.25198364257812,-15.211161613464355,179.791259765625
490,98.0,2.56509625592642e-06,3.1337780958653075e-06,-3.34802068217583e-06,-1.098432017490975e-05,20.000022343668043,-201.0377655029297,-15.204648971557617,179.791259765625
491,98.2,4.5864323066247155e-06,5.603244349003415e-06,-7.448921803213798e-06,-2.4438720608855958e-05,20.00003926744198,-202.82354736328125,-15.198140144348145,179.791259765625
492,98.4,0.00017494637103426827,0.00021373198149256554,3.2379280577551125e-06,1.0623123889005283e-05,20.000051840056017,-204.6093292236328,-15.191645622253418,179.79139709472656
493,98.6,0.0023929969960161386,0.0029235244300329167,5.5918095940628125e-05,0.00018345832588585037,20.00004218952015,-206.39511108398438,-15.185263633728027,179.79598999023438
494,98.8,0.004558269496450737,0.005568837843813865,0.0011617972251160204,0.0038116708080496446,19.999983738524907,-208.18089294433594,-15.18055534362793,179.85977172851562
495,99.0,0.003681669731281233,0.004497895910706282,0.0015702248859240907,0.005151656614735193,19.999890430987413,-209.9666748046875,-15.179872512817383,-179.99742126464844
496,99.2,0.0015154667349528454,0.001851445710091891,-0.0002579117549063809,-0.0008461672019670507,19.999952286382836,-211.75245666503906,-15.18362045288086,-179.8538360595703
497,99.4,2.2812983389178466e-05,2.7870621806559332e-05,-0.000588731162177134,-0.0019315327461172285,20.00008918690323,-213.53823852539062,-15.190138816833496,-179.7740478515625
498,99.6,-0.0010216222866294682,-0.0012481159475752214,-1.1807303550208804e-05,-3.873787377966705e-05,20.000160932513342,-215.3240203857422,-15.1975679397583,-179.75564575195312
499,99.8,-0.0014987282258119806,-0.0018309962734744968,5.736271962448634e-05,0.00018819790505279977,20.00011988527304,-217.10980224609375,-15.204486846923828,-179.78086853027344
500,100.0,-0.004470527594842545,-0.0054616435626191374,-0.00018215740183735816,-0.0005976292902440781,20.000022000249547,-218.8955841064453,-15.210036277770996,-179.8301544189453
501,100.2,-0.006374866846752991,-0.00778817482667813,-0.00039065870875524004,-0.0012816887180325416,19.99984841583671,-220.68136596679688,-15.211942672729492,-179.96188354492188
502,100.4,-0.005689163952274595,-0.006950451600493872,-0.00044735508954948586,-0.0014677004719975352,19.999739710260815,-222.46714782714844,-15.207685470581055,179.82623291015625
503,100.6,-0.0024294441941721764,-0.0029680519720201477,-0.0009098014151346725,-0.002984912874830439,19.999897154694093,-224.2529296875,-15.196796417236328,179.6108856201172
504,100.8,7.271703170642132e-05,8.883839763573493e-05,-0.0005043198043769431,-0.00165459258699205,20.000194839795306,-226.03871154785156,-15.181574821472168,179.4857177734375
505,101.0,0.0007192526699415663,0.0008787109868676115,-0.0009347655905911207,-0.003066816340234972,20.000311681620467,-227.82449340820312,-15.164995193481445,179.459228515625
506,101.2,0.0003724802714360932,0.00045505914761347505,-0.001111305290851232,-0.003646014850436356,20.000213895359774,-229.6102752685547,-15.14867115020752,179.4770050048828
507,101.4,-3.7728116649087235e-05,-4.6092440110189875e-05,-0.0008174255144526629,-0.0026818423248368742,20.000028944774165,-231.39605712890625,-15.132818222045898,179.4940185546875
508,101.6,-0.00019483404969570953,-0.00023802875851324832,-0.0003662117855787123,-0.0012014822745980624,19.999905575429818,-233.18182373046875,-15.117119789123535,179.4972686767578
509,101.8,-0.0002659761751661196,-0.0003249430932004483,-3.182555560287542e-05,-0.0001044145558441378,19.999923210126134,-234.9676055908203,-15.101306915283203,179.49203491210938
510,102.0,-5.6938871973293005e-05,-6.956221988977206e-05,5.43831450910753e-05,0.0001784223977406035,20.00003794196094,-236.75338745117188,-15.085245132446289,179.483154296875
511,102.2,8.121944678019526e-05,9.922579813136455e-05,-1.5201696767573603e-05,-4.987433482292618e-05,20.00013292551052,-238.53916931152344,-15.069026947021484,179.4788360595703
512,102.4,6.464356619654214e-05,7.897504482231553e-05,-7.058811333481583e-05,-0.00023158830575339715,20.000137951587146,-240.324951171875,-15.052824020385742,179.48019409179688
513,102.6,1.8650026752865868e-06,2.278473768397623e-06,-5.688322049834916e-05,-0.00018662474513980384,20.000073974423085,-242.11073303222656,-15.036688804626465,179.48265075683594
514,102.8,-2.670020236364738e-05,-3.2619637227668006e-05,-1.4319998508054068e-05,-4.698162390516411e-05,20.000011332369922,-243.89651489257812,-15.020584106445312,179.4833984375
515,103.0,-2.1320951539672853e-05,-2.6047806496018324e-05,1.6954419238968208e-05,5.562473681597646e-05,19.999978595483807,-245.6822967529297,-15.00446605682373,179.48277282714844
516,103.2,-6.366861813646307e-06,-7.778395077731693e-06,2.3651081534284933e-05,7.759541434094338e-05,20.00000424409328,-247.46807861328125,-14.988326072692871,179.48194885253906
517,103.4,2.5183057521695656e-06,3.0766141374255585e-06,2.1181018751429553e-05,6.949153356044014e-05,20.000047286380333,-249.2538604736328,-14.972173690795898,179.4815216064453
518,103.6,2.113936231281979e-06,2.582595893757194e-06,1.6073070347946347e-05,5.2733172120356296e-05,20.000080976253898,-251.03964233398438,-14.956021308898926,179.4815216064453
519,103.8,4.8698303568413815e-06,5.9494717469531155e-06,1.1707078319197171e-05,3.8409050832754846e-05,20.00006799083959,-252.82542419433594,-14.939868927001953,179.4815216064453
520,104.0,-0.0005040044006866238,-0.0006157421763188484,6.888606443963656e-06,2.260041556561372e-05,20.00004176459186,-254.6112060546875,-14.923715591430664,179.48179626464844
521,104.2,-0.00884584819521368,-0.010806972740092553,-0.00012149623481134183,-0.0003986097070184427,20.00000752699007,-256.39697265625,-14.907228469848633,179.46875
522,104.4,-0.018964732746622106,-0.023169213996548227,-0.003732406232554979,-0.012245427664015677,19.99942251866586,-258.18255615234375,-14.884628295898438,179.2349090576172
523,104.6,-0.023679701819572675,-0.028929491712971937,-0.005080374695683792,-0.016667896516587212,19.997752760363984,-259.96771240234375,-14.845803260803223,178.65489196777344
524,104.8,-0.023399239903991755,-0.028586851390706727,-0.0056789966963994454,-0.018631879521415158,19.996992177430673,-261.7520751953125,-14.78316879272461,177.84616088867188
525,105.0,-0.021718869835778146,-0.02653394327837016,-0.007863047969802642,-0.025797402301247302,19.99831142353268,-263.535400390625,-14.694367408752441,176.99066162109375
526,105.2,-0.020840725991346575,-0.025461114943628113,-0.01089191026775374,-0.03573461488285718,20.00044149786415,-265.31744384765625,-14.580170631408691,176.17791748046875
527,105.4,-0.020928838186221484,-0.025568761612106788,-0.013614607866696049,-0.04466735007337107,20.001542560619118,-267.0978698730469,-14.441734313964844,175.40467834472656
528,105.6,-0.021371713427811127,-0.026109822294756856,-0.015659459610180303,-0.05137618146746394,20.000959047465017,-268.8763732910156,-14.27944278717041,174.6390380859375
529,105.8,-0.021701219020116187,-0.026512379276875945,-0.017330367192039023,-0.056858161898329304,19.999525172410046,-270.6523742675781,-14.093090057373047,173.86172485351562
530,106.0,-0.021807741140996262,-0.026642517351955133,-0.018962465215240407,-0.062212814376769336,19.99857081163888,-272.4255065917969,-13.882339477539062,173.07147216796875
531,106.2,-0.02170792128009801,-0.026520567427895738,-0.0048883533261721845,-0.01603790512663875,19.998731539065236,-274.1955261230469,-13.647005081176758,172.27496337890625
532,106.4,-0.02184129723372872,-0.026683512830446378,-0.004861717213697367,-0.01595051630338687,19.999659782342945,-275.9621887207031,-13.387120246887207,171.47964477539062
533,106.6,-0.021823986237478908,-0.026662363986327983,-0.005096212920348675,-0.016719859197596748,20.00047676782984,-277.72515869140625,-13.102663040161133,170.6818389892578
534,106.8,-0.021711478710386884,-0.026524913540479658,-0.005632718571158407,-0.01848004839699935,20.00064988052551,-279.4840087890625,-12.793655395507812,169.88319396972656
535,107.0,-0.021636938598459294,-0.02643384788573772,-0.006382546789091524,-0.020940114807523037,20.000252113557465,-281.2383728027344,-12.460246086120605,169.0874786376953
536,107.2,-0.021636362418578938,-0.02643314396677789,-0.007258933178429093,-0.023815398329117304,19.999715339054784,-282.98785400390625,-12.102593421936035,168.2948760986328
537,107.4,-0.02167719716912016,-0.0264830317815141,-0.008220910648684505,-0.026971492492630072,19.99947889859559,-284.7322692871094,-11.720796585083008,167.50315856933594
538,107.6,-0.021693839380793244,-0.026503363571515105,-0.009294072364412254,-0.0304923643760583,19.99963392186449,-286.4712219238281,-11.314908981323242,166.71041870117188
539,107.8,-0.021692575231008576,-0.02650181915972318,-0.010494780608937722,-0.03443169601302724,19.99999672365937,-288.20440673828125,-10.884971618652344,165.91680908203125
540,108.0,-0.021676511100702258,-0.02648219361172795,-0.011857687669467182,-0.03890317601349471,20.000260788994634,-289.9314880371094,-10.431058883666992,165.123046875
541,108.2,-0.021671823916370174,-0.026476467278629442,-0.013324017079520939,-0.04371396819517548,20.000243454966583,-291.6521301269531,-9.953275680541992,164.3297576904297
542,108.4,-0.021672570554734483,-0.02647737944671912,-0.014941029717311038,-0.04901912793774275,20.000053988588746,-293.3659973144531,-9.45172119140625,163.53663635253906
543,108.6,-0.021678620538348424,-0.02648477071170027,-0.016671850484180878,-0.05469767394251999,19.999875746900287,-295.07275390625,-8.926497459411621,162.74365234375
544,108.8,-0.021683264210449162,-0.02649044388590574,-0.01850377576282508,-0.060707927673707036,19.99983471418868,-296.7721252441406,-8.377703666687012,161.95046997070312
545,109.0,-0.021510368765612874,-0.02627921752094925,-0.0048934538585581056,-0.016054639157311774,19.999932999946765,-298.4636535644531,-7.8054327964782715,161.15713500976562
546,109.2,-0.021821987968870075,-0.02665992270156857,-0.004872374726660411,-0.015985481898216542,20.00011017479006,-300.14715576171875,-7.209896087646484,160.36813354492188
547,109.4,-0.021910115767944088,-0.026767588433697292,-0.0050283639295641,-0.01649725751467108,20.000103329035,-301.82220458984375,-6.591081619262695,159.57293701171875
548,109.6,-0.021761660749314512,-0.026586220937437538,-0.00549700974157924,-0.01803480944056283,20.000023897548843,-303.4884948730469,-5.948948860168457,158.77243041992188
549,109.8,-0.021621772012088394,-0.026415318867168393,-0.006235800156546817,-0.02045866258560506,19.999989423609918,-305.14569091796875,-5.283669471740723,157.97462463378906
550,110.0,-0.021620824604147153,-0.026414161418886577,-0.007115188043774659,-0.023343793541537653,20.0000184792649,-306.79351806640625,-4.595503330230713,157.18186950683594
551,110.2,-0.02167092686342528,-0.026475371349046664,-0.008075955755673547,-0.026495918681444002,20.00003029130505,-308.43170166015625,-3.884636640548706,156.39060974121094
552,110.4,-0.021695629739389082,-0.02650555085261164,-0.009116363222689872,-0.02990932911552984,20.000022611596314,-310.05987548828125,-3.1511855125427246,155.59820556640625
553,110.6,-0.02168947331507247,-0.026498029549024037,-0.010299271333311905,-0.03379026136118303,20.00000933160995,-311.677734375,-2.395261287689209,154.8046417236328
554,110.8,-0.021680289071166266,-0.026486809158243828,-0.011640098405428817,-0.03818930045246708,20.000018425011913,-313.2849426269531,-1.6169999837875366,154.01095581054688
555,111.0,-0.021671054508835476,-0.026475527293444302,-0.013113671456757459,-0.04302385786218814,20.000036783206596,-314.8812561035156,-0.816556453704834,153.21754455566406
556,111.2,-0.02167104589269239,-0.026475516767102292,-0.014687083524479616,-0.0481859711104537,20.00004792582173,-316.46630859375,0.005907210987061262,152.42445373535156
557,111.4,-0.02167572845206408,-0.026481237449886685,-0.01641487385490925,-0.05385457473814047,20.00003921331857,-318.03985595703125,0.8502292633056641,151.63145446777344
558,111.6,-0.021673256884976073,-0.026478217936375267,-0.01826499478924165,-0.05992452550433558,20.000030709001393,-319.60150146484375,1.716249942779541,150.8383331298828
559,111.8,-0.021486520159319802,-0.026250081678641003,-0.004907495978933807,-0.01610070910752519,20.000026080867663,-321.1510925292969,2.6038036346435547,150.04522705078125
560,112.0,-0.021849828730148593,-0.026693935759622537,-0.004831442363472049,-0.015851189363773638,20.000061178409364,-322.68829345703125,3.5126137733459473,149.25692749023438
561,112.2,-0.021935900601854446,-0.026799089765285576,-0.0049162043272254485,-0.01612927980493434,19.99998854927577,-324.2127380371094,4.4426469802856445,148.46128845214844
562,112.4,-0.021759253086279746,-0.026583279495507966,-0.0053655667903872994,-0.01760356614857427,19.9999452865304,-325.7240295410156,5.393886566162109,147.65980529785156
563,112.6,-0.021602796145102243,-0.026392136050471412,-0.00613659740159464,-0.02013319421904776,20.000012689308612,-327.2218933105469,6.36609411239624,146.86175537109375
564,112.8,-0.018034389471514173,-0.022032613617348866,-0.007013105919230531,-0.023008878424048293,20.000099984576245,-328.7061767578125,7.358948707580566,146.0695037841797
565,113.0,-0.00824493224745239,-0.010072833726712586,-0.00596080055434365,-0.019556432890712818,20.000836927598165,-330.1780090332031,8.370282173156738,145.37034606933594
566,113.2,-0.0006606381809776581,-0.0008071016657004048,-0.001980628483565651,-0.00649812515402153,20.002022515718714,-331.6417236328125,9.39346981048584,144.95941162109375
567,113.4,-0.0012554548254640118,-0.0015337891602693833,-0.002573024973986038,-0.008441683255652352,20.002042209825877,-333.10260009765625,10.420920372009277,144.8467254638672
568,113.6,-0.015780069183689866,-0.01927851052171391,-0.008360887253959282,-0.027430733338279768,20.001104081022078,-334.562255859375,11.449939727783203,144.80210876464844
569,113.8,-0.032734909205209536,-0.039992238576004493,-0.029764143701406953,-0.09765139322132399,19.998272537553223,-336.0151062011719,12.48804759979248,144.3814239501953
570,114.0,-0.04338562860830379,-0.05300422247076474,-0.03396051562710389,-0.11141901809002754,19.992976224513352,-337.451171875,13.548667907714844,143.3787841796875
571,114.2,-0.04675526891262459,-0.05712091203055346,-0.03169736096728215,-0.10399396975589797,19.98979796430664,-338.861083984375,14.642971992492676,141.92601013183594
572,114.4,-0.04598176166483056,-0.0561759182259235,-0.03042094157325642,-0.09980624195120259,19.992378840623143,-340.2397155761719,15.776423454284668,140.27084350585938
573,114.6,-0.044223905133094724,-0.054028344901101824,-0.03176146236193833,-0.10420427617554175,19.998702922728814,-341.5852355957031,16.949737548828125,138.59445190429688
574,114.8,-0.04321199099984988,-0.0527920894045166,-0.006634134671349101,-0.021765534395148986,20.003623006146785,-342.8971862792969,18.161252975463867,136.96754455566406
575,115.0,-0.04231003464417692,-0.051690169324790945,-0.008250845003910101,-0.027069702322628415,20.00386075920985,-344.17510986328125,19.408876419067383,135.38404846191406
576,115.2,-0.04290398334885267,-0.05241579645729331,-0.009070038230396038,-0.029757344227812538,20.000675416152884,-345.418701171875,20.69063377380371,133.83444213867188
577,115.4,-0.04374101810382673,-0.05343840181744512,-0.009209947181131273,-0.030216363109742725,19.99684462265467,-346.6267395019531,22.005399703979492,132.27993774414062
578,115.6,-0.04384446305884852,-0.05356478051899524,-0.009344047619244844,-0.030656325191123254,19.995381961946755,-347.7979736328125,23.35272979736328,130.69894409179688
579,115.8,-0.04344241644458536,-0.053073600170349934,-0.009889218339627581,-0.03244494309738375,19.99713315851948,-348.93133544921875,24.732072830200195,129.10658264160156
580,116.0,-0.04322185246225172,-0.052804137153132924,-0.010634105384665304,-0.034888798310225316,20.000265542441092,-350.0262756347656,26.142423629760742,127.52278137207031
581,116.2,-0.043320357010096754,-0.052924480159235204,-0.011308746329094788,-0.037102187306347345,20.002132693801258,-351.0821533203125,27.582538604736328,125.94835662841797
582,116.4,-0.043478342833396494,-0.053117491439560495,-0.011901175200154795,-0.03904585164367586,20.001606356203048,-352.0980529785156,29.05117416381836,124.37376403808594
583,116.6,-0.04356314670867622,-0.053221096333989734,-0.012436228489720313,-0.04080127587821399,19.999703325507923,-353.0731201171875,30.547130584716797,122.7944564819336
584,116.8,-0.04348686998113704,-0.053127909055955116,-0.01315631643479405,-0.04316376921192971,19.998233114680193,-354.00634765625,32.069305419921875,121.21139526367188
585,117.0,-0.043426975159593206,-0.05305473555247502,-0.013919306692225408,-0.045667018168120806,19.9982786300255,-354.8972473144531,33.616615295410156,119.62934875488281
586,117.2,-0.04343200285779375,-0.053060877891366626,-0.014773088339121436,-0.04846813914652317,19.999444156278567,-355.7451477050781,35.18796157836914,118.04956817626953
587,117.4,-0.04343133191710047,-0.053060058203121645,-0.015713736106267216,-0.05155425396688573,20.000605825804616,-356.5494384765625,36.78218078613281,116.47015380859375
588,117.6,-0.0434864939877113,-0.0531274497047869,-0.016531959125283116,-0.05423871277659386,20.000925000848575,-357.30963134765625,38.39802551269531,114.89070129394531
589,117.8,-0.04346941929759413,-0.053106589555870755,-0.01753542826668459,-0.05753093447446947,20.0003804643755,-358.0248718261719,40.034202575683594,113.30989837646484
590,118.0,-0.04346004561177872,-0.053095137723910064,-0.018542955004189392,-0.06083646849594472,19.999631397435415,-358.6947326660156,41.68943405151367,111.72897338867188
591,118.2,-0.04342149686033302,-0.05304804271426885,-0.019724162049027008,-0.06471181981692976,19.999276614764337,-359.3185729980469,43.36244583129883,110.14847564697266
592,118.4,-0.0434193081160613,-0.053045368725392096,-0.02091499379191726,-0.06861874823227382,19.99951345926907,-359.8960876464844,45.05203628540039,108.56907653808594
593,118.6,-0.04344015497450446,-0.0530708373323521,-0.02216340472132139,-0.07271458474590006,20.000022592471993,-360.42681884765625,46.756927490234375,106.99015045166016
594,118.8,-0.04343940360575626,-0.053069919385152424,-0.023482325790225023,-0.07704175374560186,20.00037039294639,-360.91033935546875,48.47584533691406,105.41071319580078
595,119.0,-0.04345872513343203,-0.05309352449551391,-0.024757417343312854,-0.08122512511663454,20.00033083606153,-361.3463439941406,50.20744705200195,103.8310546875
596,119.2,-0.04346602192759866,-0.05310243898894728,-0.026124894966132073,-0.08571160040068475,20.000038857145896,-361.73443603515625,51.95039749145508,102.25093078613281
597,119.4,-0.043439365083688404,-0.05306987232274212,-0.02758350208125139,-0.09049705696825282,19.99977724873268,-362.0742492675781,53.703369140625,100.6703872680664
598,119.6,-0.0434496231867344,-0.05308240464723341,-0.029062858757275795,-0.09535058952522071,19.999751715252696,-362.3656311035156,55.46501922607422,99.09043884277344
599,119.8,-0.043440591104898264,-0.05307137015285421,-0.030706926376035365,-0.10074451233155186,19.999909630626224,-362.6082763671875,57.234046936035156,97.51052856445312
600,120.0,-0.04344274269612287,-0.053073998751853306,-0.032274327761939274,-0.10588690549448085,20.0001013110747,-362.8020935058594,59.00910949707031,95.93073272705078
601,120.2,-0.03871217791540296,-0.0472946677592478,-0.03389214966140113,-0.1111947202951113,20.000199590373498,-362.9469299316406,60.78886032104492,94.3509750366211
602,120.4,-0.03642111876184328,-0.04449568079134393,-0.006010925492453266,-0.019720884792660372,20.00210750356579,-363.0457763671875,62.5718994140625,92.89082336425781
603,120.6,-0.007417764546152066,-0.009062282946033978,-0.004759917159532109,-0.015616526613679323,20.003065148666586,-363.1017761230469,64.35692596435547,91.5363540649414
604,120.8,0.009297961427905349,0.011359319476471964,-0.008059100664584486,-0.026440619824395366,20.006824624312294,-363.1354675292969,66.14286804199219,90.9498291015625
605,121.0,0.005999653257930043,0.0073297763852131345,-0.010384516207255678,-0.034069936153412715,20.00572035495015,-363.1696472167969,67.92887878417969,91.09230041503906
606,121.2,-0.0016139216641759947,-0.0019717280971238127,-0.00625570774488091,-0.020523976197715083,20.003265869801396,-363.2102966308594,69.71459197998047,91.33763885498047
607,121.4,-0.003932302297026848,-0.0048040937162777,-0.0006262321867630631,-0.002054567607619728,20.000904320879997,-363.25244140625,71.50003051757812,91.36236572265625
608,121.6,-0.002187159788811431,-0.002672053113990925,0.002198236084157708,0.007212060874347974,20.00005089678154,-363.2917785644531,73.2853775024414,91.24759674072266
609,121.8,-0.00011406729116644248,-0.00013935600961804278,0.0020855580271483118,0.006842382197789267,20.000845249775665,-363.32818603515625,75.07081604003906,91.1497802734375
610,122.0,0.0007457856343457306,0.0009111263094801791,0.0007621837915854825,0.0025006030707853144,20.002045821695564,-363.36334228515625,76.85636901855469,91.12207794189453
611,122.2,0.0006386320319326066,0.0007802167534120655,-0.0002641522679513314,-0.0008666413267854461,20.002476183749415,-363.3988342285156,78.64202117919922,91.13884735107422
612,122.4,0.0006221455659626874,0.0007600752379366151,-0.0007095275885797871,-0.0023278464937161085,20.00185911797517,-363.4349060058594,80.4276123046875,91.16295623779297
613,122.6,-0.00022852352693381164,-0.0002791871928550377,-0.00032917029916546166,-0.0010799550843140133,20.000780898188953,-363.4718017578125,82.2131118774414,91.18605041503906
614,122.8,-0.0003883766839263049,-0.0004744797947527667,2.258715053418854e-05,7.410482695858713e-05,20.000047658388524,-363.5086669921875,83.99851989746094,91.18690490722656
615,123.0,-0.0001573870201022433,-0.00019227972245891063,0.00019149170668114612,0.0006282536509477714,20.00001709441685,-363.54534912109375,85.7839126586914,91.17488861083984
616,123.2,-0.00024493222348230363,-0.00029923369742833035,-3.480705406824075e-05,-0.00011419637526924698,20.000463062445075,-363.5816345214844,87.5693130493164,91.16670227050781
617,123.4,-0.002369667114693424,-0.0028950223140209556,-0.0002645714696196612,-0.0008680166603869693,20.000866701297106,-363.6179504394531,89.35478210449219,91.15850830078125
618,123.6,-0.004627117898927531,-0.0056529499371197655,-0.0024494586427150668,-0.0080362818933653,20.00084200194989,-363.65240478515625,91.14031219482422,91.0945053100586
619,123.8,-0.005775937002993387,-0.007056462236557021,-0.003396625849099515,-0.011143785950759653,20.00041022608555,-363.6827392578125,92.92586517333984,90.95016479492188
620,124.0,-0.005995618398968947,-0.007324846998020362,-0.0036795014882672426,-0.0120718556627667,19.999973557562974,-363.7073059082031,94.71147155761719,90.75173950195312
621,124.2,-0.005792865796191534,-0.0070771441432071975,-0.004329345431039777,-0.014203889663972541,19.9998493148508,-363.72515869140625,96.49715423583984,90.53453826904297
622,124.4,-0.005644195699226578,-0.006895513885745111,-0.0008644662558661849,-0.0028361754708960143,20.0000296706072,-363.73638916015625,98.28286743164062,90.31956481933594
623,124.6,-0.005496776011790807,-0.006715411253604829,-0.0011442019785582406,-0.003753943619333018,20.00029315323272,-363.7410888671875,100.06864166259766,90.11033630371094
624,124.8,-0.005516779413367713,-0.006739849409311335,-0.001480860530761238,-0.0048584664637427,20.000402795605364,-363.7393798828125,101.85442352294922,89.90657043457031
625,125.0,-0.005617289208979531,-0.0068626422266102926,-0.0017539987188346369,-0.00575458915670143,20.000298808093035,-363.7313537597656,103.64021301269531,89.70387268066406
626,125.2,-0.005065110984143809,-0.006188046089328492,-0.0020430165096592514,-0.006702810285550458,20.000090069903028,-363.7169494628906,105.42593383789062,89.49847412109375
627,125.4,-0.0027530804913586024,-0.0033634384362928047,-0.001954158831473798,-0.006411282460652495,19.999981681216564,-363.69647216796875,107.21158599853516,89.30626678466797
628,125.6,-0.0006218616598174017,-0.0007597283897989197,-0.000497946047304969,-0.0016336813098400344,20.000089526948255,-363.6716613769531,108.99718475341797,89.17951202392578
629,125.8,0.00028806322807615895,0.0003519268457406434,-0.0004050060352715941,-0.0013287600007604568,20.000220008997285,-363.6449890136719,110.78273010253906,89.13201141357422
630,126.0,0.00032449854311577083,0.00039643987012453726,-0.00063210843182104,-0.002073846627455741,20.000253444977794,-363.6180419921875,112.56827545166016,89.13134002685547
631,126.2,0.00015233631096874667,0.0001861092711105178,-0.0007906749201805011,-0.002594077905124995,20.000183916976134,-363.59112548828125,114.35382843017578,89.14226531982422
632,126.4,4.976843311270706e-06,6.080209473379421e-06,-0.00043061514459163605,-0.0014127793909820233,20.000084456069466,-363.5647277832031,116.13937377929688,89.1496810913086
633,126.6,-0.0002818121868829935,-0.0003442899487149532,7.214973307304029e-05,0.0002367117302553535,20.000024340135134,-363.5384826660156,117.92491912841797,89.15155792236328
634,126.8,-0.0001007442723912214,-0.0001230792775803552,7.601966240638764e-05,0.0002494083492093728,20.000028882246614,-363.5117492675781,119.71046447753906,89.14440155029297
635,127.0,5.4801743570159356e-05,6.695129011966369e-05,8.893917077040011e-06,2.917951890303595e-05,20.000068772507287,-363.48492431640625,121.49600982666016,89.1388931274414
636,127.2,9.682563031132876e-05,0.00011829187255135036,-0.00011905670640508436,-0.00039060600464205697,20.000091185566646,-363.4580383300781,123.28156280517578,89.13908386230469
637,127.4,7.254146193122405e-05,8.862390404137642e-05,-0.0002745649156108581,-0.0009008035577327277,20.00009992473064,-363.4311218261719,125.06710815429688,89.14208221435547
638,127.6,4.055929391744156e-05,4.955128937893836e-05,-0.00043644245526706146,-0.001431897864938386,20.000076853100552,-363.40423583984375,126.85265350341797,89.14500427246094
639,127.8,-1.9866608126726015e-05,-2.4271035148421173e-05,-0.0003509079743947586,-0.0011512729187132997,20.00003612554055,-363.3775634765625,128.63819885253906,89.1468505859375
640,128.0,-3.390873405740616e-05,-4.142630039793311e-05,-0.00026516192268577314,-0.000869953842424392,20.000020758933836,-363.35089111328125,130.4237518310547,89.1468505859375
641,128.2,0.0001013000132174483,0.0001237582261477566,-0.0003935449704284659,-0.001291158080780528,20.000031594023856,-363.3240051269531,132.20928955078125,89.145751953125
642,128.4,-8.699301585421788e-05,-0.00010627936746909799,-0.00016644427466005855,-0.0005460770340757065,20.00005359575781,-363.2974853515625,133.99484252929688,89.14801025390625
643,128.6,-7.878099455393845e-05,-9.624674104654661e-05,-0.00013105529889717842,-0.00042997146683381886,20.000074281380694,-363.2707824707031,135.78038024902344,89.14679718017578
644,128.8,4.531842657011608e-05,5.536552174071081e-05,-0.00025903897582732135,-0.0008498654334533089,20.00006017988477,-363.243896484375,137.56593322753906,89.14395904541016
645,129.0,7.189539404686593e-05,8.783460290705611e-05,-0.0003883750188828604,-0.0012741962969516436,20.000046285837524,-363.2170104980469,139.3514862060547,89.14425659179688
646,129.2,-1.4655488730174075e-06,-1.7904610581653667e-06,-0.0003627926075862153,-0.0011902644986731587,20.00003227785585,-363.1903076171875,141.13702392578125,89.14653778076172
647,129.4,-6.633899194057307e-05,-8.104634645379811e-05,-0.0001855612852321763,-0.0006087968870411334,20.00002943948859,-363.1637268066406,142.92257690429688,89.14724731445312
648,129.6,-1.0470406056335265e-05,-1.2791695079024794e-05,-0.00025298058993179426,-0.0008299888386718279,20.000033678366417,-363.13690185546875,144.70811462402344,89.14555358886719
649,129.8,3.1552809505982414e-05,3.854806737345872e-05,-0.0003690458381023706,-0.0012107803474797816,20.00002867054681,-363.1100158691406,146.49366760253906,89.14461517333984
650,130.0,3.463368286228884e-05,4.2311970352858275e-05,-0.0005088811153085779,-0.0016695575183489947,20.000034104784167,-363.0831604003906,148.2792205810547,89.145263671875
651,130.2,0.0001122116348468719,0.0001370889542924234,-0.0005150034103828163,-0.001689643788920359,20.000036275838056,-363.056396484375,150.06475830078125,89.14644622802734
652,130.4,-0.0001564531481683226,-0.00019113881111723974,-0.00012421308990890646,-0.0004075232738967367,20.000035355892624,-363.030029296875,151.85031127929688,89.1497573852539
653,130.6,-0.00011399877139436824,-0.00013927229901249967,-8.320390483443352e-06,-2.7297869913700285e-05,20.000035936492722,-363.0033874511719,153.63584899902344,89.14688110351562
654,130.8,3.4760161086399664e-05,4.2466488799254466e-05,-0.00013874248383275627,-0.0004551918906578601,20.000033139988428,-362.97650146484375,155.42140197753906,89.14236450195312
655,131.0,6.665726421106761e-05,8.14351796866613e-05,-0.00026440794274577276,-0.0008674801548780411,20.000037562280266,-362.94964599609375,157.2069549560547,89.14201354980469
656,131.2,6.179564724860165e-05,7.549574224361663e-05,-0.00039255497993329145,-0.00128791008036434,20.000037292556527,-362.9227600097656,158.99249267578125,89.14402770996094
657,131.4,1.152719199266063e-05,1.4082770457433494e-05,-0.00039118738697950777,-0.0012834232266978483,20.0000324833178,-362.89599609375,160.77804565429688,89.14630889892578
658,131.6,-5.750463503966816e-05,-7.02534126279626e-05,-0.0002217465240670364,-0.0007275148660200957,20.000032252681805,-362.86944580078125,162.56358337402344,89.14729309082031
659,131.8,-2.671914498035892e-05,-3.2642779422504494e-05,-0.0002582776237767051,-0.0008473675591915651,20.00003285594452,-362.8426513671875,164.34912109375,89.14598083496094
660,132.0,0.00010521262920779692,0.0001285382691031655,-0.0003878038637421897,-0.0012723224283199255,20.000029835871846,-362.8157653808594,166.13458251953125,89.14468383789062
661,132.2,-1.196481829540088e-05,-1.4617418511491256e-05,-0.00027291396312786355,-0.0008953870467884198,20.000036581499742,-362.78912353515625,167.92005920410156,89.1470947265625
662,132.4,-0.00011748847436134774,-0.00014353566912725854,-7.322448190441415e-05,-0.00024023780921127812,20.000033747479645,-362.7625732421875,169.7055206298828,89.14788055419922
663,132.6,-1.814658825008164e-05,-2.2169686865124738e-05,-0.00016518498980042443,-0.0005419455219368244,20.000032153120504,-362.7357482910156,171.49099731445312,89.14474487304688
664,132.8,5.5920311474821575e-05,6.831784452878951e-05,-0.0002947104511816654,-0.0009668978366548551,20.00003080250302,-362.7088623046875,173.27645874023438,89.14306640625
665,133.0,6.87415988726101e-05,8.398161134266775e-05,-0.0004238039148137542,-0.0013904328358775573,20.000030474660342,-362.6819763183594,175.0619354248047,89.14425659179688
666,133.2,6.380714974024255e-07,7.795319483765432e-07,-0.00036360503855915795,-0.0011929299547064278,20.00003231999414,-362.6552734375,176.84739685058594,89.14659881591797
667,133.4,-5.840024631639827e-05,-7.134758092474377e-05,-0.00022443447739458472,-0.0007363336108152493,20.000035079685993,-362.6286926269531,178.63287353515625,89.14736938476562
668,133.6,-2.4028234472535498e-05,-2.9355294055096617e-05,-0.00026251549116321216,-0.0008612713240279129,20.000041834501943,-362.6018981933594,180.4183349609375,89.1458969116211
669,133.8,9.841134883149038e-05,0.00012022914486743179,-0.00036109480284458005,-0.001184694272964612,20.000042508362174,-362.5750427246094,182.2038116455078,89.1446762084961
670,134.0,1.11633433114212e-05,1.3638256523563281e-05,-0.0003073319949610659,-0.0010083071023480634,20.000040285582152,-362.54833984375,183.98927307128906,89.14691925048828
671,134.2,-0.00011309758243005131,-0.0001381713164547937,-0.0001087839616183417,-0.0003569027726359202,20.00003611533658,-362.52178955078125,185.7747344970703,89.14820098876953
672,134.4,-3.25917933147096e-05,-3.981739389258072e-05,-0.00016929222724331415,-0.0005554207108289548,20.000034607866343,-362.4949951171875,187.56021118164062,89.14546203613281
673,134.6,6.126488157729292e-05,7.484730582297877e-05,-0.00029861433106414246,-0.0009797058419284811,20.00003034922975,-362.4681091308594,189.34567260742188,89.14344787597656
674,134.8,5.662311073313803e-05,6.917645438267473e-05,-0.00039511129123754327,-0.0012962969287437815,20.000036571292636,-362.4412536621094,191.1311492919922,89.14463806152344
675,135.0,1.378646804600353e-06,1.6842928011802513e-06,-0.0004044190334780177,-0.0013268341417960196,20.00003302797732,-362.4145202636719,192.91661071777344,89.14669799804688
676,135.2,-6.477745432074904e-05,-7.91386159436591e-05,-0.0001981255711263081,-0.0006500182987740366,20.000028618947137,-362.3879699707031,194.70208740234375,89.14736938476562
677,135.4,-1.9652465770228976e-05,-2.400941743148874e-05,-0.00023590521909496766,-0.0007739672790155337,20.00002195677286,-362.3611755371094,196.487548828125,89.1457290649414
678,135.6,-0.0015830733150218764,-0.0019340406689622265,-0.00034972260419719077,-0.0011473839087543113,20.000025531886752,-362.33428955078125,198.2730255126953,89.14456939697266
679,135.8,-0.002236078139343889,-0.0027318166628364296,-0.0013608891619452078,-0.004464859598076316,20.00002081900242,-362.3065490722656,200.05848693847656,89.10333251953125
680,136.0,-0.03815010376833393,-0.04660798177377356,-0.002023570241567527,-0.0066390101913444055,20.00001416904772,-362.2767639160156,201.84396362304688,89.02908325195312
681,136.2,-0.07799683087778593,-0.09528872828339106,-0.0056497420972038,-0.018535899862190116,19.989411595339515,-362.220703125,203.6281280517578,88.02848052978516
682,136.4,-0.08915081664727395,-0.10891555269797458,-0.0012868348167178467,-0.00422189914008058,19.96304820139636,-362.09869384765625,205.40675354003906,85.6729736328125
683,136.6,-0.07657264489537267,-0.0935488002686768,-0.0045762227423626345,-0.015013854622053025,19.959366939694572,-361.8865051269531,207.17544555664062,82.61885833740234
684,136.8,-0.06527400714791627,-0.0797452545326093,-0.014351965917440257,-0.04708650386057469,19.990381971393248,-361.58538818359375,208.9329376220703,79.7403793334961
685,137.0,-0.06767236329497484,-0.08267532623747076,-0.019669918498088107,-0.06453385540526739,20.022570114852435,-361.2061767578125,210.6785125732422,77.25570678710938
686,137.2,-0.07600427344554543,-0.09285442086842285,-0.01757858970241824,-0.05767254023928186,20.02530211251676,-360.75250244140625,212.40780639648438,74.82718658447266
687,137.4,-0.07897948964796218,-0.0964892425029154,-0.013655614438008695,-0.04480188607279645,20.000798967027677,-360.22064208984375,214.11325073242188,72.1751480102539
688,137.6,-0.07543479333326739,-0.09215868701525277,-0.012970355263613037,-0.0425536603630722,19.97743710099865,-359.6074523925781,215.78872680664062,69.36856842041016
689,137.8,-0.07189361385446888,-0.08783242804600463,-0.01482312660670071,-0.048632306696327954,19.97649574892427,-358.9148254394531,217.43173217773438,66.61750030517578
690,138.0,-0.07240168848948725,-0.08845314282760658,-0.015986932329287218,-0.05245056706321868,19.99336744474411,-358.146484375,219.0417938232422,63.9866828918457
691,138.2,-0.07494788707377582,-0.09156383363803192,-0.01510681253599877,-0.04956303484060621,20.009157370112877,-357.30487060546875,220.6165313720703,61.37819290161133
692,138.4,-0.07579241903276246,-0.0925955983323259,-0.013826501499945243,-0.04536253918108035,20.011404045732192,-356.3904724121094,222.15118408203125,58.70211410522461
693,138.6,-0.074463239684751,-0.09097173992286031,-0.013668637246666004,-0.04484461182435169,20.0030063609857,-355.40460205078125,223.6405029296875,55.980003356933594
694,138.8,-0.073449383787119,-0.08973311217272328,-0.014095348876753344,-0.046244584408807445,19.99427498484012,-354.35028076171875,225.0810546875,53.28221893310547
695,139.0,-0.07380272457118903,-0.09016478860862163,-0.014275727137379013,-0.046836376621398564,19.991680609317527,-353.2303466796875,226.47056579589844,50.622920989990234
696,139.2,-0.07452924487279765,-0.09105237846109689,-0.054188432040760015,-0.17778357537660708,19.995003035460407,-352.0471496582031,227.80667114257812,47.965492248535156
697,139.4,-0.07463927159076544,-0.09118679810243814,-0.05252048736708714,-0.17231131577343417,20.00022459882275,-350.802490234375,229.08639526367188,45.28683090209961
698,139.6,-0.07450954308102609,-0.09102830878208956,-0.05101500791803765,-0.16737207857781464,20.003465338285455,-349.4990234375,230.30665588378906,42.597469329833984
699,139.8,-0.07432678341689682,-0.09080503130042285,-0.049880947520617724,-0.16365140786354346,20.00296426387731,-348.1396789550781,231.46450805664062,39.90953063964844
700,140.0,-0.07423440633503663,-0.09069217421951424,-0.048829091906795186,-0.1602004378914899,20.00010426311713,-346.72784423828125,232.55735778808594,37.22756576538086
701,140.2,-0.07420003913901331,-0.09065018781613256,-0.04791829887285637,-0.15721227167402207,19.99761851288296,-345.26654052734375,233.58290100097656,34.55018997192383
702,140.4,-0.0742208290049343,-0.09067558679532824,-0.04691486417914398,-0.15392016299350272,19.99729148324172,-343.7591247558594,234.5390167236328,31.87481689453125
703,140.6,-0.07425024543677772,-0.09071152485011134,-0.045903102859690015,-0.1506007359861854,19.998864967633633,-342.2086181640625,235.4237518310547,29.19921112060547
704,140.8,-0.061982273078987994,-0.07572374302059963,-0.04486231596380827,-0.14718608070670072,20.000725437284085,-340.6183776855469,236.23516845703125,26.522462844848633
705,141.0,-0.03918595164149218,-0.047873477120411,-0.022742886459792305,-0.07461577161274499,20.009623888788628,-338.99462890625,236.97894287109375,24.15071678161621
706,141.2,-0.028882441154935656,-0.03528567835898489,-0.004833973004979508,-0.01585949199365697,20.02062768703695,-337.347412109375,237.6719207763672,22.47428321838379
707,141.4,-0.02493656967000882,-0.030465007165849777,4.734148319229803e-05,0.00015531983171661906,20.02025209940175,-335.6846923828125,238.3284149169922,21.29461097717285
708,141.6,-0.032695195523803566,-0.03994372037143082,-0.0090351035168178,-0.02964272902211651,20.010625896504,-334.01104736328125,238.95516967773438,20.332965850830078
709,141.8,-0.03892792560730378,-0.04755824671444303,-0.01173943554938131,-0.03851520972783218,19.997480739926054,-332.3268737792969,239.5493927001953,19.220718383789062
710,142.0,-0.04000596988307863,-0.04887529340615717,-0.014214982240198164,-0.04663708233293175,19.990848103888265,-330.63043212890625,240.10462951660156,17.87473487854004
711,142.2,-0.03879261561143457,-0.04739293849248962,-0.019880419155930987,-0.06522447438354462,19.994918846354548,-328.9207763671875,240.6176300048828,16.434480667114258
712,142.4,-0.03770354520966427,-0.04606242118264684,-0.02869914609582211,-0.094157306477017,20.004183745273632,-327.1982421875,241.08824157714844,15.009990692138672
713,142.6,-0.037846611377798746,-0.04623720512025673,-0.004816968886730749,-0.01580370420234171,20.010116650397,-325.4640808105469,241.5170440673828,13.624000549316406
714,142.8,-0.037400222575269766,-0.045691851920207076,-0.007138204297729336,-0.023419306188162316,20.008529147369586,-323.719970703125,241.90403747558594,12.245802879333496
715,143.0,-0.034290710414857595,-0.041892960913831524,-0.011063047408457916,-0.03629608845956507,20.002523577193777,-321.967529296875,242.24916076660156,10.878316879272461
716,143.2,-0.030753985048881872,-0.037572143534218984,-0.013849621646652755,-0.04543839268320422,19.99839900149649,-320.2081298828125,242.55435180664062,9.594531059265137
717,143.4,-0.028890751956111963,-0.035295831664781986,-0.01783125293428768,-0.058501487876928396,19.998717771894917,-318.4429626464844,242.8231201171875,8.432491302490234
718,143.6,-0.02848171888465402,-0.03479611596138182,-0.0239837884948043,-0.07868697264529374,20.001688829769837,-316.67279052734375,243.0581817626953,7.3553595542907715
719,143.8,-0.028501054279561486,-0.03481973801334027,-0.006235305989955767,-0.020457041304086477,20.004047266859565,-314.8983154296875,243.26068115234375,6.309454917907715
720,144.0,-0.02935234284138481,-0.03585975724931982,-0.0065594201626687915,-0.021520408046490278,20.00400432540491,-313.12042236328125,243.43089294433594,5.26830530166626
721,144.2,-0.029494120259606474,-0.03603296672116123,-0.00797476859588117,-0.026163939800110773,20.001751228253923,-311.3397521972656,243.56817626953125,4.205607891082764
722,144.4,-0.029203967582325543,-0.03567848719532712,-0.010887588604295274,-0.0357204361965161,19.99955832606404,-309.55706787109375,243.67208862304688,3.130779504776001
723,144.6,-0.026544809665189815,-0.032429793967962396,-0.015215168340949952,-0.049918532899722236,19.998991783009302,-307.7728576660156,243.74269104003906,2.061516284942627
724,144.8,-0.01717389688677206,-0.020981349826569427,-0.015581558555071578,-0.05112060056982103,20.0006524470619,-305.9875793457031,243.7818145751953,1.0628803968429565
725,145.0,-0.00750898057789565,-0.009173721572015115,-0.00041052051031214166,-0.0013468521110524868,20.003953917285454,-304.20166015625,243.79673767089844,0.3311258554458618
726,145.2,-0.0032018326716919945,-0.00391167897500611,0.003722794424068507,0.012213892858260921,20.005434635179867,-302.4154357910156,243.79766845703125,-0.0550842247903347
727,145.4,0.002628852707128584,0.003211669352298991,0.001198011468133744,0.003930483945111913,20.00393148558924,-300.6292724609375,243.79193115234375,-0.22583003342151642
728,145.6,0.0028597222341935824,0.0034937226535143,-0.001591478011998622,-0.0052213847208855595,20.001022556456448,-298.8432922363281,243.78591918945312,-0.195587158203125
729,145.8,0.0004864766889547427,0.0005943285708960092,-0.0018364617634945468,-0.006025137212143449,19.999127648394527,-297.0575256347656,243.782470703125,-0.0965576097369194
730,146.0,-0.0008996991584945606,-0.0010991624619328046,-0.0005741948267582004,-0.0018838413554213742,19.999271162163097,-295.271728515625,243.780517578125,-0.0531921312212944
731,146.2,-0.000819417556486291,-0.0010010824287593016,0.000489653225763935,0.0016064738892153487,20.000683056109544,-293.4859619140625,243.7783660888672,-0.0698242038488388
732,146.4,-0.0002512557670175667,-0.0003069591705653612,0.0007602103770290605,0.002494128613372023,20.00190084148678,-291.7001037597656,243.77542114257812,-0.099945068359375
733,146.6,0.0001161678270794332,0.00014192223434294354,0.000501623735118526,0.001645747215126265,20.001983040873622,-289.9141540527344,243.77194213867188,-0.11538694053888321
734,146.8,0.00018824970438251215,0.0002299846638441151,0.0001418783823595156,0.0004654802719803931,20.00106120462843,-288.1282653808594,243.7683868408203,-0.11544797569513321
735,147.0,0.00023543223653234728,0.0002876275633715687,-0.00010652729737515502,-0.00034949901832030363,20.00000063666792,-286.3424987792969,243.76492309570312,-0.1095275729894638
736,147.2,-8.305071240367027e-06,-1.0146305534356396e-05,-8.022027125277652e-05,-0.00026318987473695934,19.99955357462016,-284.55670166015625,243.76173400878906,-0.1014404222369194
737,147.4,-9.644329869594118e-05,-0.00011782477801683134,-8.177589390729201e-06,-2.6829362376679994e-05,19.999862128482658,-282.77093505859375,243.7585906982422,-0.0991210862994194
738,147.6,-6.57738923824155e-05,-8.035596432359702e-05,9.446389562052016e-05,0.0003099209273076274,20.000464014810387,-280.9851379394531,243.75547790527344,-0.1015624925494194
739,147.8,-3.4046808047283327e-05,-4.159498539136604e-05,0.0001963043224270952,0.000644043073191711,20.000810892759322,-279.1993713378906,243.7523651123047,-0.1042785570025444
740,148.0,6.295881071324644e-05,7.691677904837318e-05,-2.0823407691799347e-05,-6.831826889156297e-05,20.00066222019802,-277.41357421875,243.7489471435547,-0.1058959886431694
741,148.2,3.191207742049828e-05,3.8986984984622744e-05,-9.830093840822109e-06,-3.2250965076722805e-05,20.000235763468122,-275.6278076171875,243.74574279785156,-0.1046447604894638
742,148.4,-1.4473482271424885e-05,-1.768225329099978e-05,6.22532252672588e-05,0.00020424287158583336,19.999891796257284,-273.8420104980469,243.7425994873047,-0.1031799241900444
743,148.6,-3.2104001966748145e-05,-3.922145920277621e-05,0.00014954036076107345,0.0004906179971993602,19.999841145577516,-272.0562438964844,243.73947143554688,-0.1031799241900444
744,148.8,-2.9870163605246907e-05,-3.649237887653015e-05,0.00025208626058345575,0.0008270546871726249,20.000027538271734,-270.2704772949219,243.73635864257812,-0.104156494140625
745,149.0,-2.572090612082457e-05,-3.142323100781138e-05,0.000186840700734429,0.0006129944445975441,20.00024794205569,-268.48468017578125,243.7330780029297,-0.1052856296300888
746,149.2,9.772303387380426e-05,0.00011938823048362667,-3.557111007356493e-05,-0.00011670312077375476,20.000323198925983,-266.69891357421875,243.72964477539062,-0.10626220703125
747,149.4,2.743819509688108e-05,3.352124294985962e-05,-1.999918854929557e-05,-6.561413776007089e-05,20.000217912293863,-264.9131164550781,243.72645568847656,-0.1040038987994194
748,149.6,-3.616773195347507e-05,-4.4186118127560495e-05,5.202918261595167e-05,0.00017069942349371887,20.00004918761664,-263.1273498535156,243.7233123779297,-0.102325439453125
749,149.8,-4.728831545996238e-05,-5.7772134997436036e-05,0.00013936990020762093,0.000457250343397171,19.999956423284818,-261.341552734375,243.72018432617188,-0.1029052659869194
750,150.0,-2.6315055813752777e-05,-3.214910368766177e-05,0.00021145458516068095,0.0006937486611785685,19.999974591437027,-259.5557861328125,243.717041015625,-0.1044921800494194
751,150.2,4.2387704381489496e-05,5.178505844286571e-05,4.3051967416546616e-05,0.0001412466167789028,20.0000625575325,-257.7699890136719,243.71365356445312,-0.1056823655962944
752,150.4,2.372944158091284e-05,2.8990258779401216e-05,3.513222453409141e-05,0.00011526320754042846,20.000133768821808,-255.9842071533203,243.71044921875,-0.1048889011144638
753,150.6,-9.859157746081388e-06,-1.2044933018387633e-05,0.00010718806967075552,0.00035166690649860154,20.0001312335207,-254.19842529296875,243.70730590820312,-0.103851318359375
754,150.8,-7.93086235124316e-05,-9.689134534513768e-05,0.00019450267913598686,0.0006381321698165111,20.000076155494586,-252.4126434326172,243.7041778564453,-0.103851318359375
755,151.0,4.256537335977462e-05,5.200211663363665e-05,6.816711402985657e-05,0.00022364539439371464,20.000022883961766,-250.6268768310547,243.70083618164062,-0.1059875413775444
756,151.2,8.437691663947615e-05,0.00010308327905844801,-5.814097710485702e-05,-0.0001907512433246991,20.000002002779578,-248.84109497070312,243.69749450683594,-0.1057128831744194
757,151.4,-5.850390412412555e-06,-7.147421966844419e-06,1.3918117426866107e-05,4.56631163787594e-05,20.000021268934294,-247.05531311035156,243.69435119628906,-0.1031188890337944
758,151.6,-4.825494442443623e-05,-5.895306560333374e-05,0.00010125695146845544,0.0003322078566557673,20.00004748458079,-245.26953125,243.69122314453125,-0.102386474609375
759,151.8,-3.8806759804215774e-05,-4.7410218452810415e-05,0.00018856892506608934,0.0006186644721138285,20.000065812394975,-243.48374938964844,243.68809509277344,-0.1036376878619194
760,152.0,-8.767516746903889e-10,-1.0711275209692482e-09,0.00017220045236863838,0.0005649621321491236,20.00006876682061,-241.69796752929688,243.6848602294922,-0.1051635667681694
761,152.2,5.986734020062545e-05,7.313992952310411e-05,-6.401714736432342e-05,-0.00021003001775876684,20.000047241962697,-239.9121856689453,243.68142700195312,-0.1055908128619194
762,152.4,1.1113274012986409e-05,1.3577086861665497e-05,2.329746210090835e-05,7.643524555914415e-05,20.00002425035174,-238.12640380859375,243.6782989501953,-0.1040649339556694
763,152.6,-5.08513122278727e-05,-6.212504814879207e-05,9.535330723757225e-05,0.00031283894451731653,20.000020017284058,-236.3406219482422,243.67515563964844,-0.1031494066119194
764,152.8,-5.425944658269376e-05,-6.628876589007697e-05,0.0001826679167028038,0.0005993042078352268,20.000030009913576,-234.55484008789062,243.67202758789062,-0.1043090671300888
765,153.0,8.387093259302201e-05,0.00010246511834889499,-1.992681395039295e-05,-6.537668828100721e-05,20.000041927883007,-232.76905822753906,243.66860961914062,-0.106231689453125
766,153.2,4.3179977027632756e-05,5.275297793465894e-05,-8.885734280936436e-06,-2.9152672458267494e-05,20.00004565907674,-230.9832763671875,243.6654052734375,-0.1046447604894638
767,153.4,-2.5815158572621677e-05,-3.1538379228171904e-05,6.244985128315556e-05,0.0002048879700838281,20.000040705042302,-229.19749450683594,243.66226196289062,-0.1026916429400444
768,153.6,-4.521043537622164e-05,-5.523358889912998e-05,0.00013522595599239166,0.00044365472545807824,20.000037352322725,-227.41171264648438,243.6591339111328,-0.1028747484087944
769,153.8,-4.357900859608657e-05,-5.324047480183896e-05,0.0002530535055060754,0.0008302280630045524,20.000027777214388,-225.6259307861328,243.65603637695312,-0.1043090671300888
770,154.0,3.59567258214155e-05,4.392833193602332e-05,6.574241963719146e-05,0.00021569036004248323,20.000028776627826,-223.84014892578125,243.6526336669922,-0.1058959886431694
771,154.2,4.753449745911011e-05,5.807289554579482e-05,-1.4789378511819622e-05,-4.852158459671829e-05,20.000033928264596,-222.0543670654297,243.6493377685547,-0.1054382175207138
772,154.4,7.0874899534146326e-06,8.658786476086656e-06,4.945908639999541e-05,0.00016226734902456094,20.000039229863276,-220.26858520507812,243.64617919921875,-0.1038818359375
773,154.6,-6.202895357751106e-05,-7.578077258564526e-05,0.00013840804913842664,0.0004540946639353156,20.000037149646797,-218.48280334472656,243.64306640625,-0.1031799241900444
774,154.8,-3.436169243531469e-05,-4.197967964822396e-05,0.00015560186391247,0.000510504819198588,20.00003037748823,-216.697021484375,243.63987731933594,-0.1046752780675888
775,155.0,8.971168400774638e-05,0.00010960076435226375,-5.9354487635442836e-05,-0.00019473257721386628,20.000018196086817,-214.91123962402344,243.63644409179688,-0.106201171875
776,155.2,3.7018166368398445e-05,4.5225093852272384e-05,-3.597697439140015e-05,-0.00011803469666228126,20.000026161083838,-213.12545776367188,243.63323974609375,-0.1042785570025444
777,155.4,-2.6665638118063408e-05,-3.257741008883807e-05,3.610405806539382e-05,0.00011845163786326666,20.000036333871602,-211.3396759033203,243.63009643554688,-0.1024169921875
778,155.6,-3.879713758056931e-05,-4.739846298218152e-05,0.00012341866753062537,0.00040491690118117695,20.000052162322838,-209.55389404296875,243.62696838378906,-0.1026916429400444
779,155.8,-3.3036027555614705e-05,-4.0360114864694484e-05,0.0002143323755986066,0.0007031902311589325,20.00004880140905,-207.76812744140625,243.62384033203125,-0.1039428636431694
780,156.0,-2.171914216138934e-06,-2.6534275978569355e-06,0.00017597777183254852,0.0005773549129390984,20.000036732118975,-205.9823455810547,243.62060546875,-0.1051940768957138
781,156.2,5.4719443143753425e-05,6.685074368872356e-05,-5.7141669602137546e-05,-0.00018747267529747695,20.000021700054763,-204.19656372070312,243.61715698242188,-0.1056213304400444
782,156.4,3.004255823701602e-05,3.670299339816247e-05,-3.445887940412961e-07,-1.1305406990424458e-06,20.000015900862213,-202.41078186035156,243.61399841308594,-0.1042480319738388
783,156.6,-3.839582959337668e-05,-4.690818501422829e-05,7.171125634262282e-05,0.00023527315825913066,20.000017511461866,-200.625,243.61085510253906,-0.1029052659869194
784,156.8,-4.620613642353266e-05,-5.645003686862985e-05,0.00015902586580785448,0.0005217384215770413,20.000033654395132,-198.83921813964844,243.60772705078125,-0.1035766527056694
785,157.0,1.236005340671516e-05,1.5100277246983912e-05,0.00010719517538900511,0.0003516902192232635,20.000038990095778,-197.05343627929688,243.60446166992188,-0.1051330417394638
786,157.2,3.7625645796267373e-05,4.596725146929985e-05,2.8507272138384225e-05,9.35277987224965e-05,20.000042658072026,-195.2676544189453,243.60118103027344,-0.1053161472082138
787,157.4,-1.4498401439623216e-05,-1.7712697038787684e-05,0.00013108064593218334,0.0004300546264001444,20.00003530111011,-193.48187255859375,243.5980682373047,-0.1042480319738388
788,157.6,-3.42457263029842e-05,-4.18380038243558e-05,0.00021839525539741494,0.0007165198897180549,20.000031655858464,-191.6960906982422,243.59494018554688,-0.1042480319738388
789,157.8,7.089827265364188e-06,8.661641970095429e-06,0.0001531137272821686,0.00050234164101643,20.000030389474883,-189.91030883789062,243.59165954589844,-0.1052551195025444
790,158.0,3.7440164162372004e-05,4.5740648557169875e-05,3.31934473620885e-05,0.00010890238984343444,20.000032127758093,-188.12452697753906,243.58831787109375,-0.1054076999425888
791,158.2,-1.7535298083047527e-05,-2.1422873668059165e-05,0.00010688364556278736,0.00035066813970821526,20.000037532573074,-186.3387451171875,243.58518981933594,-0.1044006198644638
792,158.4,-5.35588528835689e-05,-6.543285056785613e-05,0.00018621205901557026,0.0006109319717006436,20.000038241543347,-184.55296325683594,243.58206176757812,-0.1044006198644638
793,158.6,7.099680142375904e-05,8.673679229940643e-05,-1.1310894334135013e-06,-3.710923456720352e-06,20.0000332523279,-182.76718139648438,243.5786590576172,-0.1060180589556694
794,158.8,2.7523418838969028e-05,3.362536079556846e-05,2.51484627175481e-05,8.25080824222405e-05,20.000028794185152,-180.9813995361328,243.57546997070312,-0.1047363132238388
795,159.0,-1.8481578445485838e-05,-2.257894438685005e-05,8.194554352564465e-05,0.00026885021702067596,20.0000305954199,-179.19561767578125,243.5723114013672,-0.1033019945025444
796,159.2,-4.239798153123674e-05,-5.179761403671193e-05,0.00018541649816693068,0.0006083218638459929,20.000035496433355,-177.4098358154297,243.56919860839844,-0.103485107421875
797,159.4,-2.4083190360288587e-05,-2.9422433663164566e-05,0.00021082594344182205,0.0006916861882816674,20.00004083305763,-175.62405395507812,243.56602478027344,-0.1047363132238388
798,159.6,5.15581555711305e-05,6.298859866125013e-05,-7.034733664296471e-06,-2.3079835595170432e-05,20.00003702037603,-173.83827209472656,243.56259155273438,-0.1058044359087944
799,159.8,2.8053965967273466e-05,3.4273530222217994e-05,3.986054158097588e-06,1.3077605924052891e-05,20.00003544585369,-172.052490234375,243.55938720703125,-0.1047668308019638
800,160.0,-9.036386696463517e-06,-1.1039753627069479e-05,7.602850952840115e-05,0.0002494373752011596,20.000030706359002,-170.26670837402344,243.55624389648438,-0.1035156175494194
801,160.2,-6.95449007858536e-05,-8.496300529007736e-05,0.0001633676504385266,0.0005359831222647355,20.000022554769824,-168.48092651367188,243.55311584472656,-0.1035156175494194
802,160.4,1.9139941872799867e-05,2.33832669859996e-05,9.80834749395495e-05,0.00032179618792067154,20.000024458433206,-166.69515991210938,243.54983520507812,-0.1053161472082138
803,160.6,7.82580155249279e-05,9.560781756680441e-05,-4.640260703797931e-05,-0.00015223952927448405,20.000027775792276,-164.9093780517578,243.54647827148438,-0.1055297702550888
804,160.8,-6.641837282581906e-07,-8.114332608130314e-07,1.3313700284364987e-05,4.3680120440956025e-05,20.000036401832595,-163.12359619140625,243.5433349609375,-0.1033325120806694
805,161.0,-4.349352654765393e-05,-5.31360413832688e-05,0.00010062830974959662,0.00033014538375886654,20.00004325499636,-161.3378143310547,243.5402069091797,-0.1025390625
806,161.2,-0.00022231843660322354,-0.0002716064339981582,0.00018793934722288334,0.0006165989279427246,20.00004655183855,-159.55203247070312,243.53707885742188,-0.1036376878619194
807,161.4,-0.0008652031682404191,-0.00105701871063932,-0.0001272429080167812,-0.0004174636223377764,20.000033661657163,-157.76625061035156,243.53370666503906,-0.10986325889825821
808,161.6,-0.0008842710124483651,-0.0010803138959081676,-0.0013421052509053665,-0.004403232591380362,20.00002682055951,-155.98046875,243.5296173095703,-0.1345825046300888
809,161.8,-0.000545954333105044,-0.0006669924087544323,-0.00010390328337350242,-0.0003408900482231217,20.00002707720689,-154.19468688964844,243.52464294433594,-0.166534423828125
810,162.0,-0.00040512837003813565,-0.0004949453296755903,0.00034106122585713305,0.0011189673122411164,20.000030161118275,-152.40890502929688,243.5188751220703,-0.1902770847082138
811,162.2,0.00010466142346049446,0.00012786486104168608,0.00022658684450991813,0.0007433951829419199,20.0000331835399,-150.62313842773438,243.51255798339844,-0.206939697265625
812,162.4,0.000288660410124675,0.00035265642304931543,-0.00012709868523780462,-0.0004169904504755989,20.000036393679682,-148.8373565673828,243.50601196289062,-0.208740234375
813,162.6,0.00010012044923859057,0.0001223171528347861,-0.0001892479661329546,-0.0006208922972076428,20.000037470233032,-147.05157470703125,243.49974060058594,-0.2004394382238388
814,162.8,-7.349588626521763e-05,-8.978992425021638e-05,-4.5921842372256594e-05,-0.00015066221732859433,20.000026723142756,-145.2657928466797,243.4936981201172,-0.1948242038488388
815,163.0,-8.279222631987194e-05,-0.00010114726289498756,5.109406957198425e-05,0.0001676314672145488,20.000031300435555,-143.48001098632812,243.48757934570312,-0.195526123046875
816,163.2,-8.476303159289101e-06,-1.0355499569703495e-05,-1.0479840219519698e-05,-3.438267898580901e-05,20.00002408178192,-141.69422912597656,243.48133850097656,-0.1983642727136612
817,163.4,1.8870469118486696e-05,2.3054052122055197e-05,-2.8980023541120507e-05,-9.50788204346498e-05,20.000027962067666,-139.908447265625,243.47509765625,-0.199493408203125
818,163.6,1.9964031513938344e-05,2.4390057300578475e-05,-0.00011241919401544292,-0.00036882938849362577,20.000039772867257,-138.12266540527344,243.46884155273438,-0.199127197265625
819,163.8,5.6643509359399744e-05,6.920137538437867e-05,-0.00015573297981825605,-0.0005109349895069271,20.000034673023404,-136.33688354492188,243.46258544921875,-0.1984253078699112
820,164.0,3.780912288063555e-05,4.619140542327245e-05,-0.00019904676562106875,-0.0006530405905202271,20.000036114672778,-134.5511016845703,243.45632934570312,-0.1967468112707138
821,164.2,-9.740928802382667e-05,-0.00011900492717870905,9.132447642741471e-06,2.996209952421193e-05,20.000036823280908,-132.76531982421875,243.45033264160156,-0.195159912109375
822,164.4,-3.3047647801906597e-05,-4.0374311319589286e-05,-1.1025861235494172e-05,-3.61740865758587e-05,20.00004234829386,-130.9795379638672,243.44412231445312,-0.1972656100988388
823,164.6,2.2135077580761413e-05,2.704242428041622e-05,-5.57523198553178e-05,-0.00018291444107412086,20.000040876815696,-129.19375610351562,243.4378662109375,-0.1990966796875
824,164.8,3.717830099737248e-05,4.542073032848996e-05,-0.0001282141935348976,-0.0004206502547170335,20.00003516962674,-127.40797424316406,243.43161010742188,-0.19891357421875
825,165.0,2.5545727581194746e-05,3.120921538594562e-05,-0.00015112805608830256,-0.0004958269715367466,20.000022816588736,-125.6221923828125,243.4253692626953,-0.1977538913488388
826,165.2,1.556164715536707e-05,1.901166432971195e-05,-0.00023694945486431047,-0.0007773932494970243,20.000017572601987,-123.83641052246094,243.41909790039062,-0.196685791015625
827,165.4,9.335955598689974e-06,1.140573695491954e-05,-0.0003192083521372656,-0.0010472715300260265,20.000038302103405,-122.05062866210938,243.412841796875,-0.1960143893957138
828,165.6,-1.9905932295630283e-05,-2.4319077485571516e-05,-0.00019473974116453532,-0.000638909932402254,20.000040064116956,-120.26485443115234,243.40675354003906,-0.195587158203125
829,165.8,1.8163587041656113e-05,2.2190454288791273e-05,-0.00019227743680796244,-0.0006308315057770355,20.0000369282157,-118.47907257080078,243.40054321289062,-0.1960143893957138
830,166.0,-1.0154438987395767e-05,-1.240567811090141e-05,-0.00016830306935367847,-0.0005521754420583225,20.000016534866194,-116.69329071044922,243.3943634033203,-0.19573974609375
831,166.2,-1.4933688417289397e-05,-1.8244487139402455e-05,-0.00015684042430342822,-0.0005145683376716594,20.000025823072594,-114.90750885009766,243.38818359375,-0.19573974609375
832,166.4,1.4738125108349643e-05,1.800556744487076e-05,-0.00020264615283196476,-0.0006648496040572232,20.00003929267429,-113.1217269897461,243.38192749023438,-0.1963195502758026
833,166.6,2.2219825391006826e-05,2.7145960680193038e-05,-0.00027363261955138903,-0.0008977448435289792,20.000044757412947,-111.33594512939453,243.37567138671875,-0.1960754245519638
834,166.8,-4.750915766472208e-05,-5.804193791899096e-05,-8.645888783051644e-05,-0.00028365777754987153,20.000043759464383,-109.55016326904297,243.36965942382812,-0.19537353515625
835,167.0,-2.4854784294031558e-05,-3.0365089972018352e-05,-9.761467185618287e-05,-0.000320258120012639,20.000033709013763,-107.7643814086914,243.3634490966797,-0.19635009765625
836,167.2,1.7825317022201817e-06,2.177718980602396e-06,-0.00012406837306934383,-0.00040704848110082603,20.000034496217967,-105.97859954833984,243.3572235107422,-0.197479248046875
837,167.4,1.6446215192830973e-05,2.00923411010816e-05,-0.0001810066162355557,-0.0005938537468102605,20.000029920783067,-104.19281768798828,243.35096740722656,-0.1977233737707138
838,167.6,6.832558006120692e-05,8.34733611607765e-05,-0.00022268616227740824,-0.000730597668646212,20.00003337144428,-102.40703582763672,243.3447265625,-0.1972961276769638
839,167.8,-3.528311306474129e-05,-4.3105379231194436e-05,-0.00012704620459229148,-0.00041681826987457354,20.000036332656645,-100.62125396728516,243.338623046875,-0.195343017578125
840,168.0,-6.844671933768257e-05,-8.362135701484681e-05,-3.1441675179045376e-05,-0.00010315510559441923,20.00003250714151,-98.83547973632812,243.33251953125,-0.195556640625
841,168.2,-2.750731932126231e-06,-3.360569201478617e-06,-7.312431832474269e-05,-0.0002399091885325488,20.000020768747778,-97.04969787597656,243.32627868652344,-0.1976623386144638
842,168.4,2.6163548152242404e-05,3.1964006777594546e-05,-0.00011482725179095113,-0.0003767298407658241,20.000026600984043,-95.263916015625,243.32003784179688,-0.1984558254480362
843,168.6,2.6532951943081084e-05,3.241530738886216e-05,-0.00017176549495716308,-0.0005635351064752589,20.000038062515113,-93.47813415527344,243.31378173828125,-0.1978454440832138
844,168.8,2.228421832824281e-05,2.7224629531614242e-05,-0.0002439570226325813,-0.000800383958133878,20.000039085551805,-91.69235229492188,243.30751037597656,-0.1968688815832138
845,169.0,8.734332449071657e-06,1.0670733953030843e-05,-0.00027040151943652003,-0.0008871441210281124,20.000029622725663,-89.90657043457031,243.30128479003906,-0.1960143893957138
846,169.2,-2.8938043755043245e-05,-3.5353608055536334e-05,-0.0001595288280198874,-0.0005233885601207673,20.0000208247831,-88.12078857421875,243.29519653320312,-0.195556640625
847,169.4,2.232046562899014e-05,2.7268912858937255e-05,-0.00020120837406173995,-0.0006601324819567189,20.000033088018064,-86.33500671386719,243.28895568847656,-0.1961974799633026
848,169.6,5.724232937091893e-06,6.993295379245165e-06,-0.00019150862880972083,-0.0006283091697440845,20.000033707755204,-84.54922485351562,243.2827606201172,-0.1959228515625
849,169.8,-4.73579715310706e-05,-5.785723381950895e-05,-7.094570640441326e-05,-0.0002327615113998552,20.000037943281722,-82.76344299316406,243.27667236328125,-0.195556640625
850,170.0,-1.0008648401621748e-05,-1.222756575226129e-05,-9.981101931087581e-05,-0.0003274639845958938,20.000040507175548,-80.97769165039062,243.27044677734375,-0.1967162936925888
851,170.2,1.3084797419805847e-05,1.5985697007776803e-05,-0.00015456964377012506,-0.0005071182700667771,20.000029853867577,-79.19194793701172,243.2642059326172,-0.19744873046875
852,170.4,1.7847284646020388e-05,2.1804027652043107e-05,-0.0001973146233235145,-0.0006473577087847193,20.00003123840204,-77.40620422363281,243.25796508789062,-0.1972350925207138
853,170.6,2.1942492664141034e-05,2.68071432877811e-05,-0.000253478762788397,-0.0008316232641066845,20.00003045306493,-75.6204605102539,243.25169372558594,-0.1966552585363388
854,170.8,2.606226043035417e-06,3.1840263567763686e-06,-0.00024951464009817493,-0.0008186176118196963,20.000046533683136,-73.834716796875,243.24549865722656,-0.1958923190832138
855,171.0,-2.954688836368131e-05,-3.609743351390946e-05,-0.00013875598847643044,-0.000455236197233012,20.0000466051184,-72.04898071289062,243.23941040039062,-0.195587158203125
856,171.2,-1.1611949314470376e-05,-1.4186318477488459e-05,-0.0001653458781523346,-0.0005424733708773055,20.000039638320306,-70.26323699951172,243.23318481445312,-0.1963195502758026
857,171.4,5.443208320267212e-05,6.649967604870453e-05,-0.00022241654395954973,-0.0007297130940842492,20.00001859836312,-68.47749328613281,243.2269287109375,-0.196929931640625
858,171.6,-3.4532595737287484e-05,-4.218847221224412e-05,-0.0001116493809932154,-0.0003663037551377808,20.00002628804005,-66.6917495727539,243.22084045410156,-0.195648193359375
859,171.8,-3.436720918741177e-05,-4.1986419464260954e-05,-9.244020362886947e-05,-0.0003032815176737401,20.000039389545268,-64.906005859375,243.21466064453125,-0.1959838718175888
860,172.0,7.027398889030744e-06,8.58537322272886e-06,-0.00013424501525862071,-0.00044043641586109317,20.00003012454826,-63.12026596069336,243.2084197998047,-0.1972045749425888
861,172.2,2.0832584035117814e-05,2.5451167915703434e-05,-0.00017608204989387068,-0.0005776970325738067,20.000037940325704,-61.33452606201172,243.20217895507812,-0.1973876953125
862,172.4,2.515856907558664e-05,3.07362238396442e-05,-0.000248423236539698,-0.0008150368913689027,20.000039089822387,-59.54878234863281,243.19590759277344,-0.1968078464269638
863,172.6,6.703719723795336e-06,8.189934386560762e-06,-0.0002597428769255277,-0.0008521748203323484,20.000042245162202,-57.76304244995117,243.189697265625,-0.1959228515625
864,172.8,-2.892479870952509e-05,-3.53374265834268e-05,-0.00014898428960361844,-0.0004887936167031356,20.000035732120228,-55.977298736572266,243.18360900878906,-0.19549560546875
865,173.0,-1.4998996872349182e-05,-1.8324274478948995e-05,-0.00016026684395112649,-0.0005258098723086138,20.00002663749137,-54.19155502319336,243.17739868164062,-0.1961669772863388
866,173.2,5.313818062183605e-05,6.49189152656971e-05,-0.0002173743993546277,-0.0007131706243786367,20.00002924562557,-52.40581512451172,243.171142578125,-0.1968383640050888
867,173.4,-3.723782079560724e-05,-4.549344566599337e-05,-0.00010661425407653335,-0.00034978430934445366,20.00003056620305,-50.62007141113281,243.16505432128906,-0.19561767578125
868,173.6,-3.482277470103294e-05,-4.254298385225194e-05,-8.740765302865314e-05,-0.0002867705243625264,20.000026735481676,-48.83433151245117,243.15887451171875,-0.1960449069738388
869,173.8,3.7806780343281344e-06,4.618854354538682e-06,-0.00011397274830035012,-0.0003739263515337207,20.000034535800644,-47.048587799072266,243.15264892578125,-0.1973266452550888
870,174.0,1.574279916152632e-05,1.9232977735636704e-05,-0.00015579654069675732,-0.0005111435225795492,20.00003399127388,-45.26284408569336,243.1464080810547,-0.1976013034582138
871,174.2,2.0043691279912206e-05,2.4487377636668743e-05,-0.00021436622981969172,-0.0007033013014416374,20.000028976875495,-43.47710418701172,243.14015197753906,-0.1971740573644638
872,174.4,2.17532487956063e-05,2.6575944053592216e-05,-0.000269977459702337,-0.0008857528488898153,20.000028084387008,-41.69136047363281,243.13388061523438,-0.1965026706457138
873,174.6,-4.968306448550793e-06,-6.069779988194505e-06,-0.00023543885755647692,-0.0007724372214255918,20.000020725731375,-39.905601501464844,243.12771606445312,-0.195709228515625
874,174.8,-2.8773272081342435e-05,-3.515230650177605e-05,-0.0001398681646362786,-0.00045888506926528824,20.000033992901148,-38.11983871459961,243.12161254882812,-0.19561767578125
875,175.0,2.525534588262379e-05,3.0854456064801484e-05,-0.00018163898807731357,-0.0005959284576435734,20.000048237613246,-36.33407974243164,243.11537170410156,-0.1963806003332138
876,175.2,1.4068036700424714e-05,1.7186920436908872e-05,-0.00019287917503008588,-0.0006328057126057069,20.000057254255335,-34.548316955566406,243.10916137695312,-0.1960449069738388
877,175.4,-6.447221390381475e-05,-7.876570372629048e-05,-5.153239073575752e-05,-0.0001690695288215027,20.00004188252385,-32.76255416870117,243.1031036376953,-0.1954345703125
878,175.6,-1.2038332155739449e-05,-1.4707230394666885e-05,-9.330983529621454e-05,-0.00030613464003323253,20.000021979070542,-30.976797103881836,243.09686279296875,-0.196929931640625
879,175.8,1.6875006932712986e-05,2.0616195969695455e-05,-0.00011981534049311857,-0.0003930949617034431,20.000015506760214,-29.191036224365234,243.09063720703125,-0.1979064792394638
880,176.0,2.0469521370984454e-05,2.5007614258931707e-05,-0.0001615803457678017,-0.0005301192616088344,20.000025216284836,-27.405275344848633,243.0843963623047,-0.1976318210363388
881,176.2,2.227731320556322e-05,2.7216193543236588e-05,-0.00023384789714692427,-0.000767217534875515,20.000041404173476,-25.61951446533203,243.078125,-0.196929931640625
882,176.4,1.3431913641071177e-05,1.6409768895296657e-05,-0.00029086417547382693,-0.0009542788214615503,20.000040423588626,-23.833751678466797,243.07186889648438,-0.1961364448070526
883,176.6,-2.445635749017115e-05,-2.9878331945742094e-05,-0.00018586986390763116,-0.0006098092843027127,20.00003138750054,-22.047990798950195,243.06578063964844,-0.195556640625
884,176.8,-1.4220468235409363e-05,-1.737314604319962e-05,-0.00017602951749582383,-0.0005775246821809986,20.000028529644204,-20.262229919433594,243.0595703125,-0.1960449069738388
885,177.0,5.224520450859822e-05,6.382796634815445e-05,-0.00023305241694214756,-0.0007646076916004754,20.00003113634831,-18.476469039916992,243.05331420898438,-0.1966552585363388
886,177.2,-4.7585038888178924e-05,-5.813464200968819e-05,-0.00010696531195348484,-0.0003509360740694712,20.000038907857547,-16.690706253051758,243.0472412109375,-0.195465087890625
887,177.4,-0.005099514731355478,-0.006230077147296988,-8.479994192156005e-05,-0.00027821504145393106,20.00002708161274,-14.90494441986084,243.0410614013672,-0.1961669772863388
888,177.6,-0.014818327462017685,-0.018103550660347006,-0.002326853010766989,-0.007634032431844769,19.999829020647763,-13.119211196899414,243.031494140625,-0.3285827338695526
889,177.8,-0.02103679183783924,-0.025700648588288202,-0.00666512076029468,-0.021867194795205196,19.9986009823419,-11.333671569824219,243.010009765625,-0.76348876953125
890,178.0,-0.022364171672727088,-0.027322308532570682,-0.008095564175033907,-0.026560250768018243,19.99747173395644,-9.54862117767334,242.96829223632812,-1.460235595703125
891,178.2,-0.021486290522357766,-0.026249801131164485,-0.010455581706465458,-0.03430309068584013,19.997932873580833,-7.764326095581055,242.90243530273438,-2.259979248046875
892,178.4,-0.02055797221851287,-0.02511567465935717,-0.014291621416174204,-0.046888523207040976,19.999581756355266,-5.980996608734131,242.81195068359375,-3.054565906524658
893,178.6,-0.020066791290439662,-0.024515598919530136,-0.0032400813008751778,-0.010630188335163318,20.0009447180878,-4.198889255523682,242.69761657714844,-3.8175060749053955
894,178.8,-0.02033985650670854,-0.024849202694245825,-0.004178825020240529,-0.013710056279405936,20.001087779908307,-2.418351173400879,242.5601043701172,-4.558015823364258
895,179.0,-0.020732009282639952,-0.02532829574060123,-0.005045503027956956,-0.0165534881542423,20.00012392618601,-0.6397915482521057,242.39955139160156,-5.299990653991699
896,179.2,-0.011553533488992022,-0.014114951863501554,-0.0061627166426763275,-0.020218887269958203,19.999059102256822,1.1364049911499023,242.2156524658203,-6.054417133331299
897,179.4,0.007860815570770986,0.009603558382810913,-0.0019610080501416063,-0.006433753651226588,20.000198989120353,2.9107508659362793,242.01437377929688,-6.577305793762207
898,179.6,0.021612241306749276,0.02640367520445559,0.006445243982821102,0.021145814268598784,20.000486087690657,4.685054779052734,241.81211853027344,-6.505040645599365
899,179.8,0.025452780030199573,0.03109566136289482,0.006679831499889686,0.021915458378098076,19.99842046608341,6.4610185623168945,241.6262969970703,-5.874881744384766
900,180.0,0.023989954161742676,0.029308526999401025,0.007850663138357881,0.02575676965085007,19.997455235666564,8.239324569702148,241.466064453125,-4.994875907897949
901,180.2,0.021913007483094053,0.026771121242096005,0.011640117619511982,0.03818936349079969,19.998811584535368,10.019916534423828,241.33309936523438,-4.104830265045166
902,180.4,0.020982807902939098,0.025634696415020697,0.016594078654987778,0.0544425170144301,20.000945780064463,11.802431106567383,241.2259979248047,-3.2800607681274414
903,180.6,0.020498337894800753,0.02504281940607808,0.00428839367590169,0.014069533507645301,20.001949397073368,13.586397171020508,241.1433563232422,-2.500793695449829
904,180.8,0.021676448018210635,0.026482116543847932,0.0050749503136270566,0.016650099986960192,20.001355635876568,15.371317863464355,241.08444213867188,-1.7445679903030396
905,181.0,0.01687388202141073,0.02061482166555749,0.005304669480088019,0.017403771817051977,19.999670535162235,17.156749725341797,241.0497283935547,-0.9637449979782104
906,181.2,0.005731215329722702,0.007001825768322225,0.004324332488505508,0.014187443001588411,19.999597332232465,18.942407608032227,241.0364532470703,-0.2943420112133026
907,181.4,-0.0013366780120565402,-0.0016330195273294753,0.0027277519320799155,0.00894931764884507,20.00097735477674,20.728206634521484,241.03543090820312,0.039836008101701736
908,181.6,-0.002275955527270958,-0.0027805348676669295,0.0038829971594537406,0.01273949240062221,20.00177643285081,22.514108657836914,241.0371856689453,0.07436449080705643
909,181.8,-0.0006783153763339806,-0.000828697895267224,0.003652174960133443,0.011982201696204205,20.00160046822314,24.300039291381836,241.0375518798828,0.005488231778144836
910,182.0,0.0005243669889640375,0.0006406191504173646,0.002199810846032945,0.007217227416098727,20.00077517406833,26.085912704467773,241.03671264648438,-0.0360107384622097
911,182.2,0.00076074868814509,0.0009294066723068564,0.0006654175438380238,0.002183128494525542,19.999984656461,27.87171173095703,241.03579711914062,-0.0307311974465847
912,182.4,0.000494036012691416,0.0006035637967051029,-0.0002470845384558052,-0.0008106448371473439,19.999748970265905,29.657455444335938,241.0354766845703,-0.006072997581213713
913,182.6,0.00038504558913369824,0.00047041019624463913,-0.0005244821258865126,-0.0017207419378935062,20.000055509266502,31.44321060180664,241.0358123779297,0.014834082685410976
914,182.8,-0.0001490800539401851,-0.00018213110189872417,-0.0002830938152833563,-0.0009287855129342466,20.00050600321621,33.22900390625,241.0366668701172,0.030344298109412193
915,183.0,-0.0002937151575947698,-0.00035883180803353027,6.509592256569188e-05,0.00021356930659042453,20.000696156424638,35.014827728271484,241.03762817382812,0.030751913785934448
916,183.2,-0.00012082268426042132,-0.00014760907336095673,0.00020099139105530568,0.0006594205954298891,20.000517591302373,36.8006477355957,241.0383758544922,0.021836427971720695
917,183.4,3.617480162182308e-05,4.419475514138126e-05,0.000166391827604284,0.0005459049636772392,20.000169605461707,38.586448669433594,241.0389404296875,0.01560902874916792
918,183.6,6.36866580045026e-05,7.780599008410082e-05,8.735252262300191e-05,0.00028658965032244955,19.99992662025883,40.372222900390625,241.0394744873047,0.015133293345570564
919,183.8,2.8967120060261682e-05,3.5389130577621696e-05,6.578303502884365e-05,0.00021582361264403142,19.999928994606588,42.15796661376953,241.04006958007812,0.017078367993235588
920,184.0,-3.1541831530825083e-07,-3.8534655581209e-07,9.714153721254533e-05,0.00031870584094840723,20.000093341399282,43.94371032714844,241.0406951904297,0.018499622121453285
921,184.2,-7.681352603569796e-06,-9.38430847578122e-06,0.00010964710317681962,0.00035973460198663687,20.00024691652135,45.72950744628906,241.04132080078125,0.018826212733983994
922,184.4,-3.368026858594943e-05,-4.114718413145442e-05,0.00012214481110733367,0.0004007375820733846,20.000266082982915,47.51532745361328,241.0419464111328,0.018642110750079155
923,184.6,-1.553365301607575e-05,-1.897746388973974e-05,0.00013464644805472783,0.00044175345263587325,20.000167796559527,49.3011360168457,241.04257202148438,0.017689861357212067
924,184.8,2.588959330953614e-06,3.16293161462603e-06,0.00015067389782912047,0.0004943369509536916,20.000039757018445,51.0869026184082,241.04319763183594,0.016935214400291443
925,185.0,4.066980661137064e-06,4.968630273711151e-06,0.00017494501985296636,0.0005739666189344061,19.999986446383698,52.87264633178711,241.0438232421875,0.01682303100824356
926,185.2,-4.349742630617737e-06,-5.314080571825689e-06,0.00018746908231333128,0.0006150560640168698,20.00000992660446,54.65838623046875,241.04444885253906,0.016944896429777145
927,185.4,-4.5707093324254025e-06,-5.584035591424114e-06,0.00019860045331034147,0.0006515763112387007,20.000073902047504,56.444129943847656,241.04507446289062,0.016944896429777145
928,185.6,-1.815247509470552e-07,-2.2176878823201734e-07,0.00022776519585096663,0.0007472611651556854,20.00011228529261,58.22990417480469,241.0457000732422,0.016712140291929245
929,185.8,-5.00692624899723e-07,-6.116961798399916e-07,0.00024027731017670773,0.0007883114103201498,20.000101621632787,60.015682220458984,241.04632568359375,0.016712140291929245
930,186.0,-3.988441396372891e-06,-4.87267885394876e-06,0.00025279412281749715,0.0008293770699045574,20.000056819393137,61.80144500732422,241.0469512939453,0.016712140291929245
931,186.2,-6.067427546504888e-05,-7.412576233565021e-05,0.0002653205032309786,0.0008704741198203238,20.000018402157888,63.58718490600586,241.04757690429688,0.016529755666851997
932,186.4,6.729090279843009e-05,8.220929594884204e-05,0.0001156933074822231,0.00037957123091997687,20.00002242322546,65.3729248046875,241.04803466796875,0.014915172941982746
933,186.6,6.495718328431121e-05,7.9358190818443e-05,6.14884738893552e-05,0.00020173384467515212,20.000050491015593,67.1586685180664,241.048583984375,0.016031352803111076
934,186.8,-2.144898882400077e-06,-2.620422964628174e-06,7.401237526573661e-05,0.0002428227612668393,20.000065673729747,68.94441223144531,241.04920959472656,0.018373871222138405
935,187.0,-1.8688467468027678e-05,-2.2831700705689413e-05,8.732592194972734e-05,0.00028650237776954346,20.00005706775759,70.73015594482422,241.04983520507812,0.01902223378419876
936,187.2,-9.94044832289932e-06,-1.21442457160861e-05,0.00011431896618171886,0.0003750622370076305,20.000042051875216,72.51589965820312,241.0504608154297,0.018553491681814194
937,187.4,-2.2624134204348588e-06,-2.763990475745267e-06,0.000126845486902687,0.0004161597472498116,20.000018556701555,74.3016357421875,241.05108642578125,0.018104521557688713
938,187.6,-4.037746302050122e-06,-4.932914657214635e-06,0.00013936938827906843,0.00045724866384149886,20.000014286780228,76.0873794555664,241.0517120361328,0.01793266274034977
939,187.8,-2.558652413410706e-06,-3.12590565346386e-06,0.0001461442943273768,0.0004794760466010309,20.00003346761033,77.87312316894531,241.05233764648438,0.017797866836190224
940,188.0,-1.5369314623857573e-06,-1.8776691675966798e-06,0.00017967597919505072,0.0005894881395822902,20.000061191714096,79.65886688232422,241.05296325683594,0.017687585204839706
941,188.2,-3.986341729784601e-05,-4.870113691277847e-05,0.00019219988057143212,0.0006305770561739774,20.00006331951249,81.44461059570312,241.0535888671875,0.017687585204839706
942,188.4,-8.845976050850604e-06,-1.0807128941324182e-05,0.00020471068522487986,0.0006716230045131948,20.00004394012603,83.23039245605469,241.05421447753906,0.01656733825802803
943,188.6,1.345813782367366e-06,1.644180697918211e-06,0.00021722410922291434,0.0007126775465029063,20.000024736525564,85.01616668701172,241.05484008789062,0.01592501997947693
944,188.8,-3.4295073589771145e-06,-4.189829140462341e-06,0.00024633108181596733,0.0008081728664650983,20.000020479152983,86.80194854736328,241.05548095703125,0.01592501997947693
945,189.0,8.116240970208777e-07,9.915611593304064e-07,0.00027276329485624866,0.0008948927282961749,20.0000289947386,88.58773040771484,241.0561065673828,0.01576337218284607
946,189.2,-2.8469207687938763e-06,-3.4780831032354786e-06,0.0002852740995096964,0.0009359386766353923,20.000046067458168,90.3735122680664,241.05673217773438,0.01576337218284607
947,189.4,-2.0630759008670907e-06,-2.5204598280893245e-06,0.0002942192202431501,0.0009652861865425365,20.00005032087052,92.15929412841797,241.05735778808594,0.01576337218284607
948,189.6,1.614758204130569e-06,1.972750097986316e-06,0.0003255544969798113,0.0010680922158712441,20.00003964798594,93.94507598876953,241.0579833984375,0.015598580241203308
949,189.8,2.033767961027189e-06,2.484654317986917e-06,0.0003380653016332591,0.0011091381642104618,20.00003112308316,95.7308578491211,241.05860900878906,0.015598580241203308
950,190.0,-6.587926528659613e-05,-8.048469840063448e-05,0.0003505761062867069,0.0011501841125496795,20.00002473010822,97.51663970947266,241.05923461914062,0.015598580241203308
951,190.2,0.00010035698403374219,0.00012260612739402283,8.842872400220483e-05,0.0002901204948553937,20.000024474143377,99.30242156982422,241.05958557128906,0.013998263515532017
952,190.4,7.530891304109788e-05,9.200489906230928e-05,2.816691835960512e-05,9.241115243092686e-05,20.000035612011587,101.08820343017578,241.0601348876953,0.015921151265501976
953,190.6,1.0674014607559358e-05,1.3040443646055269e-05,2.1897604329783722e-05,7.184253618932763e-05,20.000038021342064,102.87398529052734,241.06072998046875,0.018870079889893532
954,190.8,-1.7355288159950415e-05,-2.1202955545011424e-05,1.9152240164598765e-05,6.283543562162221e-05,20.00003374122998,104.65975952148438,241.06134033203125,0.019975783303380013
955,191.0,-1.3406513904397224e-05,-1.637873803700209e-05,3.028125331549367e-05,9.934794712760425e-05,20.00002511563238,106.44554138183594,241.0619659423828,0.01968081295490265
956,191.2,-9.095526089592929e-06,-1.111200422365568e-05,7.469142579793309e-05,0.0002450506174148908,20.000029334423086,108.2313232421875,241.06260681152344,0.019162917509675026
957,191.4,-3.5958944211334303e-06,-4.393104214298712e-06,8.720223045138085e-05,0.00028609656575410834,20.000031433571685,110.01710510253906,241.063232421875,0.018780091777443886
958,191.6,-4.957595947814223e-06,-6.056694969444636e-06,9.97130351048286e-05,0.00032714251409332585,20.0000271560486,111.80288696289062,241.06385803222656,0.018583860248327255
959,191.8,-3.237620412188348e-05,-3.955400857570505e-05,0.00011222383975827637,0.00036818846243254346,20.00002713337165,113.58866882324219,241.06448364257812,0.01841222681105137
960,192.0,-8.294784893190444e-06,-1.0133738704010766e-05,0.00013043986829778945,0.00042795233750611957,20.00003764930625,115.37445068359375,241.0651092529297,0.017518799751996994
961,192.2,4.544424198385375e-06,5.5519230431674135e-06,0.00015250423722839123,0.0005003420016683951,20.000039773813857,117.16023254394531,241.06573486328125,0.01696676015853882
962,192.4,-2.3817463155998763e-06,-2.909779473768369e-06,0.00016501504188183897,0.0005413879500076126,20.00003339868,118.94601440429688,241.0663604736328,0.01696676015853882
963,192.6,-2.9053608300753747e-06,-3.549479326103085e-06,0.0001783280067249722,0.0005850656575835578,20.00003338178537,120.73179626464844,241.06698608398438,0.01696676015853882
964,192.8,-3.3096849561648507e-06,-4.043442110946598e-06,0.00020529543935195389,0.0006735414892434644,20.00003550414064,122.517578125,241.06761169433594,0.01696676015853882
965,193.0,-3.182738063116711e-06,-3.888351091709686e-06,0.00021780624400540163,0.0007145874375826818,20.00002909157067,124.30335998535156,241.0682373046875,0.016742469742894173
966,193.2,-1.0137584349951872e-06,-1.2385086800336202e-06,0.0002262193946245268,0.0007421896386599324,20.000026946528315,126.0891342163086,241.06886291503906,0.0166236013174057
967,193.4,-1.1678587475007354e-06,-1.4267730318216486e-06,0.00025808664147551657,0.0008467409768185337,20.0000312110268,127.87491607666016,241.06948852539062,0.0166236013174057
968,193.6,-1.2917321549273262e-06,-1.5781091736747144e-06,0.00027059482678437754,0.0008877783315072572,20.00003333956237,129.66070556640625,241.0701141357422,0.0166236013174057
969,193.8,-5.136333894731402e-05,-6.275059119193354e-05,0.0002831056314378253,0.0009288242798464746,20.00003546794327,131.4464874267578,241.07073974609375,0.016472792252898216
970,194.0,4.0852258807100196e-05,4.990920458463431e-05,0.00015828734262229817,0.0005193154451689407,20.00003738896125,133.23226928710938,241.07122802734375,0.015126491896808147
971,194.2,4.832522908922029e-05,5.9038932378300434e-05,0.00011274916415910774,0.000369911967739767,20.00003760115444,135.01805114746094,241.07179260253906,0.015654830262064934
972,194.4,1.2110412519766863e-05,1.4795290975399177e-05,0.0001222790379654894,0.00040117795891869625,20.000029250305207,136.80381774902344,241.07240295410156,0.017299043014645576
973,194.6,-1.2541228010385924e-05,-1.5321618260288483e-05,0.00013478984261893715,0.00044222390725791376,20.000024998897313,138.589599609375,241.07302856445312,0.018131060525774956
974,194.8,-9.659975117238554e-06,-1.1801591600730341e-05,0.00014538363665741888,0.0004769804504911262,20.00003346532999,140.37538146972656,241.0736541748047,0.01795838214457035
975,195.0,6.34777207171217e-07,7.755073140010758e-07,0.00015981145192583263,0.0005243158039363487,20.00003556730259,142.16116333007812,241.0742645263672,0.017587419599294662
976,195.2,-4.8247680135775e-07,-5.894419082187632e-07,0.00017232225657928037,0.0005653617522755662,20.000039845133607,143.9469451904297,241.07489013671875,0.017587419599294662
977,195.4,-4.544948420416457e-06,-5.552563485222785e-06,0.00018483306123272811,0.0006064077006147837,20.000044107407305,145.73272705078125,241.0755157470703,0.017587419599294662
978,195.6,-4.444290951683314e-05,-5.429590255671504e-05,0.00019734386588617585,0.0006474536489540012,20.000035552954422,147.5185089111328,241.07614135742188,0.01736065372824669
979,195.8,-9.624232972568262e-06,-1.1757925422586646e-05,0.00021502467523422795,0.0007054615554954644,20.000024693892986,149.30429077148438,241.07676696777344,0.016161158680915833
980,196.0,-3.00441229640384e-06,-3.6704905025165714e-06,0.00026814183968272966,0.0008797304733046868,20.00002255723609,151.09007263183594,241.07742309570312,0.015450552105903625
981,196.2,-2.237421286635773e-06,-2.7334575858829242e-06,0.00028065264433617735,0.000920776421643904,20.000028948337697,152.8758544921875,241.0780487060547,0.015248449519276619
982,196.4,4.031631078725167e-06,4.925443688878536e-06,0.00027817160186415407,0.0009126365182599912,20.000039606225798,154.66163635253906,241.0786590576172,0.015248449519276619
983,196.6,4.762317986662813e-06,5.818123884305959e-06,0.0003056742536430729,0.0010028683183223393,20.000048157326738,156.44741821289062,241.07928466796875,0.015248449519276619
984,196.8,2.5033763158023547e-06,3.0583748450157365e-06,0.0003181850582965206,0.0010439142666615567,20.000041773551676,158.2332000732422,241.0799102783203,0.015393334440886974
985,197.0,-2.6101833686569776e-06,-3.1888610214882294e-06,0.00033069586294996836,0.0010849602150007742,20.0000289803923,160.01898193359375,241.08053588867188,0.015509115532040596
986,197.2,-1.7382002672163195e-06,-2.1235592664581776e-06,0.0003369361903661499,0.0011054337308008793,20.00002683454039,161.8047637939453,241.08116149902344,0.015509115532040596
987,197.4,-7.715776670797835e-05,-9.426364358713714e-05,0.00036307142864370643,0.001191179265951418,20.000033229758532,163.59054565429688,241.081787109375,0.015398473478853703
988,197.6,0.00012263318150777133,0.00014982095784804423,9.356485128318839e-05,0.0003069713066839358,20.000032945182305,165.3763427734375,241.08212280273438,0.013379175215959549
989,197.8,8.469921994564351e-05,0.00010347703700759268,1.4522926957319545e-05,4.7647399678652255e-05,20.00003564071238,167.16212463378906,241.08265686035156,0.01576070487499237
990,198.0,7.247942458089635e-06,8.854811301048107e-06,-1.03283667705335e-06,-3.388571883543713e-06,20.000033813048223,168.94790649414062,241.083251953125,0.01917700469493866
991,198.2,-1.685713714731926e-05,-2.059436445287994e-05,9.026959937776164e-06,2.961601124225355e-05,20.000029505740322,170.7336883544922,241.0838623046875,0.020302409306168556
992,198.4,-1.2961104069310942e-05,-1.5834580841477178e-05,2.1537764591223905e-05,7.066195958147104e-05,20.000027286844624,172.51947021484375,241.08448791503906,0.019990498200058937
993,198.6,-9.358072606102782e-06,-1.1432757302875769e-05,3.404856924467166e-05,0.00011170790792068857,20.000035773167745,174.3052520751953,241.08511352539062,0.019488198682665825
994,198.8,-7.680192949525582e-06,-9.382891726435403e-06,5.7731751824942505e-05,0.00018940864065734435,20.000035736647618,176.09103393554688,241.08575439453125,0.01910299062728882
995,199.0,-3.779506620269382e-06,-4.617423237983104e-06,8.958775487800599e-05,0.00029392308971395715,20.000031438400768,177.87681579589844,241.0863800048828,0.01879936084151268
996,199.2,-5.156402010266625e-06,-6.299576335942737e-06,0.00010209855953145373,0.00033496903805317466,20.000025025640102,179.66259765625,241.08700561523438,0.018614511936903
997,199.4,-2.991154323441044e-05,-3.6542932369479234e-05,0.00011460936418490147,0.00037601498639239217,20.000031402292702,181.44837951660156,241.08763122558594,0.018437005579471588
998,199.6,-8.587177764430931e-06,-1.049095507480527e-05,0.00013175512852968183,0.0004322674958853213,20.000037663028387,183.23416137695312,241.0882568359375,0.017605600878596306
999,199.8,3.3099417919284383e-06,4.043755887198973e-06,0.0001548897616550164,0.000508168525628244,20.00003765053167,185.0199432373047,241.08888244628906,0.01707133837044239
1000,200.0,2.008636817090394e-06,2.453951599439334e-06,0.00016740056630846413,0.0005492144739674614,20.00003340368008,186.80572509765625,241.08950805664062,0.01707133837044239
1001,200.2,-3.652447604298831e-06,-4.462195238171882e-06,0.00017991137096191187,0.0005902604223066789,20.000024874938887,188.5915069580078,241.0901336669922,0.01707133837044239
1002,200.4,-4.0551522515426045e-06,-4.9541795057096e-06,0.00019052483930554945,0.0006250815137872188,20.000029122772176,190.3772735595703,241.09075927734375,0.01707133837044239
1003,200.6,-1.349124238469266e-06,-1.6482250821379023e-06,0.00022019700712120027,0.0007224311488435187,20.000033374366346,192.16305541992188,241.0913848876953,0.016914578154683113
1004,200.8,-5.154564634115992e-06,-6.297331613499507e-06,0.000232707811774648,0.0007634770971827362,20.00003550477986,193.94883728027344,241.09201049804688,0.016914578154683113
1005,201.0,-1.1273862827754601e-06,-1.3773278216667796e-06,0.00023841297773273217,0.0007821948338646571,20.00003548217032,195.734619140625,241.09263610839844,0.016684450209140778
1006,201.2,-5.6632387624252e-05,-6.918778796054867e-05,0.00026454821601028873,0.0008679403690151957,20.000035481416266,197.52040100097656,241.09326171875,0.016684450209140778
1007,201.4,5.160768510581162e-05,6.304910889377006e-05,0.0001481699204292358,0.00048612180174105403,20.000033113270657,199.30618286132812,241.09375,0.015118379145860672
1008,201.6,5.307044408481092e-05,6.48361615384135e-05,9.964557242980583e-05,0.0003269211798506041,20.00003551046665,201.0919647216797,241.0943145751953,0.01587090827524662
1009,201.8,1.0167530549625723e-05,1.2421672072477746e-05,8.163880075681469e-05,0.0002678438430749879,20.00003357640942,202.87774658203125,241.09490966796875,0.017746075987815857
1010,202.0,-1.0699441785590612e-05,-1.307150802945605e-05,9.443098147113416e-05,0.0003098129412497558,20.000029311766554,204.6635284423828,241.0955352783203,0.018583068624138832
1011,202.2,-9.09403580997258e-06,-1.11101835490435e-05,0.00012191919822692962,0.00039999738231083975,20.000029255245085,206.44931030273438,241.09616088867188,0.018441172316670418
1012,202.4,-7.522099494129409e-06,-9.1897489519779e-06,0.00013443000288037736,0.00044104333065005726,20.00003775716316,208.23509216308594,241.09678649902344,0.018102725967764854
1013,202.6,-2.8829168279725223e-06,-3.5220594887340304e-06,0.00014231911989831688,0.00046692626132719393,20.00002706222794,210.0208740234375,241.097412109375,0.01780783198773861
1014,202.8,-9.794549822865649e-07,-1.1966001518594963e-06,0.0001747104003504923,0.0005731968698859092,20.000029187672283,211.80665588378906,241.09803771972656,0.017649127170443535
1015,203.0,-4.282846557829294e-05,-5.2323536397000487e-05,0.00018722120500394004,0.0006142428182251266,20.00003771777345,213.59243774414062,241.09866333007812,0.017649127170443535
1016,203.2,-8.413161828388747e-06,-1.0278359805742531e-05,0.00019973200965738773,0.000655288766564344,20.00003752522448,215.3782196044922,241.0992889404297,0.016466377303004265
1017,203.4,-3.747448543667846e-06,-4.578257885799007e-06,0.00022750160247405495,0.0007463963574609784,20.00002899261091,217.16400146484375,241.0999298095703,0.015805164352059364
1018,203.6,2.225973714778166e-06,2.7194720873444854e-06,0.0002424777348806127,0.0007955306517057094,20.000028979622908,218.9497833251953,241.10055541992188,0.015597783029079437
1019,203.8,2.8707349836302097e-06,3.5071769295010273e-06,0.0002677819999441698,0.0008785498966968301,20.00003325699725,220.73556518554688,241.10118103027344,0.015597783029079437
1020,204.0,-3.3104043040608657e-06,-4.04432093827116e-06,0.00028029280459761756,0.0009195958450360476,20.000041799926198,222.52134704589844,241.101806640625,0.015704352408647537
1021,204.2,-2.378638512940674e-06,-2.9059826712596217e-06,0.0002903658733077954,0.0009526439717831474,20.000043916718163,224.30712890625,241.10243225097656,0.015704352408647537
1022,204.4,1.2570817727489054e-06,1.5357768017673377e-06,0.00032057320206773244,0.0010517493842718993,20.000037509819844,226.09291076660156,241.10305786132812,0.015553273260593414
1023,204.6,1.7756418323860517e-06,2.1693016266260394e-06,0.00033308400672118024,0.001092795332611117,20.00002898361794,227.87869262695312,241.1036834716797,0.015553273260593414
1024,204.8,-8.465950932886892e-07,-1.0342852254707916e-06,0.0003455948113746279,0.0011338412809503342,20.000024723097436,229.6644744873047,241.10430908203125,0.015553273260593414
1025,205.0,-7.074082543616276e-05,-8.642406643536005e-05,0.0003581056160280757,0.0011748872292895519,20.000024717950442,231.45025634765625,241.1049346923828,0.015553273260593414
1026,205.2,0.00010834614631014282,0.00013236648694710148,8.535384650909574e-05,0.00028003231378090164,20.000032983068383,233.23602294921875,241.1052703857422,0.013770682737231255
1027,205.4,9.040764670975552e-05,0.00011045102198530833,1.6627599436589303e-06,5.455249333553965e-06,20.000035620742704,235.0218048095703,241.1057891845703,0.015848707407712936
1028,205.6,4.259851345730615e-06,5.204260389079092e-06,-1.0852235661127532e-06,-3.560444884645365e-06,20.000035972540257,236.80758666992188,241.1063995361328,0.01926882378757
1029,205.8,-1.8296226507841843e-05,-2.2352499924630378e-05,-4.08710888841182e-06,-1.3409150325457037e-05,20.000033773461823,238.59336853027344,241.1070098876953,0.0203681793063879
1030,206.0,-1.2997088460499069e-05,-1.5878542972191713e-05,2.3937034027097564e-05,7.853357871746277e-05,20.000031550553746,240.379150390625,241.10763549804688,0.01999109797179699
1031,206.2,-5.168681239607646e-06,-6.3145778704286606e-06,3.644195170505699e-05,0.00011956021283201918,20.000040037961213,242.16493225097656,241.10826110839844,0.019471559673547745
1032,206.4,-9.096249433879458e-06,-1.1112887933370534e-05,6.421154452172418e-05,0.00021066780372865356,20.00003362284674,243.95071411132812,241.10890197753906,0.019192548468708992
1033,206.6,-5.320802137810363e-06,-6.50042397176292e-06,6.993114554245566e-05,0.00022943289954151022,20.000029312758638,245.7364959716797,241.10952758789062,0.018896285444498062
1034,206.8,-2.5381966139871617e-05,-3.1009148033081155e-05,9.606638382001219e-05,0.0003151784346920488,20.00002502747228,247.52227783203125,241.1101531982422,0.01866009831428528
1035,207.0,-7.503259813438653e-06,-9.166732514078003e-06,0.00011700274664528683,0.00038386729130372287,20.00003557395678,249.3080596923828,241.11077880859375,0.017940880730748177
1036,207.2,-3.848641834810259e-06,-4.7018857295876935e-06,0.00012951355129873457,0.00042491323964294033,20.000044095040636,251.09384155273438,241.1114044189453,0.01748134382069111
1037,207.4,-5.286305583832091e-07,-6.458279531767666e-07,0.00014395452224719494,0.00047229175476948704,20.000033414448144,252.87962341308594,241.11203002929688,0.017288776114583015
1038,207.6,-1.6029653176107332e-06,-1.958342728525033e-06,0.00016979425343860048,0.000557067778451498,20.000033414149648,254.6654052734375,241.11265563964844,0.017288776114583015
1039,207.8,-2.2329676012772528e-07,-2.72801651848042e-07,0.0001823257081789911,0.0005981814764219612,20.00003980637239,256.451171875,241.11328125,0.017179952934384346
1040,208.0,-4.912611940239353e-06,-6.001738007390418e-06,0.00019483127414326537,0.0006392102374601908,20.00003980661658,258.2369689941406,241.11390686035156,0.017179952934384346
1041,208.2,-2.314846085211455e-06,-2.828047462302835e-06,0.00020273959984467787,0.000665156188754413,20.0000333839539,260.0227355957031,241.11453247070312,0.017024751752614975
1042,208.4,-6.845332550242367e-07,-8.362942776631099e-07,0.00023511167161338026,0.0007713637766960425,20.00002484441881,261.80853271484375,241.1151580810547,0.016913488507270813
1043,208.6,-4.623920146536627e-05,-5.649043243023797e-05,0.00023236892679278205,0.0007623652697788311,20.00002697617734,263.59429931640625,241.1157684326172,0.016913488507270813
1044,208.8,-1.118117858866571e-06,-1.3660045881772898e-06,0.0002143569164306175,0.0007032707457022272,20.000035311275408,265.3800964355469,241.11636352539062,0.015660958364605904
1045,209.0,3.1390312167213793e-05,3.834954437468509e-05,0.00018521024733295698,0.0006076451878598586,20.000035344321297,267.1658630371094,241.116943359375,0.015154887922108173
1046,209.2,1.1311834437726909e-05,1.3819668132570965e-05,0.00020886094941107412,0.0006852393572658284,20.000029075391822,268.95166015625,241.11756896972656,0.015930496156215668
1047,209.4,1.9940459762260026e-06,2.4361259691553072e-06,0.0002061182045904759,0.0006762408503486169,20.00002909667628,270.7374267578125,241.11817932128906,0.016544120386242867
1048,209.6,-6.767395047831529e-06,-8.267726529935779e-06,0.00021862377055475014,0.0007172696113868465,20.00003336517618,272.5232238769531,241.11880493164062,0.0167287178337574
1049,209.8,-3.575653191790913e-06,-4.368375504410958e-06,0.0002287160476322095,0.0007503807577136582,20.000033334724154,274.3089904785156,241.1194305419922,0.016581043601036072
1050,210.0,-4.101746066164515e-07,-5.011103169033188e-07,0.0002589041680248651,0.0008494231506226983,20.000035458674393,276.09478759765625,241.12005615234375,0.016419321298599243
1051,210.2,-3.7845164698126594e-06,-4.623543771170126e-06,0.00027142021136748626,0.0008904862862629036,20.00003759269523,277.88055419921875,241.1206817626953,0.016419321298599243
1052,210.4,-8.274023672420296e-07,-1.0108374720595876e-06,0.00027659906378552047,0.000907477272430087,20.00003757582578,279.6663513183594,241.12130737304688,0.016262922435998917
1053,210.6,-5.9979442466915655e-05,-7.327688486183086e-05,0.00030273942433694883,0.000993239612941635,20.000037575300293,281.4521179199219,241.12193298339844,0.016262922435998917
1054,210.8,7.367649853305092e-05,9.001057825782831e-05,0.00012584192868002287,0.00041286723329056626,20.000026667503555,283.2379150390625,241.1223602294922,0.014635338447988033
1055,211.0,5.995037552198307e-05,7.324137377520672e-05,7.732281936976637e-05,0.0002536837987011043,20.000022759217654,285.023681640625,241.1229248046875,0.015925580635666847
1056,211.2,2.650409016956115e-06,3.2380046960152854e-06,7.456959717082121e-05,0.00024465091718191707,20.000025109347593,286.8094787597656,241.12353515625,0.018204795196652412
1057,211.4,-1.5201258593421149e-05,-1.8571377623582617e-05,8.684582518956413e-05,0.0002849272571149296,20.00003360110306,288.5952453613281,241.12416076660156,0.018930157646536827
1058,211.6,-9.646868313554556e-06,-1.1785579018669601e-05,0.00011484999464093614,0.00037680445641776893,20.00003993041004,290.38104248046875,241.12478637695312,0.01859804429113865
1059,211.8,-6.848545045798402e-06,-8.366867482451907e-06,0.00012736603798355734,0.00041786759205797425,20.000035633211446,292.16680908203125,241.1254119873047,0.01819438859820366
1060,212.0,8.751511187439998e-07,1.0691721217695445e-06,0.00011947005314013172,0.00039196212914426975,20.00003134125883,293.9526062011719,241.1260223388672,0.017908725887537003
1061,212.2,-4.20062088228005e-07,-5.131898531881537e-07,0.00015238764729045285,0.0004999594887364093,20.00003561722727,295.7383728027344,241.12664794921875,0.017908725887537003
1062,212.4,-3.550894412586071e-05,-4.338127703856403e-05,0.00016490369063307405,0.0005410226243766147,20.000033479934203,297.5241394042969,241.1272735595703,0.017908725887537003
1063,212.6,-8.188157384204909e-06,-1.0003471876283137e-05,0.00017740925659734833,0.0005820513854148443,20.000031182775576,299.3099365234375,241.12789916992188,0.01692255772650242
1064,212.8,-4.047014664178846e-08,-4.944237815227296e-08,0.00018992529993996953,0.0006231145210550496,20.000031178070156,301.095703125,241.12852478027344,0.016343165189027786
1065,213.0,-5.859932992524275e-08,-7.159080136966907e-08,0.00020437500219355593,0.000670521682196706,20.000024781507246,302.8815002441406,241.129150390625,0.016343165189027786
1066,213.2,2.3964583096193417e-06,2.92775311686195e-06,0.00023020569741008444,0.0007552680602909014,20.00003544610149,304.6672668457031,241.12977600097656,0.016229301691055298
1067,213.4,-2.0505656575486763e-06,-2.5051760638272177e-06,0.00024271217290021218,0.0007962998053379321,20.00003545637857,306.45306396484375,241.13040161132812,0.016229301691055298
1068,213.6,-1.7651426430034187e-06,-2.1564747669572766e-06,0.0002522580183468669,0.0008276181969131347,20.00003757842998,308.23883056640625,241.1310272216797,0.016229301691055298
1069,213.8,-1.5207551983397843e-06,-1.8579066258117145e-06,0.0002829811834661267,0.0009284159859630071,20.000037572633083,310.0246276855469,241.13165283203125,0.016229301691055298
1070,214.0,-1.313711261318635e-06,-1.6049610479529766e-06,0.00029549722680874787,0.0009694791216032124,20.000029034103136,311.8103942871094,241.1322784423828,0.016229301691055298
1071,214.2,-6.335204763470698e-05,-7.739719659532152e-05,0.0003080027927730222,0.001010507882641442,20.000029029451902,313.59619140625,241.13290405273438,0.016083693131804466
1072,214.4,8.169918764046812e-05,9.98118975403599e-05,0.00010689580183057137,0.00035070802247781174,20.000030911944442,315.3819580078125,241.13331604003906,0.01442642230540514
1073,214.6,6.986580795155924e-05,8.535505757441992e-05,4.723574700042364e-05,0.0001549729281888699,20.00003343798273,317.1677551269531,241.1338653564453,0.01588953472673893
1074,214.8,1.2499324880637333e-05,1.527042520667463e-05,4.036468215815026e-05,0.00013243006381174571,20.000033699697227,318.9535217285156,241.13446044921875,0.018506579101085663
1075,215.0,-1.5497937932920296e-05,-1.8933830772648727e-05,3.761145995920511e-05,0.0001233971822925585,20.000031566497572,320.73931884765625,241.13507080078125,0.019593361765146255
1076,215.2,-1.2645436407618752e-05,-1.544892965918783e-05,4.9352643093248065e-05,0.00016191812556605199,20.000033615591892,322.52508544921875,241.1356964111328,0.019361628219485283
1077,215.4,-8.918719274463349e-06,-1.0895999337611874e-05,9.315064559253946e-05,0.00030561236408582716,20.00003357040038,324.3108825683594,241.13633728027344,0.018882587552070618
1078,215.6,-3.385894150827092e-06,-4.136546884065458e-06,0.00010566668893516067,0.00034667549972603254,20.000033537147278,326.0966491699219,241.136962890625,0.018513105809688568
1079,215.8,-4.792853217029576e-06,-5.855428775245034e-06,0.00011818273227778191,0.000387738635366238,20.00003139402804,327.8824157714844,241.13758850097656,0.018324213102459908
1080,216.0,-3.0258089013205383e-06,-3.6966307347433017e-06,0.00012343748708444854,0.00040497864512614213,20.00003350551518,329.66802978515625,241.13821411132812,0.018158579245209694
1081,216.2,-3.303356014861419e-05,-4.035710043356196e-05,0.00014961882582685104,0.000490875428525766,20.00003989463765,331.45367431640625,241.1388397216797,0.018028385937213898
1082,216.4,-9.167678079769272e-06,-1.120015231005412e-05,0.00017113633376572207,0.0005614709292719317,20.000037609100314,333.2392883300781,241.13946533203125,0.017137931659817696
1083,216.6,-1.234092810975563e-06,-1.5076911871688453e-06,0.00018370476400007797,0.0006027059379220158,20.00003119746458,335.02490234375,241.1400909423828,0.016557645052671432
1084,216.8,1.874665137622533e-06,2.2902783986334486e-06,0.00019766575474405867,0.0006485097147944975,20.000024796644556,336.810546875,241.14071655273438,0.01641179248690605
1085,217.0,1.5674238386417353e-06,1.914921703668608e-06,0.00022408993525366224,0.0007352032231776252,20.000029070961727,338.5961608886719,241.14134216308594,0.01641179248690605
1086,217.2,1.3111201621688074e-06,1.601795502121632e-06,0.00023665836548801813,0.0007764382318277094,20.00003760914298,340.38177490234375,241.1419677734375,0.01641179248690605
1087,217.4,-5.348020077733434e-06,-6.533676128966937e-06,0.0002492163183440271,0.0008176388658758179,20.000041880337026,342.16741943359375,241.14259338378906,0.016550511121749878
1088,217.6,-2.7618714182711302e-06,-3.3741783117018397e-06,0.00025664547874866886,0.0008420127524977828,20.00003972210715,343.9530334472656,241.14321899414062,0.016424890607595444
1089,217.8,-3.8750229426145144e-07,-4.734115528992152e-07,0.00028960148959761143,0.0009501361511314274,20.0000290481679,345.7386779785156,241.1438446044922,0.016298355534672737
1090,218.0,-6.110831563527392e-05,-7.465602921161415e-05,0.00030216991983196724,0.0009913711597815114,20.0000247816837,347.5242919921875,241.14447021484375,0.016298355534672737
1091,218.2,7.068989503217691e-05,8.636184476081053e-05,0.0001163741039444706,0.0003818048151851769,20.00002880159993,349.3099060058594,241.1448974609375,0.014666274189949036
1092,218.4,5.966305393612879e-05,7.289035299376855e-05,7.147434696164182e-05,0.00023449589648563294,20.000033413924946,351.0955505371094,241.1454620361328,0.015867918729782104
1093,218.6,7.6091624687258816e-06,9.29611378804241e-06,8.046533438195772e-05,0.0002639938876537022,20.00003576422284,352.88116455078125,241.1460723876953,0.018108103424310684
1094,218.8,-1.370491040282259e-05,-1.6743289039128358e-05,9.303376461631363e-05,0.0003052288963037864,20.000031481674352,354.6667785644531,241.14669799804688,0.018956905230879784
1095,219.0,-1.4453819754426492e-05,-1.7658231593982845e-05,0.00010559171747232259,0.0003464295303518948,20.000033546251622,356.4524230957031,241.14732360839844,0.018714841455221176
1096,219.2,-5.404994799301578e-06,-6.603282146306738e-06,0.0001151952827635087,0.0003779372915018299,20.000029224539567,358.238037109375,241.14794921875,0.01820535585284233
1097,219.4,-1.0180182325692014e-06,-1.2437128747297934e-06,0.0001459873661042538,0.00047896119020948,20.000033477814707,360.0236511230469,241.14857482910156,0.01790834404528141
1098,219.6,-5.428160855665978e-06,-6.631584117367125e-06,0.00015854531896026278,0.0005201618242575885,20.00003774268332,361.8092956542969,241.14920043945312,0.01790834404528141
1099,219.8,-4.2823920633360345e-05,-5.231798383777633e-05,0.00017111374919461864,0.0005613968329076727,20.000033449955556,363.59490966796875,241.1498260498047,0.01766088977456093
1100,220.0,-1.7257517850100733e-06,-2.1083509557468066e-06,0.000174175006768119,0.0005714403292051155,20.000033261511454,365.3805236816406,241.1504364013672,0.016494104638695717
1101,220.2,1.0352114161873616e-05,1.2647177871560996e-05,0.00019624013228498354,0.0006438324756058653,20.000033290479234,367.1661682128906,241.15106201171875,0.016004528850317
1102,220.4,-1.2359931458687269e-06,-1.5100128263078237e-06,0.00020880856251933943,0.0006850674842559496,20.000037599597206,368.9517822265625,241.1516876220703,0.016230354085564613
1103,220.6,-1.0013785870075367e-06,-1.2233842197471075e-06,0.00022221169113758308,0.0007290410047518281,20.000033317047684,370.7374267578125,241.15231323242188,0.016230354085564613
1104,220.8,-8.102734989542583e-07,-9.899111336724174e-07,0.0002491937337729237,0.000817564769511559,20.00003331459768,372.5230407714844,241.15293884277344,0.016230354085564613
1105,221.0,-6.512423547569083e-07,-7.956227848065149e-07,0.00026176216400727956,0.0008587997781616431,20.000029045299826,374.30865478515625,241.153564453125,0.016230354085564613
1106,221.2,-4.170024011614335e-06,-5.094518334989233e-06,0.00027432011686328857,0.0009000004122097517,20.00002690966419,376.09429931640625,241.15419006347656,0.016230354085564613
1107,221.4,-1.274409035538127e-06,-1.5569455187169296e-06,0.0002811914151421933,0.0009225440424551135,20.000037558507106,377.8799133300781,241.15481567382812,0.016094310209155083
1108,221.6,-1.0038692969672121e-06,-1.2264271201048431e-06,0.0003147157654952198,0.001032532072067337,20.000043956385095,379.66552734375,241.1554412841797,0.016094310209155083
1109,221.8,-5.973617117266239e-05,-7.297968032164164e-05,0.0003272737183512287,0.0010737327061154452,20.00004181936607,381.451171875,241.15606689453125,0.01597519777715206
1110,222.0,7.255267908184583e-05,8.863760803429105e-05,0.0001262191143005126,0.0004141047189616938,20.000033049791146,383.2367858886719,241.15647888183594,0.014415174722671509
1111,222.2,7.143408121286642e-05,8.72710170177589e-05,5.025416329467968e-05,0.00016487586910371687,20.000024864494552,385.02239990234375,241.15701293945312,0.015678800642490387
1112,222.4,1.704732596428476e-05,2.0826718130566694e-05,4.453398024834147e-05,0.00014610886375796862,20.00002940585625,386.80804443359375,241.15760803222656,0.018244557082653046
1113,222.6,-8.169348654442429e-06,-9.980493251132316e-06,4.184362231947794e-05,0.000137282229850636,20.000033694076173,388.5936584472656,241.15821838378906,0.01946021243929863
1114,222.8,-1.473602838956226e-05,-1.8003005883528213e-05,5.440157517548689e-05,0.00017848286389874441,20.0000315100106,390.3793029785156,241.15884399414062,0.01946021243929863
1115,223.0,-1.139292568520534e-05,-1.3918737309615364e-05,7.870606634605966e-05,0.0002582220107108064,20.000029313267177,392.1649169921875,241.15948486328125,0.019011087715625763
1116,223.2,-4.372661819293067e-06,-5.3420809446303394e-06,0.00011005601197063755,0.0003610761663137465,20.00003140390958,393.9505310058594,241.1601104736328,0.018560590222477913
1117,223.4,-4.642588375862484e-06,-5.671850218791196e-06,0.00012261396482664654,0.00040227680036185505,20.0000335250103,395.7361755371094,241.16073608398438,0.01832009293138981
1118,223.6,-3.463566725516008e-05,-4.2314394685629064e-05,0.00013518239506100243,0.0004435118090119392,20.000027104760786,397.52178955078125,241.16136169433594,0.018147265538573265
1119,223.8,-8.815987693240374e-06,-1.0770492164831766e-05,0.00015294457855341334,0.0005017866911011806,20.00002907901683,399.3074035644531,241.1619873046875,0.01719794049859047
1120,224.0,5.224353088044953e-06,6.382592167664519e-06,0.00017556756631458668,0.0005760090942675486,20.000037603362333,401.0930480957031,241.16261291503906,0.016609180718660355
1121,224.2,4.254320520855135e-06,5.197503380328718e-06,0.00018813599654894257,0.0006172441029176327,20.000041897604792,402.878662109375,241.16323852539062,0.016609180718660355
1122,224.4,-5.268380741716682e-06,-6.43638075215527e-06,0.0002007044267832985,0.000658479111567717,20.000031243897496,404.6642761230469,241.1638641357422,0.01679125614464283
1123,224.6,-5.244694259748795e-06,-6.407442977135104e-06,0.00021191405801028,0.000695256118082447,20.000029082984128,406.4499206542969,241.16448974609375,0.01679125614464283
1124,224.8,2.7035754368553e-07,3.30295811120612e-07,0.00024108959803688276,0.0007909763968233265,20.0000290647315,408.23553466796875,241.1651153564453,0.016511350870132446
1125,225.0,-3.4662246707086535e-06,-4.234686680204762e-06,0.0002536580282712387,0.0008322114054734107,20.000039736687896,410.0211486816406,241.16574096679688,0.016511350870132446
1126,225.2,-8.165899619798392e-07,-9.976279565507696e-07,0.00025996098692748765,0.0008528904043511785,20.00004185366524,411.8067932128906,241.16636657714844,0.01637076772749424
1127,225.4,-6.37317862783374e-05,-7.78611232962448e-05,0.00028615257021763366,0.0009388207984728212,20.000039719692083,413.5924072265625,241.1669921875,0.01637076772749424
1128,225.6,8.223021015954205e-05,0.00010046064775191252,0.00010823690625897932,0.0003551079715307097,20.000028796347745,415.3780517578125,241.16741943359375,0.014650674536824226
1129,225.8,6.968384711458196e-05,8.513275601988478e-05,4.451139567723808e-05,0.0001460347673937098,20.000022797533692,417.1636657714844,241.16796875,0.016123918816447258
1130,226.0,-4.6137616659855406e-06,-5.636632627334535e-06,5.707982591159396e-05,0.00018726977604379392,20.00003159437782,418.94927978515625,241.16859436035156,0.018741469830274582
1131,226.2,-1.1295445139624687e-05,-1.3799645327079481e-05,3.994628561963308e-05,0.000131057371712317,20.000033637089913,420.73492431640625,241.169189453125,0.019382337108254433
1132,226.4,-1.6153506068716622e-05,-1.97347383641511e-05,9.746499716517826e-05,0.0003197670612994034,20.00003359387834,422.5205383300781,241.1698455810547,0.019083458930253983
1133,226.6,-6.674279379449524e-06,-8.153967117873484e-06,9.477463923631472e-05,0.0003109404273920708,20.000033525518276,424.30615234375,241.1704559326172,0.018547601997852325
1134,226.8,-1.4955997156126848e-06,-1.8271741725640172e-06,0.00010325200273958407,0.000338753300668137,20.000029240735863,426.091796875,241.17108154296875,0.018201051279902458
1135,227.0,-7.815991809378408e-07,-9.5487971935176e-07,0.00013515981048989897,0.00044343771264768016,20.000033504412865,427.8774108886719,241.1717071533203,0.01808358170092106
1136,227.2,-2.039137411970675e-06,-2.491214176204574e-06,0.00014772824072425492,0.00048467272129776453,20.00004203400656,429.66302490234375,241.17233276367188,0.01808358170092106
1137,227.4,-3.5187888355863454e-05,-4.298904320435838e-05,0.0001602861935802639,0.000525873355345873,20.000042024398173,431.44866943359375,241.17295837402344,0.01808358170092106
1138,227.6,-1.3982593762707475e-05,-1.7082534799899722e-05,0.0001728546238146198,0.0005671083639959572,20.000029062468535,433.2342834472656,241.173583984375,0.017046241089701653
1139,227.8,3.887774586738991e-06,4.749694212619025e-06,0.0001884233100343403,0.0006181867324930651,20.000024765253464,435.0198974609375,241.17420959472656,0.016319654881954193
1140,228.0,3.4570528902689405e-06,4.2234815160415645e-06,0.00021323979506820403,0.0006996056492515665,20.000026924206136,436.8055419921875,241.17483520507812,0.016319654881954193
1141,228.2,-1.5185154578469593e-06,-1.8551703348516302e-06,0.00022580822530255995,0.0007408406579016508,20.000037600364358,438.5911560058594,241.1754608154297,0.016319654881954193
1142,228.4,-1.3746649513328934e-06,-1.6794281710433958e-06,0.00023645999440380442,0.0007757874080397778,20.000041857149146,440.3768005371094,241.17608642578125,0.016319654881954193
1143,228.6,-1.2529063177667931e-06,-1.5306756484156911e-06,0.0002661933965561442,0.0008733379431572602,20.00004185275155,442.16241455078125,241.1767120361328,0.016319654881954193
1144,228.8,-1.1471807364629567e-06,-1.4015107057367942e-06,0.00027876182679050014,0.0009145729518073445,20.000037581676157,443.9480285644531,241.17733764648438,0.016319654881954193
1145,229.0,-4.188330158229655e-06,-5.1168829543091694e-06,0.0002913197796465091,0.0009557735858554528,20.000029044290592,445.7336730957031,241.17796325683594,0.016319654881954193
1146,229.2,-6.420283638399926e-05,-7.843660521033189e-05,0.00030388820988086495,0.000997008594505537,20.00003116011626,447.519287109375,241.1785888671875,0.01610986515879631
1147,229.4,8.356881509829174e-05,0.00010209602140558301,0.00010800826686015362,0.00035435784224546637,20.00002877543981,449.3049011230469,241.1790008544922,0.014400872401893139
1148,229.6,7.013122110539934e-05,8.567931282446638e-05,5.435640603328011e-05,0.00017833467117022673,20.00002704322055,451.0905456542969,241.17955017089844,0.015901857987046242
1149,229.8,7.715265219969506e-06,9.425739519236745e-06,3.640725994119714e-05,0.00011944639470547723,20.000029438170646,452.87615966796875,241.18014526367188,0.018544631078839302
1150,230.0,-1.1870685449087875e-05,-1.4502416413150658e-05,3.398489015541431e-05,0.00011149898701748948,20.000040079252315,454.6617736816406,241.18075561523438,0.019511377438902855
1151,230.2,-1.0214118047010408e-05,-1.2478588018032616e-05,6.1533643031562e-05,0.00020188203740366986,20.000040019471726,456.4474182128906,241.18138122558594,0.019324515014886856
1152,230.4,-8.54898866597014e-06,-1.044429945321572e-05,8.93608614291373e-05,0.0002931786886111708,20.0000335823141,458.2330322265625,241.18202209472656,0.01894308812916279
1153,230.6,-7.386894012967985e-06,-9.024568415642988e-06,0.00010191881428514629,0.00033437932265927933,20.00003354853488,460.0186767578125,241.18264770507812,0.01861039735376835
1154,230.8,-3.4751886702494033e-06,-4.245637998443696e-06,0.00010821315781502436,0.0003550300566858445,20.00002925228759,461.8042907714844,241.1832733154297,0.018324581906199455
1155,231.0,-3.2955407049066754e-05,-4.026162079184485e-05,0.00013440474110517036,0.00044096045080748716,20.000024974491215,463.58990478515625,241.18389892578125,0.01815141923725605
1156,231.2,-8.323374732953059e-06,-1.0168666911248751e-05,0.0001548724157730865,0.0005081116165649731,20.00003548806237,465.37554931640625,241.1845245361328,0.017256716266274452
1157,231.4,-1.1890129818623568e-06,-1.4526171599412412e-06,0.00016744084600744236,0.0005493466252150572,20.000037613148294,467.1611633300781,241.18515014648438,0.016698313876986504
1158,231.6,1.5832651315686772e-06,1.934275011237453e-06,0.00018245167002237805,0.0005985947370762188,20.000033345113827,468.94677734375,241.18577575683594,0.016562752425670624
1159,231.8,1.112222717179872e-06,1.3588024935786496e-06,0.00020782601726102663,0.0006818439104706666,20.00003335155711,470.732421875,241.1864013671875,0.016562752425670624
1160,232.0,7.257171086890779e-07,8.866085916854465e-07,0.00022039444749538255,0.0007230789191207509,20.00003335473648,472.5180358886719,241.18702697753906,0.016562752425670624
1161,232.2,-3.6081016098968046e-06,-4.408017736810926e-06,0.00023296287772973844,0.0007643139277708351,20.000029090401096,474.30364990234375,241.18765258789062,0.016562752425670624
1162,232.4,-3.4973604409256162e-06,-4.2727252506788254e-06,0.0002414211494792447,0.0007920641640574851,20.000039740236065,476.08929443359375,241.1882781982422,0.016562752425670624
1163,232.6,-1.2877469923607735e-06,-1.573240500567157e-06,0.0002733480489833227,0.0008968112130264444,20.000043994581375,477.8749084472656,241.18890380859375,0.016446221619844437
1164,232.8,-4.3228159849782255e-06,-5.281184288847898e-06,0.00028591647921767866,0.0009380462216765288,20.00004399154957,479.6605224609375,241.1895294189453,0.016446221619844437
1165,233.0,-6.010037644153034e-05,-7.342462989861762e-05,0.0002984744320736876,0.0009792468557246372,20.00003330656651,481.4461669921875,241.19015502929688,0.016245393082499504
1166,233.2,7.257989572650116e-05,8.867085860906647e-05,0.00011729541505093463,0.00038482748951570837,20.000022401399924,483.2317810058594,241.19058227539062,0.014641920104622841
1167,233.4,5.967195545188376e-05,7.290122797556639e-05,7.946020455254155e-05,0.0002606962175041604,20.000018487973566,485.0174255371094,241.19114685058594,0.015901127830147743
1168,233.6,8.066190514744565e-06,9.854464951863436e-06,7.6769846623678e-05,0.00025186958359682776,20.00002937036648,486.80303955078125,241.19175720214844,0.0181613527238369
1169,233.8,-1.7783414563828282e-05,-2.172599757262901e-05,8.933827685803393e-05,0.000293104592246912,20.000037890272537,488.5886535644531,241.1923828125,0.01902315951883793
1170,234.0,-1.1873461202857763e-05,-1.450580755153133e-05,9.99709534940845e-05,0.0003279887030615322,20.000037800515862,490.3742980957031,241.19300842285156,0.01868046447634697
1171,234.2,-3.642532677119319e-06,-4.450082171636672e-06,0.0001297234481116182,0.00042560187750252144,20.00002922906995,492.159912109375,241.19363403320312,0.018196452409029007
1172,234.4,-4.15163679637413e-06,-5.072054674130274e-06,0.0001422918783459741,0.0004668368861526056,20.000024954648158,493.9455261230469,241.1942596435547,0.017968913540244102
1173,234.6,7.525103679640855e-07,9.193419165417232e-07,0.00013275909420854877,0.00043556134664317516,20.000029202838668,495.7311706542969,241.1948699951172,0.01781570352613926
1174,234.8,-3.393813256282684e-05,-4.1462216552005545e-05,0.00015895067749869477,0.0005214917407648178,20.00004414288437,497.51678466796875,241.19549560546875,0.01781570352613926
1175,235.0,-8.960146545606142e-06,-1.0946611034767024e-05,0.00017998669167069487,0.0005905075375008826,20.000043984852116,499.3023986816406,241.1961212158203,0.016915660351514816
1176,235.2,5.336549791519315e-06,6.519662880299147e-06,0.00019254464452670382,0.000631708171548991,20.00003757552408,501.0880432128906,241.19674682617188,0.01633339188992977
1177,235.4,-6.130868039844899e-07,-7.490081484278513e-07,0.00020511307476105971,0.0006729431801990751,20.00002907026065,502.8736572265625,241.19737243652344,0.01633339188992977
1178,235.6,-5.736751173807401e-07,-7.008588909040502e-07,0.00021793040150330502,0.0007149947784681032,20.000031194323746,504.6592712402344,241.197998046875,0.01633339188992977
1179,235.8,-5.364760601598285e-07,-6.554128026972625e-07,0.000245498246014644,0.0008054404654546847,20.000024792566844,506.4449157714844,241.19862365722656,0.01633339188992977
1180,236.0,-4.385634997105404e-06,-5.357930275963672e-06,0.0002580666762489999,0.0008466754741047688,20.000026924016698,508.23052978515625,241.19924926757812,0.01633339188992977
1181,236.2,-4.003847329161221e-06,-4.891500282036264e-06,0.0002659733400889955,0.00087261597309758,20.000029038354732,510.01617431640625,241.1998748779297,0.01633339188992977
1182,236.4,8.054165748242351e-07,9.83977429462768e-07,0.00029843089274589026,0.0009791040101564267,20.000037557822843,511.8017883300781,241.20050048828125,0.016081737354397774
1183,236.6,-6.423833824459671e-05,-7.84799778334238e-05,0.00031099932298024623,0.0010203390188065111,20.00003756432421,513.58740234375,241.2011260986328,0.016081737354397774
1184,236.8,8.802696956338296e-05,0.00010754254871558497,0.00010993424155118314,0.0003606766570507837,20.000033041692088,515.373046875,241.2015380859375,0.014399288222193718
1185,237.0,6.528089000089373e-05,7.975366331409187e-05,4.621920834778882e-05,0.0001516378275157595,20.000029197815696,517.1586303710938,241.20208740234375,0.016018465161323547
1186,237.2,-1.46202973460336e-06,-1.786161726764925e-06,6.120092821991441e-05,0.000200790453341024,20.000031564670433,518.9442749023438,241.2027130126953,0.01858166791498661
1187,237.4,-1.904869902245668e-05,-2.3271795595735327e-05,8.659390222302618e-05,0.0002841007381693932,20.000033630064962,520.7299194335938,241.20333862304688,0.019262198358774185
1188,237.6,-1.4950072130215913e-05,-1.826450312148478e-05,9.915185507903514e-05,0.0003253013722175016,20.00003354434414,522.5155639648438,241.20396423339844,0.01879221387207508
1189,237.8,-4.376654517637286e-06,-5.346958824197472e-06,0.00010924785713712203,0.0003584247396097554,20.000035624468772,524.3011474609375,241.20458984375,0.018209299072623253
1190,238.0,-3.9940483205184746e-07,-4.879528833177421e-07,0.00013954750371096637,0.0004578330320750869,20.000027082538843,526.0867919921875,241.20521545410156,0.017930863425135612
1191,238.2,-1.6805520886945987e-06,-2.053130486758191e-06,0.00015210545656697534,0.0004990336661231954,20.000029215976454,527.8724365234375,241.20584106445312,0.017930863425135612
1192,238.4,-3.780051842571481e-06,-4.618089336069578e-06,0.00016468436417967818,0.0005403030493752553,20.000037740473214,529.6580200195312,241.2064666748047,0.017814649268984795
1193,238.6,-3.284401846811787e-05,-4.01255373624996e-05,0.00016198352887246772,0.000531442040865947,20.000037723694614,531.4436645507812,241.2070770263672,0.017697978764772415
1194,238.8,-8.49647925097391e-06,-1.0380148700914826e-05,0.00017913988713364785,0.0005877293073035572,20.000026909807616,533.2293090820312,241.20770263671875,0.016806112602353096
1195,239.0,5.132109914410219e-06,6.269898682434964e-06,0.00020237917750439888,0.000663973700723532,20.000024767805638,535.014892578125,241.2083282470703,0.016244525089859962
1196,239.2,-4.668999076913437e-07,-5.704116172265146e-07,0.00021493713036040786,0.0007051743347716406,20.000033327570236,536.800537109375,241.20895385742188,0.016244525089859962
1197,239.4,-3.400240795429103e-07,-4.154074179775735e-07,0.00022718681605085546,0.0007453635935722886,20.000039719217142,538.586181640625,241.20957946777344,0.016244525089859962
1198,239.6,-2.4039769857522587e-07,-2.936938683493534e-07,0.0002553327789923391,0.0008377059946292258,20.000039718382926,540.3717651367188,241.210205078125,0.016244525089859962
1199,239.8,-1.5360841387613173e-07,-1.8766339923247012e-07,0.00026789073184834805,0.0008789066286773342,20.000039717603325,542.1574096679688,241.21083068847656,0.016244525089859962
1200,240.0,-3.503359084106535e-06,-4.280053793052954e-06,0.000280448684704357,0.0009201072627254426,20.000037583777367,543.9430541992188,241.21145629882812,0.016244525089859962
1201,240.2,-3.153369922367367e-06,-3.852472034156212e-06,0.00028617678460320925,0.000938900241997593,20.00003330179322,545.7286376953125,241.2120819091797,0.016244525089859962
1202,240.4,-6.346090872664232e-05,-7.753019219133892e-05,0.0003123581233456117,0.0010247970253972167,20.000035424339835,547.5142822265625,241.21270751953125,0.01606476865708828
1203,240.6,8.319083121735225e-05,0.00010163423849823925,0.0001197792519072252,0.00039297656082730074,20.000028775268692,549.2999267578125,241.21311950683594,0.014384690672159195
1204,240.8,6.381985130035315e-05,7.796871233364144e-05,5.6064218703830854e-05,0.00018393773129227642,20.000024907177867,551.0855102539062,241.2136688232422,0.015884805470705032
1205,241.0,6.033713680770484e-06,7.3713880037973e-06,5.522928820795209e-05,0.00018119845792417754,20.000029402059365,552.8711547851562,241.2142791748047,0.0183600801974535
1206,241.2,-1.0773895458404094e-05,-1.3162468081532282e-05,6.592133625262935e-05,0.00021627735683107645,20.00003577465014,554.6567993164062,241.2148895263672,0.01921764574944973
1207,241.4,-9.07886688893804e-06,-1.1091651678215603e-05,7.850024386533218e-05,0.0002575467400831364,20.000039989097086,556.4423828125,241.21551513671875,0.019038455560803413
1208,241.6,-8.018507892933548e-06,-9.796211092796916e-06,9.105819672134113e-05,0.00029874737413124484,20.00004422329483,558.22802734375,241.2161407470703,0.018696842715144157
1209,241.8,-3.6303883546659232e-06,-4.435245452895358e-06,9.893997946207542e-05,0.0003246062422183555,20.000037791449913,560.013671875,241.21676635742188,0.01838947832584381
1210,242.0,-1.6973961565066662e-06,-2.073708884404194e-06,0.0001314538453532724,0.0004312790339888302,20.000029246860755,561.7992553710938,241.21739196777344,0.018206147477030754
1211,242.2,-3.522599436849103e-05,-4.30355973199855e-05,0.00014401179820928137,0.0004724796680369387,20.000029240838153,563.5848999023438,241.218017578125,0.018206147477030754
1212,242.4,-1.4217767454878578e-05,-1.736984649962516e-05,0.00015656975106529032,0.0005136803020850471,20.000026943196218,565.3705444335938,241.21864318847656,0.017186500132083893
1213,242.6,4.272099923744179e-06,5.219224476838264e-06,0.00017316824712168552,0.0005681373118867107,20.00003331126326,567.1561889648438,241.21926879882812,0.016454072669148445
1214,242.8,3.5935595026847648e-06,4.390251644429977e-06,0.00019696539969722148,0.0006462119619426322,20.00003973901468,568.9417724609375,241.2198944091797,0.016454072669148445
1215,243.0,3.04009590498957e-06,3.7140851671257575e-06,0.00020952335255323046,0.0006874125959907406,20.000041882237735,570.7274169921875,241.22052001953125,0.016454072669148445
1216,243.2,-5.773113633407301e-06,-7.0530129259337e-06,0.0002220813054092394,0.000728613230038849,20.00002909279004,572.5130615234375,241.2211456298828,0.016641711816191673
1217,243.4,-3.225669774047039e-06,-3.9408007629532674e-06,0.00023215821567403928,0.0007616739603120151,20.000035464450903,574.2986450195312,241.22177124023438,0.016524970531463623
1218,243.6,-4.3626900221559626e-07,-5.32989840006794e-07,0.00026247695404117065,0.0008611448898964343,20.000035455647776,576.0842895507812,241.22239685058594,0.016383184120059013
1219,243.8,-3.771499750595935e-06,-4.607641245303054e-06,0.0002750349068971796,0.0009023455239445427,20.00003758929653,577.8699340820312,241.2230224609375,0.016383184120059013
1220,244.0,-8.669837842383003e-07,-1.0591940892039314e-06,0.0002802051445912469,0.0009193082465807465,20.00002903939241,579.655517578125,241.22364807128906,0.016230277717113495
1221,244.2,-6.018614195535231e-05,-7.352940962685391e-05,0.00030638648333364943,0.0010052050299803703,20.000029038676562,581.441162109375,241.22427368164062,0.016230277717113495
1222,244.4,7.300335597022874e-05,8.918819998882845e-05,0.00012962426226326718,0.0004252764646038175,20.000024530662944,583.226806640625,241.22470092773438,0.014595691114664078
1223,244.6,5.9806642622220583e-05,7.306577529156689e-05,8.116801722309232e-05,0.00026629927762621017,20.0000227517394,585.0123901367188,241.2252655029297,0.015866663306951523
1224,244.8,2.9939075967593975e-06,3.657656910960956e-06,7.846718191588183e-05,0.00025743826911690175,20.000029367507867,586.7980346679688,241.2258758544922,0.018134796991944313
1225,245.0,-1.4913622254070163e-05,-1.8219972307797518e-05,9.069777514113557e-05,0.00029756488859404324,20.000037861215755,588.5836791992188,241.22650146484375,0.018866943195462227
1226,245.2,-9.580543216220644e-06,-1.170454964725676e-05,0.00011886283054781308,0.00038996992897448706,20.00003779189093,590.3692626953125,241.2271270751953,0.018546318635344505
1227,245.4,-6.825924706011714e-06,-8.339232213334512e-06,0.00013142078340382202,0.00043117056302259543,20.000031361568773,592.1549072265625,241.22775268554688,0.01814703829586506
1228,245.6,-2.549253452018615e-06,-3.114422942331142e-06,0.0001387447040583432,0.0004551991748627747,20.000029203083226,593.9405517578125,241.22837829589844,0.017863092944025993
1229,245.8,-0.0026099588054415215,-0.003188586672607907,0.00017181643203575324,0.0005637022228801807,20.000024929360734,595.7261352539062,241.22900390625,0.017720600590109825
1230,246.0,-0.003680061092172009,-0.0044959306363065435,-0.0016771977710210082,-0.005502617535076564,19.99998089158166,597.5117797851562,241.22776794433594,-0.049896229058504105
1231,246.2,-0.02156907051770004,-0.026350933451474136,-0.0027593156571172313,-0.009052873180496497,19.999951906523975,599.2974243164062,241.22303771972656,-0.1720886081457138
1232,246.4,-0.033606100775078265,-0.04105657331691312,-0.0036613454570867243,-0.012012288629428408,19.996852268641934,601.0828247070312,241.20236206054688,-0.7667847275733948
1233,246.6,-0.03422127694441328,-0.0418081340429897,-0.0032246306151221243,-0.01057949710731727,19.99317579349898,602.8671875,241.15049743652344,-1.852050542831421
1234,246.8,-0.03070017523030043,-0.03750640407885804,-0.006732953808852255,-0.022089744174234833,19.994686782076677,604.6500854492188,241.06138610839844,-3.085052728652954
1235,247.0,-0.028563864259528903,-0.03489647296586646,-0.012964331130234551,-0.042533896145318724,19.999815632524058,606.4312133789062,240.9362030029297,-4.242157936096191
1236,247.2,-0.02843838831277045,-0.03474317900171166,-0.019513508789405158,-0.06402070017663201,20.003595967724237,608.2099609375,240.77735900878906,-5.310243606567383
1237,247.4,-0.029124987594439534,-0.03558199734412678,-0.02531580454112653,-0.08305710417070956,20.003304517896794,609.9857177734375,240.58596801757812,-6.351719379425049
1238,247.6,-0.029512251344119108,-0.03605511746711031,-0.006933537388225913,-0.022747826804787104,20.000113936328002,611.7575073242188,240.36195373535156,-7.408056735992432
1239,247.8,-0.03056117584075542,-0.037336588524650896,-0.006672433822942386,-0.021891187783662298,19.997203721939055,613.5245971679688,240.10491943359375,-8.480905532836914
1240,248.0,-0.03057166466717955,-0.037349402723893255,-0.0072863985440671936,-0.02390550779931741,19.996458301350728,615.2861328125,239.81407165527344,-9.58466911315918
1241,248.2,-0.030076091158306208,-0.036743960568102696,-0.009189728488679563,-0.03015002881479946,19.998225781974604,617.041748046875,239.4890594482422,-10.699601173400879
1242,248.4,-0.029755034450842315,-0.03635172558859406,-0.012071576744218656,-0.039604911845502334,20.000752870944304,618.791015625,239.13023376464844,-11.80272102355957
1243,248.6,-0.02972507738613772,-0.03631512704264445,-0.015553666298819137,-0.05102909053981778,20.0019841868824,620.5332641601562,238.7381134033203,-12.892748832702637
1244,248.8,-0.02982974547700494,-0.036443000049256935,-0.01950138426592264,-0.06398092155500965,20.001299842745528,622.267822265625,238.3130340576172,-13.978534698486328
1245,249.0,-0.029905036901707687,-0.03653498358281628,-0.02401654817348048,-0.0787944519094817,19.999681871289734,623.9938354492188,237.85511779785156,-15.06639575958252
1246,249.2,-0.029982301046300907,-0.03662937718826582,-0.005925635901052995,-0.01944106328961071,19.998581632263186,625.7105712890625,237.36444091796875,-16.157148361206055
1247,249.4,-0.030175140081607637,-0.03686496863770005,-0.006225525122104086,-0.02042495184160397,19.998692585194526,627.4176635742188,236.84109497070312,-17.250680923461914
1248,249.6,-0.030138116446722065,-0.03681973686296035,-0.007253345580855913,-0.023797066315495316,19.999608386677753,629.114501953125,236.2852020263672,-18.349950790405273
1249,249.8,-0.029959509474895864,-0.03660153272548028,-0.009187510206710672,-0.030142750986584643,20.000530781658345,630.8004760742188,235.69677734375,-19.4503173828125
1250,250.0,-0.029829080449244098,-0.036442187584841516,-0.011928033106426882,-0.039133968136889574,20.000816834429248,632.474853515625,235.07614135742188,-20.54589080810547
1251,250.2,-0.0298229117411998,-0.036434651274223795,-0.01525674728259327,-0.050054946754623304,20.000438534410584,634.1371459960938,234.4237518310547,-21.636335372924805
1252,250.4,-0.029880141872950558,-0.0365045693261837,-0.01911713444872057,-0.06272025938474039,19.999803325363686,635.7867431640625,233.73989868164062,-22.725200653076172
1253,250.6,-0.033595174607668796,-0.04104322481818897,-0.023552441484672948,-0.07727179212057439,19.999451315664516,637.4230346679688,233.0248260498047,-23.815343856811523
1254,250.8,-0.035337925774503044,-0.043172343918710374,-0.008225064708569763,-0.026985121298464018,19.998316194730016,639.0442504882812,232.2765350341797,-25.00055694580078
1255,251.0,-0.06352105136392601,-0.07760366845130841,-0.00918940897769821,-0.030148980550391394,19.997986547275747,640.648681640625,231.49302673339844,-26.26765251159668
1256,251.2,-0.08222062701796262,-0.10044894002784494,-0.011647459757274825,-0.038213451870057535,19.98278520120996,642.2257080078125,230.65809631347656,-28.262500762939453
1257,251.4,-0.0838999780033895,-0.10250060312674095,-0.01366681718773411,-0.04483864050220558,19.968916379258097,643.7615966796875,229.7529296875,-31.00410270690918
1258,251.6,-0.07931047133738754,-0.09689360283288637,-0.02265654878317766,-0.0743325115098006,19.97623967931057,645.2491455078125,228.77064514160156,-33.98783874511719
1259,251.8,-0.07609945621420434,-0.09297070565689344,-0.037741092374506874,-0.12382248550597713,19.997400396897863,646.6863403320312,227.71343994140625,-36.88747024536133
1260,252.0,-0.07545289438303898,-0.09218080106775872,-0.055505563183323225,-0.18210487191437416,20.012899325898445,648.0717163085938,226.58631896972656,-39.66639709472656
1261,252.2,-0.07739581582216885,-0.09455446818994369,-0.009438947225184291,-0.03096767561427363,20.012078922867822,649.402099609375,225.3939208984375,-42.39634704589844
1262,252.4,-0.07776461289535747,-0.09500502757425822,-0.011958769741970687,-0.03923481012024711,19.998522355934604,650.6727905273438,224.13926696777344,-45.16535186767578
1263,252.6,-0.07736428343733477,-0.09451594507539189,-0.01717361819408625,-0.05634389351588593,19.98698177365827,651.8799438476562,222.8251190185547,-47.96055221557617
1264,252.8,-0.0770884282444173,-0.09417893278620462,-0.025088038856365784,-0.08230984140151912,19.986224191776273,653.021484375,221.45411682128906,-50.74982833862305
1265,253.0,-0.07707627342203714,-0.09416408323970278,-0.03529730307530608,-0.11580480382158721,19.99436594787732,654.0953979492188,220.02902221679688,-53.52878189086914
1266,253.2,-0.07715535700667993,-0.09426069965506087,-0.04769755962731703,-0.15648806152768682,20.003287016601444,655.0994262695312,218.5529022216797,-56.30552673339844
1267,253.4,-0.07723811657085207,-0.09436180701460997,-0.06230880584442888,-0.20442522256663606,20.00633046949641,656.0309448242188,217.02938842773438,-59.08488845825195
1268,253.6,-0.07979639017920223,-0.09748724988193137,-0.008935302444766036,-0.0293152976728862,20.002849846378705,656.8875732421875,215.4624786376953,-61.86712646484375
1269,253.8,-0.07826864418725969,-0.09562080260357517,-0.011781602124209672,-0.03865355151319206,19.995198812741457,657.6654052734375,213.85568237304688,-64.7128677368164
1270,254.0,-0.07673016292942986,-0.09374124005088445,-0.01857388426550302,-0.06093794245363293,19.99333025152558,658.3626708984375,212.2127685546875,-67.54551696777344
1271,254.2,-0.07642804731290868,-0.09337214540218054,-0.02815042856967083,-0.09235705206851884,19.997111049030117,658.9790649414062,210.53775024414062,-70.32635498046875
1272,254.4,-0.07682161977566127,-0.09385297287992536,-0.039366884419320666,-0.12915644907828402,20.001808219210915,659.5142211914062,208.83460998535156,-73.08418273925781
1273,254.6,-0.07718756255375675,-0.09430004517192463,-0.052296716689062314,-0.1715771599821432,20.003451205657658,659.9666748046875,207.10739135742188,-75.8483657836914
1274,254.8,-0.07736503726622394,-0.0945168660281458,-0.06720946466712338,-0.22050350005848507,20.001627898976636,660.3350830078125,205.3602752685547,-78.6253662109375
1275,255.0,-0.08011966360912015,-0.09788219303126208,-0.008957815057249421,-0.029389157952426193,19.99867684533928,660.6181030273438,203.59751892089844,-81.41032409667969
1276,255.2,-0.0737264162301848,-0.09007156270841678,-0.01294088431392695,-0.042456970892504095,19.99497407445873,660.8130493164062,201.82334899902344,-84.26504516601562
1277,255.4,-0.03643272862105568,-0.044509864556343724,-0.019005039671003376,-0.062352494354214714,20.00041251724386,660.9229736328125,200.0415802001953,-86.9886474609375
1278,255.6,-0.003944115744343428,-0.004818526204864366,-0.0015123711342144505,-0.004961847711976138,20.021984798556314,660.9739990234375,198.25546264648438,-88.7144775390625
1279,255.8,0.017323305272196585,0.021163882051042568,-0.006574366219362096,-0.02156944366713194,20.02995621424531,661.0025024414062,196.46739196777344,-89.2320556640625
